BIN,total_violations,total_class1,last_issue_date
1000005,2,0,2025-01-08
1000007,10,7,2026-09-02
1000009,4,2,2026-07-07
1000018,1,1,2025-02-12
1000024,5,4,2026-08-21
1000027,1,0,2026-04-03
1000040,2,1,2026-08-05
1000042,4,2,2026-01-23
1000043,1,1,2026-06-11
1000045,3,1,2026-04-20
1000047,2,2,2026-08-14
1000053,1,1,2025-03-25
1000055,1,1,2025-03-25
1000060,13,9,2026-02-02
1000301,1,0,2025-07-01
1000793,11,3,2026-09-02
1000794,1,1,2025-05-19
1000803,1,1,2026-03-30
1000804,1,0,2025-10-03
1000806,2,1,2026-08-19
1000807,3,3,2025-04-25
1000808,3,2,2025-09-17
1000809,4,2,2026-08-20
1000810,6,4,2026-02-05
1000811,10,3,2026-07-27
1000812,6,3,2025-04-08
1000816,1,1,2026-01-08
1000821,1,0,2025-04-02
1000824,3,1,2025-07-09
1000825,3,2,2026-07-18
1000826,2,1,2025-09-17
1000827,2,0,2026-06-01
1000828,1,1,2025-01-10
1000830,3,0,2026-03-04
1000832,1,0,2026-04-24
1000835,2,0,2026-08-16
1000849,1,0,2026-06-10
1000854,2,0,2026-04-20
1000855,5,0,2025-11-15
1000858,4,4,2026-04-09
1000859,2,1,2026-08-12
1000863,19,14,2026-09-02
1000867,5,0,2025-06-01
1000868,11,7,2026-08-06
1000871,6,0,2025-05-28
1000874,4,1,2026-01-30
1000876,2,1,2026-07-07
1000877,6,3,2026-08-19
1000880,1,1,2025-05-30
1000884,6,5,2025-04-09
1001003,8,6,2026-05-05
1001004,7,1,2026-06-14
1001005,1,0,2025-03-25
1001006,13,7,2026-08-19
1001007,1,0,2025-02-19
1001011,3,0,2025-11-28
1001013,2,0,2026-02-12
1001015,11,4,2026-08-31
1001020,3,0,2026-01-08
1001022,1,0,2025-02-18
1001023,3,0,2026-06-11
1001025,1,0,2025-04-10
1001026,1,0,2026-06-14
1001029,1,0,2026-04-20
1001031,2,0,2025-04-08
1001033,9,2,2026-05-22
1001035,1,0,2025-04-08
1001037,10,0,2026-06-12
1001038,9,1,2026-05-21
1001042,1,0,2026-08-27
1001043,2,1,2025-03-06
1001046,6,1,2026-01-02
1001051,2,1,2026-08-13
1001052,1,0,2026-04-20
1001053,7,2,2026-08-13
1001060,1,0,2025-06-18
1001064,1,1,2025-09-17
1001068,7,5,2025-06-06
1001069,1,0,2025-02-12
1001079,2,1,2025-08-01
1001086,5,2,2025-06-10
1001087,2,1,2025-08-11
1001090,6,0,2026-06-11
1001094,13,7,2025-08-13
1001096,2,0,2025-07-29
1001098,1,1,2026-06-02
1001099,8,1,2026-08-19
1001103,2,2,2026-05-21
1001113,4,0,2026-04-09
1001115,2,0,2025-10-07
1001126,2,0,2025-01-08
1001127,26,7,2026-09-01
1001131,2,1,2026-04-20
1001137,3,0,2026-07-15
1001139,2,1,2026-02-17
1001142,1,0,2025-04-08
1001163,1,0,2025-12-23
1001172,1,0,2025-05-09
1001176,3,0,2025-10-09
1001178,1,0,2025-01-13
1001184,1,1,2026-01-14
1001205,6,4,2026-04-20
1001215,7,3,2025-11-14
1001216,6,6,2025-07-28
1001227,3,0,2025-03-28
1001228,1,0,2025-04-10
1001234,1,1,2026-05-20
1001235,3,2,2026-05-20
1001236,1,1,2026-05-20
1001237,2,1,2026-08-11
1001242,2,1,2025-08-11
1001244,1,1,2025-01-08
1001245,38,27,2026-07-23
1001249,2,0,2025-07-23
1001258,2,1,2025-03-25
1001264,3,0,2026-06-23
1001268,3,0,2025-07-14
1001271,2,0,2026-07-27
1001276,1,0,2025-11-24
1001277,1,1,2026-05-08
1001278,1,1,2026-05-08
1001279,4,1,2025-11-01
1001286,1,0,2025-07-30
1001289,1,0,2025-01-13
1001322,1,0,2025-05-20
1001324,11,3,2026-08-25
1001325,1,0,2025-08-11
1001330,1,0,2025-02-11
1001352,1,0,2025-04-08
1001355,1,1,2026-07-18
1001357,12,2,2026-04-20
1001362,3,3,2025-07-01
1001363,4,0,2026-06-12
1001375,1,0,2026-04-21
1001382,1,1,2025-01-13
1001388,7,0,2026-06-05
1001392,1,1,2026-08-06
1001406,2,0,2026-03-19
1001416,4,3,2026-04-03
1001419,2,1,2025-04-15
1001420,1,0,2026-05-27
1001434,5,2,2026-07-16
1001466,1,0,2025-03-03
1001472,6,4,2026-04-08
1001474,1,0,2026-08-03
1001487,3,1,2026-04-20
1001498,1,0,2025-02-25
1001511,6,3,2026-06-05
1001520,1,0,2025-11-13
1001528,6,2,2025-09-24
1001536,1,1,2025-12-09
1001543,1,0,2025-11-18
1001547,1,0,2025-11-18
1001551,2,0,2026-07-22
1001562,1,1,2025-07-03
1001565,1,0,2026-01-09
1001569,1,0,2025-07-01
1001571,1,0,2026-05-07
1001584,7,5,2025-11-24
1001591,6,0,2026-04-09
1001596,2,1,2026-05-20
1001607,2,0,2025-06-03
1001622,1,1,2025-05-08
1001626,7,3,2026-05-08
1001627,3,0,2025-12-15
1001629,2,0,2026-07-16
1001630,4,2,2026-08-24
1001631,1,0,2025-04-04
1001632,4,2,2026-08-11
1001635,7,1,2026-04-20
1001642,6,6,2026-08-04
1001649,10,3,2026-06-25
1001670,6,0,2026-06-10
1001672,5,3,2026-04-29
1001685,1,1,2025-04-04
1001692,1,0,2025-08-04
1001695,1,1,2025-12-15
1001696,1,0,2026-05-12
1001700,1,0,2026-04-06
1001705,1,0,2025-10-03
1001706,1,0,2026-03-18
1001707,1,0,2026-04-07
1001716,2,2,2025-09-29
1001724,3,0,2025-09-19
1001781,4,3,2026-01-12
1001786,1,0,2026-04-23
1001787,1,0,2025-01-29
1001790,6,2,2025-10-10
1001803,1,0,2026-04-13
1001817,1,0,2026-04-23
1001831,3,0,2025-05-07
1001867,2,0,2026-07-22
1001870,1,0,2025-04-08
1001874,1,0,2025-07-01
1001877,6,0,2025-09-18
1001891,1,1,2026-04-07
1001894,6,5,2026-08-17
1001904,7,1,2026-09-10
1001906,1,0,2025-08-22
1001926,2,1,2026-07-16
1001937,3,3,2025-08-25
1001940,1,1,2025-03-25
1001962,1,0,2025-01-08
1001971,8,1,2026-07-28
1001983,1,0,2026-02-25
1002008,1,1,2026-05-11
1002030,2,0,2025-05-13
1002033,2,0,2025-11-13
1002120,1,1,2025-04-03
1002140,1,0,2026-04-10
1002141,6,2,2026-08-26
1002171,5,5,2026-06-02
1002178,2,2,2025-10-31
1002197,3,0,2025-02-04
1002198,1,0,2026-08-19
1002220,1,1,2026-05-07
1002287,10,6,2026-08-12
1002294,6,0,2026-06-01
1002295,1,0,2025-03-10
1002317,3,2,2026-07-08
1002319,10,4,2026-07-22
1002320,1,1,2025-04-15
1002323,1,0,2026-04-20
1002343,2,1,2025-07-30
1002356,1,1,2026-09-04
1002358,2,0,2025-09-18
1002362,1,0,2025-11-18
1002366,1,0,2025-01-30
1002374,1,0,2025-07-30
1002377,2,1,2025-09-09
1002382,3,1,2026-04-20
1002384,1,0,2026-03-19
1002385,6,5,2026-01-06
1002397,4,0,2025-12-18
1002412,1,1,2025-04-09
1002423,4,3,2025-07-30
1002434,11,8,2026-05-12
1002606,1,0,2026-06-20
1002608,10,3,2026-06-10
1002610,2,1,2025-11-05
1002614,1,1,2026-04-17
1002615,1,1,2026-06-16
1002618,2,0,2025-04-21
1002621,2,2,2026-06-15
1002622,3,2,2025-09-24
1002623,2,2,2026-04-21
1002624,1,1,2026-04-21
1002625,1,0,2025-10-27
1002630,3,3,2026-06-25
1002639,1,0,2025-10-15
1002640,3,2,2026-03-31
1002655,8,8,2026-06-25
1002656,1,1,2026-08-26
1002657,4,3,2026-04-08
1002658,5,1,2026-06-25
1002662,1,1,2025-03-27
1002665,2,2,2025-11-06
1002668,5,2,2025-11-18
1002683,1,1,2025-04-24
1002687,2,0,2025-12-01
1002688,1,0,2025-10-08
1002689,3,2,2026-05-05
1002690,1,0,2025-11-03
1002691,3,2,2025-12-05
1002692,3,3,2025-12-05
1002704,6,6,2026-08-26
1002707,1,1,2026-07-09
1002719,9,1,2026-08-26
1002736,1,0,2025-04-08
1002738,1,1,2025-08-08
1002804,1,0,2025-08-05
1002805,5,4,2026-08-04
1002832,1,1,2025-03-06
1002836,2,1,2025-11-08
1002847,1,1,2025-07-09
1002859,1,1,2025-07-15
1002901,3,2,2026-09-09
1002905,2,2,2026-01-05
1002940,2,2,2026-02-07
1002945,1,0,2025-04-24
1002949,1,1,2026-01-30
1002960,2,1,2026-04-27
1002977,1,0,2026-09-01
1002981,2,0,2026-06-16
1002993,1,1,2026-02-05
1003005,3,2,2026-05-01
1003010,8,7,2026-04-07
1003011,1,0,2025-05-16
1003018,4,4,2026-04-14
1003027,1,1,2026-09-03
1003032,6,5,2026-03-24
1003033,2,0,2025-04-24
1003034,2,0,2026-02-25
1003049,20,0,2026-05-13
1003052,1,0,2025-08-11
1003060,4,3,2026-04-21
1003065,8,5,2026-05-19
1003077,1,0,2025-07-28
1003081,2,0,2026-03-11
1003083,1,0,2025-02-05
1003085,8,4,2026-08-21
1003086,10,0,2026-06-29
1003099,1,1,2025-04-25
1003100,1,0,2025-04-25
1003105,1,0,2026-05-22
1003125,9,1,2025-10-14
1003128,6,2,2026-07-21
1003132,1,0,2025-08-05
1003136,2,2,2026-03-27
1003139,1,0,2025-04-08
1003141,2,1,2025-07-05
1003143,5,0,2026-06-30
1003211,1,1,2025-05-16
1003212,1,0,2026-07-17
1003214,12,0,2026-07-06
1003215,3,1,2026-01-06
1003221,2,1,2026-06-05
1003223,4,0,2026-07-08
1003234,1,1,2025-12-13
1003248,5,0,2026-07-06
1003266,4,4,2026-04-03
1003267,7,7,2026-04-03
1003269,14,10,2026-01-15
1003275,1,1,2026-06-17
1003278,6,3,2025-12-12
1003282,2,1,2026-02-06
1003285,1,0,2025-04-21
1003288,1,0,2025-03-11
1003293,2,2,2025-05-23
1003300,1,0,2025-04-21
1003305,3,2,2025-04-21
1003312,2,1,2025-12-29
1003313,1,1,2025-05-27
1003327,2,0,2026-07-13
1003331,2,0,2026-08-08
1003333,1,1,2025-04-25
1003338,6,5,2025-07-24
1003340,13,13,2026-02-06
1003345,2,1,2026-04-20
1003354,4,0,2025-01-17
1003371,1,1,2026-08-22
1003375,1,0,2026-07-08
1003379,1,0,2025-04-04
1003388,7,2,2026-06-30
1003397,1,1,2026-06-21
1003412,2,0,2025-10-02
1003422,5,2,2026-02-27
1003424,1,0,2026-04-06
1003427,1,0,2026-04-06
1003429,1,1,2026-04-17
1003430,1,0,2025-01-29
1003481,1,0,2025-04-08
1003487,2,0,2026-04-06
1003493,1,0,2026-04-06
1003494,12,11,2025-01-16
1003510,3,0,2026-04-21
1003511,3,0,2026-04-21
1003513,1,0,2025-10-08
1003520,1,1,2026-05-04
1003521,4,2,2025-06-20
1003528,1,0,2025-08-06
1003541,5,0,2026-08-12
1003548,1,0,2025-04-08
1003561,1,1,2025-03-18
1003600,1,0,2025-10-02
1003601,1,0,2025-10-16
1003625,6,4,2025-11-12
1003627,1,0,2025-11-13
1003656,5,2,2026-08-24
1003703,3,1,2026-07-10
1003731,1,1,2026-02-18
1003732,1,1,2025-12-02
1003736,2,0,2026-07-09
1003739,1,1,2026-06-11
1003744,1,1,2025-12-05
1003768,3,2,2025-08-22
1003770,5,4,2025-06-12
1003789,1,1,2026-05-12
1003802,3,1,2025-10-08
1003803,4,3,2025-11-24
1003805,1,0,2026-03-16
1003813,1,0,2025-10-07
1003818,19,7,2026-02-20
1003823,1,1,2026-03-11
1003845,3,1,2026-07-09
1003861,5,3,2026-05-13
1003871,4,4,2025-08-22
1003882,1,1,2025-03-05
1003886,1,1,2026-03-03
1003890,2,1,2025-10-02
1003891,1,1,2025-10-02
1003896,3,0,2025-12-03
1003905,1,0,2025-04-08
1003920,1,0,2026-04-08
1003923,1,1,2025-11-21
1003927,1,0,2025-04-01
1003930,4,1,2025-11-26
1003931,18,15,2026-05-30
1003933,1,0,2026-04-22
1003935,2,1,2025-10-08
1003939,4,3,2025-12-04
1003946,1,0,2026-04-17
1003950,1,1,2025-03-05
1003952,2,0,2025-12-19
1003978,5,4,2026-05-11
1003982,1,0,2025-11-07
1003998,7,0,2026-07-15
1004004,2,1,2026-08-05
1004006,2,0,2025-07-22
1004009,8,5,2025-08-21
1004016,1,0,2025-12-04
1004023,1,0,2025-10-08
1004029,3,2,2026-08-25
1004045,1,1,2025-10-22
1004046,5,3,2026-02-03
1004053,3,2,2025-11-17
1004054,2,2,2025-10-03
1004055,1,1,2025-11-30
1004062,10,0,2026-07-21
1004064,2,2,2025-03-05
1004065,1,0,2025-04-08
1004066,4,0,2026-09-08
1004069,2,0,2025-09-29
1004070,4,0,2026-07-21
1004077,1,0,2026-04-20
1004080,1,0,2025-08-05
1004081,8,5,2026-05-18
1004086,1,0,2025-04-08
1004091,1,0,2025-07-02
1004094,12,11,2026-01-22
1004113,1,0,2025-07-01
1004125,9,2,2026-02-12
1004126,1,1,2025-02-14
1004167,1,0,2025-06-18
1004173,2,2,2025-09-23
1004175,2,0,2026-03-03
1004177,3,3,2025-07-24
1004191,3,1,2025-09-25
1004193,1,1,2025-04-22
1004198,1,0,2025-12-01
1004204,3,2,2025-11-12
1004216,2,0,2025-12-11
1004219,20,14,2026-07-10
1004231,1,1,2025-05-01
1004233,1,0,2025-11-10
1004235,1,1,2025-11-07
1004250,1,1,2025-10-23
1004257,12,5,2026-08-06
1004266,1,0,2025-12-11
1004269,1,0,2025-10-07
1004276,6,5,2025-09-16
1004277,1,1,2025-02-10
1004301,3,2,2025-05-14
1004302,1,0,2025-04-08
1004304,1,1,2025-04-22
1004305,1,0,2025-09-18
1004313,11,8,2026-08-24
1004323,6,0,2026-07-23
1004349,9,0,2026-08-07
1004353,2,1,2025-10-14
1004357,5,0,2025-12-23
1004360,1,1,2026-02-27
1004369,15,8,2025-12-22
1004376,1,0,2025-07-21
1004377,1,0,2025-03-24
1004379,2,0,2025-08-21
1004380,2,1,2025-08-21
1004386,3,3,2026-06-26
1004389,1,0,2025-04-08
1004415,2,0,2026-08-04
1004420,1,1,2026-02-11
1004442,1,1,2026-03-05
1004446,2,0,2026-03-26
1004462,4,3,2026-06-05
1004468,1,0,2025-10-16
1004484,2,0,2025-04-28
1004485,3,3,2026-05-19
1004492,2,2,2026-02-09
1004499,2,0,2025-03-25
1004504,9,8,2025-02-06
1004507,5,0,2026-09-02
1004508,1,1,2025-03-07
1004524,2,0,2025-11-07
1004533,1,1,2026-07-23
1004537,1,1,2026-01-21
1004558,3,3,2025-09-10
1004570,1,0,2025-06-02
1004576,1,0,2026-04-20
1004589,2,0,2025-02-14
1004592,17,12,2025-09-04
1004598,1,1,2026-08-19
1004603,1,1,2025-10-13
1004615,12,7,2026-05-20
1004627,10,0,2026-08-04
1004648,3,2,2026-06-26
1004651,3,0,2026-01-08
1004658,5,0,2026-03-27
1004667,3,3,2026-03-20
1004686,1,1,2026-06-18
1004688,2,0,2025-11-18
1004691,1,0,2026-01-29
1004720,8,1,2026-01-28
1004748,1,0,2026-02-13
1004757,1,1,2025-09-05
1004760,1,0,2025-04-08
1004771,4,3,2026-02-17
1004783,1,1,2026-08-11
1004871,13,6,2025-12-11
1004880,1,0,2026-07-23
1004883,8,7,2025-10-20
1004887,1,0,2025-04-08
1004906,9,4,2025-09-23
1004922,2,1,2026-09-03
1004923,4,3,2026-03-12
1004935,1,0,2025-10-01
1004944,3,2,2026-07-17
1004945,2,0,2026-03-20
1004950,1,0,2026-03-11
1004956,4,4,2025-10-29
1004960,1,0,2026-04-09
1004964,1,0,2025-06-26
1004969,2,0,2025-11-07
1004970,3,3,2025-08-20
1004978,2,0,2025-11-20
1004985,3,0,2025-03-20
1004990,1,0,2026-01-13
1004991,1,0,2025-08-31
1004992,2,0,2025-03-27
1004998,1,0,2026-07-09
1004999,4,3,2026-04-17
1005010,4,0,2025-07-14
1005024,1,0,2026-03-02
1005027,3,1,2026-01-29
1005042,3,0,2025-04-29
1005055,1,0,2025-07-01
1005060,1,0,2026-08-04
1005062,1,1,2026-03-09
1005067,1,0,2025-06-30
1005073,3,2,2025-12-10
1005076,2,0,2025-10-07
1005078,1,1,2026-08-18
1005087,5,3,2025-12-15
1005095,5,5,2026-08-11
1005100,1,1,2025-06-12
1005101,3,2,2026-09-08
1005106,4,3,2026-01-12
1005116,2,0,2025-04-22
1005130,8,2,2026-09-07
1005134,1,0,2025-10-21
1005160,1,1,2025-05-13
1005168,2,2,2025-07-15
1005173,11,6,2026-01-14
1005182,1,0,2026-04-20
1005188,1,0,2026-06-12
1005196,2,0,2026-07-28
1005198,3,1,2026-09-09
1005205,6,1,2026-09-02
1005206,1,1,2025-10-09
1005245,1,0,2025-10-22
1005246,19,7,2026-09-10
1005247,1,1,2025-01-13
1005248,5,5,2025-12-19
1005249,5,1,2025-02-20
1005262,2,1,2025-10-20
1005267,4,3,2026-04-07
1005283,8,0,2026-08-05
1005302,1,0,2025-12-19
1005304,2,2,2025-10-17
1005325,3,0,2025-08-19
1005352,1,0,2026-02-05
1005354,3,3,2026-03-06
1005370,1,1,2026-06-08
1005380,3,0,2025-09-02
1005385,1,0,2025-10-17
1005394,1,0,2025-02-08
1005400,1,0,2025-04-08
1005429,1,1,2026-04-08
1005435,4,3,2025-12-15
1005444,1,0,2026-04-20
1005447,1,0,2025-03-26
1005451,5,3,2025-11-28
1005453,1,1,2025-10-15
1005458,2,2,2025-09-17
1005470,3,2,2026-07-29
1005492,1,0,2026-08-17
1005504,1,0,2025-08-04
1005506,1,0,2025-10-15
1005522,2,0,2025-09-29
1005536,2,2,2025-11-20
1005563,5,0,2025-09-04
1005568,14,11,2026-07-02
1005573,1,0,2025-10-15
1005575,1,1,2025-04-05
1005583,3,0,2025-12-18
1005584,1,0,2025-03-12
1005585,1,0,2025-10-16
1005586,1,1,2026-08-14
1005592,1,0,2025-01-30
1005594,1,0,2026-01-28
1005611,1,0,2025-03-17
1005623,2,1,2026-01-20
1005624,1,1,2025-06-12
1005626,7,0,2026-08-06
1005634,1,0,2025-11-07
1005641,7,1,2026-01-21
1005642,1,0,2025-12-02
1005657,1,1,2026-08-22
1005663,1,0,2025-10-06
1005664,1,0,2025-10-24
1005672,3,3,2026-06-12
1005673,1,0,2025-10-09
1005679,15,7,2026-06-11
1005689,1,0,2026-05-28
1005696,1,0,2025-07-01
1005701,1,0,2025-01-29
1005709,1,0,2026-07-24
1005711,2,2,2025-09-17
1005712,1,1,2025-10-24
1005718,1,1,2025-04-09
1005719,1,1,2025-10-20
1005723,1,0,2025-02-26
1005726,1,1,2025-09-19
1005730,11,8,2025-12-16
1005736,13,13,2026-08-18
1005750,12,2,2026-04-06
1005754,6,6,2025-12-31
1005755,25,16,2026-04-30
1005757,4,3,2025-12-12
1005758,1,1,2026-04-17
1005760,7,0,2026-08-07
1005763,1,0,2026-04-02
1005783,1,0,2025-02-25
1005786,4,0,2025-11-26
1005790,1,1,2026-04-03
1005792,3,2,2026-02-20
1005797,1,0,2025-09-12
1005799,1,1,2025-11-13
1005803,1,0,2026-01-22
1005805,5,2,2026-06-12
1005810,1,1,2026-03-24
1005814,10,5,2026-03-09
1005822,1,0,2025-11-28
1005825,2,2,2025-11-10
1005842,2,1,2025-03-03
1005847,1,0,2025-12-04
1005849,1,0,2025-12-15
1005881,1,0,2026-01-19
1005882,1,0,2026-01-19
1005887,2,0,2026-05-28
1005896,13,9,2026-07-15
1005898,1,1,2026-07-08
1005906,3,3,2026-05-21
1005914,1,1,2026-07-10
1005915,2,2,2026-06-15
1005916,1,0,2025-06-20
1005921,3,0,2025-07-02
1005929,2,0,2025-02-18
1005949,2,1,2026-04-20
1005950,4,3,2026-01-29
1005963,1,1,2025-10-24
1005970,1,0,2025-01-24
1005974,11,0,2026-08-07
1005977,2,1,2026-08-11
1005985,1,0,2025-01-16
1005987,2,1,2025-09-04
1005997,1,0,2026-03-06
1006000,4,2,2025-08-13
1006003,1,0,2025-10-28
1006005,8,2,2026-04-20
1006006,1,0,2025-07-21
1006021,3,3,2026-08-25
1006022,3,1,2026-05-05
1006082,1,0,2025-11-06
1006089,1,1,2025-08-01
1006096,1,0,2025-07-01
1006165,3,2,2025-10-16
1006172,1,0,2025-08-01
1006179,1,0,2025-01-13
1006188,1,1,2025-11-12
1006208,10,1,2026-08-07
1006213,1,0,2026-01-31
1006221,1,1,2026-03-12
1006222,4,3,2025-11-28
1006225,1,0,2025-07-01
1006232,2,2,2025-09-09
1006236,2,1,2025-07-30
1006238,2,0,2026-03-06
1006239,3,3,2026-08-13
1006240,1,0,2025-01-29
1006244,1,0,2025-07-27
1006245,1,0,2025-02-11
1006253,5,4,2026-09-04
1006270,11,11,2026-04-13
1006274,8,7,2026-02-20
1006280,2,2,2025-06-27
1006282,2,0,2025-09-29
1006283,15,1,2026-05-30
1006287,1,0,2026-05-28
1006288,1,1,2025-09-26
1006294,1,1,2026-01-21
1006302,3,3,2025-08-06
1006334,2,1,2025-10-23
1006335,1,0,2025-08-12
1006336,1,0,2025-08-12
1006339,2,1,2026-03-11
1006354,9,6,2026-07-16
1006360,4,2,2025-12-15
1006367,2,2,2025-09-24
1006375,1,1,2026-04-25
1006389,1,1,2026-04-25
1006390,3,1,2025-07-21
1006392,1,0,2026-05-22
1006404,1,0,2025-12-20
1006405,2,0,2026-06-15
1006410,3,2,2025-10-23
1006414,2,0,2026-05-29
1006419,5,3,2025-11-19
1006421,3,3,2025-06-05
1006422,4,3,2026-02-03
1006423,7,5,2026-01-20
1006438,5,3,2025-09-15
1006456,1,0,2025-04-08
1006457,3,2,2025-02-25
1006465,1,0,2025-01-08
1006478,3,0,2026-08-07
1006491,2,2,2025-10-08
1006498,3,2,2025-09-04
1006500,1,1,2025-01-30
1006501,3,0,2026-09-01
1006505,2,1,2025-07-13
1006510,1,0,2025-08-13
1006511,1,0,2025-01-29
1006536,1,1,2026-06-10
1006537,4,1,2026-06-10
1006540,6,3,2025-11-13
1006546,14,9,2026-08-19
1006568,1,0,2026-02-26
1006574,2,1,2026-07-20
1006576,1,0,2026-04-20
1006577,1,0,2025-08-15
1006581,1,1,2026-08-07
1006594,6,3,2026-04-24
1006597,1,0,2025-08-15
1006614,1,1,2025-01-13
1006615,1,0,2025-07-21
1006626,2,2,2025-09-19
1006629,1,1,2026-03-12
1006631,2,1,2026-04-11
1006633,1,1,2025-10-07
1006656,1,1,2025-10-10
1006657,2,0,2025-02-18
1006664,16,9,2026-01-13
1006739,4,2,2025-10-23
1006741,4,2,2026-05-06
1006751,4,0,2025-11-21
1006761,1,1,2025-04-15
1006764,3,0,2025-12-23
1006780,2,1,2026-07-10
1006798,3,2,2025-08-20
1006800,1,0,2026-04-06
1006807,2,0,2025-03-21
1006837,2,1,2026-01-21
1006852,2,0,2026-01-19
1006853,12,4,2026-05-20
1006858,5,3,2026-03-16
1006867,1,1,2025-11-03
1006869,1,0,2025-12-11
1006873,1,0,2026-07-29
1006882,1,1,2025-11-21
1006903,5,4,2025-04-29
1006904,1,1,2026-06-02
1006907,1,0,2025-08-18
1006911,2,0,2025-03-21
1006917,1,0,2026-07-20
1006924,1,0,2026-03-11
1006929,1,0,2025-03-21
1006933,1,0,2025-12-30
1006940,9,8,2025-09-16
1006941,8,6,2025-12-04
1006953,3,2,2025-10-27
1006968,5,0,2025-04-16
1006977,1,0,2025-04-08
1006978,2,0,2025-05-07
1006984,6,2,2025-01-07
1006985,8,3,2025-11-06
1006987,2,0,2025-06-09
1006988,1,0,2025-01-29
1006992,1,0,2026-09-09
1006998,2,0,2025-04-16
1007002,3,1,2025-04-16
1007003,2,0,2026-04-02
1007017,2,0,2026-08-20
1007024,1,0,2026-07-28
1007032,7,2,2026-03-19
1007035,1,0,2025-10-08
1007041,4,2,2025-08-18
1007045,2,0,2025-10-08
1007047,3,0,2026-05-12
1007051,2,1,2025-08-08
1007063,2,0,2026-05-13
1007074,2,1,2026-08-25
1007076,4,0,2026-07-16
1007085,1,0,2026-08-17
1007086,6,2,2026-05-28
1007100,2,0,2025-12-30
1007111,4,3,2026-08-04
1007116,1,1,2026-02-12
1007118,2,0,2026-09-01
1007129,3,1,2025-10-16
1007146,6,4,2026-07-06
1007151,3,0,2025-06-13
1007155,1,0,2025-08-06
1007157,2,0,2026-03-13
1007174,1,0,2025-01-16
1007176,7,4,2026-01-27
1007180,1,0,2025-10-16
1007186,2,2,2025-11-06
1007190,2,0,2025-12-09
1007196,9,2,2025-10-27
1007197,1,0,2025-11-01
1007198,1,0,2025-04-08
1007208,2,0,2026-06-16
1007210,3,2,2026-04-22
1007214,1,0,2025-11-13
1007216,1,1,2025-10-20
1007218,1,0,2025-11-12
1007221,1,0,2026-03-05
1007233,1,1,2026-01-05
1007234,1,0,2025-08-01
1007235,1,0,2025-03-26
1007248,1,0,2025-01-08
1007257,1,0,2025-09-12
1007274,1,0,2026-04-15
1007287,3,1,2026-03-13
1007293,1,0,2025-07-01
1007298,1,1,2026-09-09
1007300,1,1,2026-09-05
1007307,1,0,2025-07-01
1007314,1,0,2025-07-01
1007320,2,1,2026-08-03
1007323,1,0,2026-06-07
1007328,1,0,2025-10-28
1007338,2,0,2026-07-02
1007347,1,0,2025-02-27
1007350,1,0,2026-04-20
1007354,2,1,2025-08-04
1007357,5,3,2026-08-03
1007372,2,0,2026-06-12
1007378,7,0,2026-06-22
1007381,2,0,2026-05-27
1007392,1,0,2026-01-06
1007396,1,0,2025-04-08
1007400,1,0,2025-01-14
1007402,1,1,2026-05-26
1007409,1,0,2026-06-29
1007411,1,0,2025-04-08
1007412,1,0,2026-07-15
1007413,1,1,2025-07-05
1007475,2,2,2025-08-14
1007477,7,6,2026-05-29
1007482,1,0,2025-01-31
1007490,2,1,2025-08-18
1007492,1,0,2025-08-18
1007493,1,0,2025-08-18
1007496,3,2,2025-12-03
1007497,2,1,2025-02-18
1007536,3,2,2025-12-29
1007540,4,2,2025-11-01
1007541,1,1,2026-07-06
1007549,1,1,2025-04-22
1007554,3,0,2026-05-12
1007560,1,0,2026-02-25
1007564,5,3,2025-04-21
1007568,2,2,2025-12-02
1007574,1,0,2025-10-01
1007578,1,1,2025-09-09
1007582,4,0,2025-08-01
1007605,1,1,2026-08-05
1007610,1,0,2025-07-01
1007720,3,1,2026-04-20
1007725,1,0,2025-08-20
1007731,1,0,2026-03-31
1007733,2,2,2026-03-19
1007738,1,0,2025-11-06
1007781,1,1,2025-11-19
1007793,1,0,2025-01-29
1007797,3,2,2025-10-01
1007813,5,3,2026-07-06
1007820,2,2,2025-12-03
1007824,3,1,2026-04-20
1007832,4,2,2026-06-22
1007833,1,0,2026-07-14
1007872,1,1,2025-08-06
1007890,2,0,2025-08-27
1007902,2,0,2025-08-06
1007914,2,0,2026-02-08
1007915,1,1,2025-10-06
1007916,5,3,2026-05-23
1007921,1,0,2025-02-04
1007922,1,0,2026-09-01
1007930,2,2,2026-03-18
1007941,3,2,2026-08-24
1007943,1,0,2025-09-09
1007945,2,1,2025-10-01
1007946,2,1,2025-10-22
1007949,2,2,2026-09-03
1007975,1,0,2025-04-08
1007984,2,1,2026-06-24
1008007,2,0,2025-11-08
1008010,1,0,2025-08-26
1008012,1,0,2025-11-08
1008020,2,2,2025-11-28
1008024,2,2,2025-10-07
1008025,8,7,2026-06-29
1008046,3,3,2026-07-02
1008050,1,0,2025-02-27
1008057,1,0,2026-07-15
1008059,1,1,2025-08-08
1008075,1,1,2026-06-07
1008088,2,1,2026-04-14
1008096,1,0,2026-09-03
1008101,4,1,2025-12-30
1008117,1,0,2026-04-20
1008118,1,0,2026-04-22
1008121,2,1,2025-07-09
1008124,1,0,2026-06-02
1008127,5,4,2025-02-24
1008132,1,1,2025-01-30
1008181,1,0,2025-04-08
1008182,1,1,2026-03-06
1008183,3,3,2025-08-22
1008184,1,0,2025-04-08
1008186,1,0,2025-04-08
1008199,3,1,2025-08-22
1008213,1,0,2025-04-08
1008215,1,0,2025-04-25
1008236,1,0,2025-05-14
1008249,1,0,2026-04-23
1008265,1,0,2025-04-24
1008273,1,0,2026-09-04
1008281,1,1,2025-11-03
1008305,2,0,2025-10-16
1008308,7,2,2025-12-10
1008319,2,1,2025-08-05
1008323,1,1,2026-05-13
1008335,5,1,2025-08-08
1008356,1,0,2025-01-29
1008361,1,1,2025-08-12
1008365,2,0,2025-02-20
1008367,1,0,2025-04-16
1008377,4,0,2026-08-27
1008383,1,1,2025-11-18
1008390,2,1,2026-02-21
1008403,1,1,2025-04-30
1008406,1,1,2025-08-12
1008408,2,0,2025-08-12
1008409,1,0,2025-03-18
1008418,1,1,2025-08-20
1008420,1,0,2025-10-21
1008422,1,1,2026-06-11
1008434,1,0,2025-07-19
1008445,1,0,2026-04-18
1008451,13,5,2026-04-17
1008486,1,0,2025-08-14
1008487,2,2,2026-08-28
1008493,1,1,2026-06-03
1008510,1,0,2026-02-25
1008519,4,1,2026-02-26
1008633,1,0,2025-12-01
1008639,1,1,2026-04-30
1008650,1,1,2025-04-08
1008677,1,1,2025-08-05
1008678,2,1,2026-07-31
1008683,1,1,2025-03-13
1008684,8,3,2026-08-16
1008690,2,0,2025-09-26
1008695,1,0,2026-05-11
1008696,1,0,2025-12-16
1008704,1,0,2026-02-25
1008706,2,1,2025-11-13
1008715,1,0,2025-11-10
1008716,1,0,2025-11-03
1008722,1,0,2025-02-20
1008731,1,0,2025-08-07
1008740,6,1,2025-09-15
1008741,1,0,2025-05-07
1008742,1,1,2026-05-20
1008743,1,1,2025-03-26
1008773,1,1,2026-08-05
1008780,1,1,2026-05-06
1008791,1,1,2025-09-29
1008792,5,1,2025-11-10
1008794,1,1,2025-05-10
1008799,5,4,2026-04-07
1008806,1,0,2025-11-12
1008837,1,0,2025-01-14
1008840,4,1,2026-08-06
1008850,2,0,2025-10-02
1008876,2,0,2026-02-06
1008889,1,1,2025-04-08
1008898,2,0,2025-07-29
1008939,1,0,2026-01-03
1008956,3,0,2025-12-11
1008961,4,4,2026-07-16
1008963,6,4,2025-11-06
1008977,1,0,2025-03-06
1008984,4,2,2026-06-10
1009006,1,0,2025-01-29
1009011,1,0,2025-07-23
1009020,1,1,2025-04-08
1009021,3,1,2026-01-19
1009027,1,0,2025-07-15
1009030,1,0,2026-02-03
1009072,2,0,2026-07-28
1009084,1,0,2026-07-28
1009090,1,0,2026-05-04
1009091,2,2,2025-09-26
1009092,2,2,2026-04-13
1009099,1,1,2025-02-12
1009104,1,0,2025-04-08
1009105,1,0,2025-04-08
1009107,1,0,2025-10-02
1009128,4,0,2026-07-24
1009134,2,1,2025-04-08
1009135,6,2,2025-10-29
1009201,2,1,2025-09-16
1009206,1,1,2025-06-16
1009211,2,1,2025-09-17
1009212,2,1,2025-09-23
1009216,1,1,2025-02-12
1009222,1,0,2025-03-17
1009223,3,0,2025-05-14
1009237,2,2,2025-12-26
1009238,4,4,2025-09-24
1009239,4,3,2026-06-22
1009243,3,1,2026-02-11
1009249,2,1,2025-09-19
1009271,2,1,2025-07-18
1009272,2,0,2025-11-08
1009276,1,0,2025-09-11
1009283,1,0,2026-04-20
1009285,13,3,2025-12-19
1009373,3,2,2025-08-27
1009377,1,1,2025-04-10
1009382,5,2,2026-08-03
1009400,1,0,2025-04-08
1009404,1,0,2025-03-20
1009410,1,1,2025-02-19
1009423,3,3,2025-06-06
1009429,11,3,2026-05-25
1009430,6,2,2025-07-21
1009439,1,1,2026-06-01
1009447,4,1,2025-10-03
1009448,1,1,2026-06-29
1009451,2,0,2026-06-17
1009452,16,6,2026-01-05
1009453,1,1,2025-03-28
1009461,1,0,2025-09-25
1009470,2,2,2025-10-04
1009481,2,0,2025-07-01
1009482,1,1,2025-10-10
1009486,5,2,2025-09-26
1009504,1,0,2025-02-19
1009526,2,0,2026-03-03
1009550,1,0,2026-04-20
1009562,1,0,2025-05-22
1009576,1,0,2026-08-25
1009579,3,1,2026-06-10
1009634,1,0,2025-01-29
1009706,3,2,2025-04-21
1009713,1,1,2025-08-15
1009716,5,2,2026-08-07
1009719,9,6,2026-04-03
1009729,1,1,2026-04-27
1009735,6,0,2026-02-13
1009738,5,0,2026-04-20
1009757,1,0,2025-07-14
1009769,2,0,2025-08-12
1009771,5,2,2025-10-07
1009789,1,1,2025-08-11
1009794,1,0,2026-07-08
1009821,6,0,2025-01-25
1009854,8,3,2026-03-30
1009872,5,0,2026-06-25
1009874,4,4,2026-07-21
1009897,4,2,2026-07-06
1009906,1,0,2025-06-27
1009919,2,2,2026-07-06
1009922,1,0,2025-07-01
1009946,3,2,2025-08-13
1009951,1,1,2025-03-31
1009966,7,3,2026-02-20
1010008,1,0,2025-01-22
1010035,1,0,2025-10-08
1010038,4,4,2026-02-05
1010039,3,0,2025-11-03
1010054,2,0,2026-04-28
1010066,1,1,2025-11-05
1010079,6,2,2026-05-12
1010135,1,0,2025-10-23
1010141,1,1,2025-08-13
1010145,4,1,2026-04-21
1010147,1,0,2025-02-24
1010148,1,1,2026-03-11
1010150,1,0,2025-07-01
1010153,1,1,2025-04-01
1010165,1,0,2026-08-20
1010167,1,0,2025-04-28
1010184,4,2,2025-08-26
1010189,1,0,2025-03-25
1010197,4,3,2025-11-20
1010199,1,0,2025-12-30
1010224,2,0,2026-07-01
1010257,3,1,2026-01-18
1010280,2,0,2025-11-07
1010281,4,2,2025-11-07
1010310,9,1,2026-06-30
1010329,1,0,2025-01-09
1010365,15,2,2026-08-12
1010378,1,0,2025-12-03
1010379,4,4,2025-09-12
1010396,3,0,2026-05-28
1010407,3,0,2026-06-29
1010417,2,0,2025-03-17
1010543,5,0,2026-06-29
1010568,1,0,2026-01-28
1010598,1,0,2026-03-16
1010599,1,0,2026-03-25
1010613,4,2,2025-07-01
1010634,1,1,2026-07-31
1010638,1,0,2026-04-20
1010639,5,0,2026-06-23
1010641,5,2,2026-03-16
1010642,6,5,2026-08-06
1010647,4,0,2025-04-14
1010651,3,2,2025-09-12
1010668,8,7,2026-07-09
1010670,10,8,2025-06-18
1010672,18,10,2026-01-09
1010688,1,0,2026-02-27
1010691,3,0,2026-01-27
1010692,4,2,2026-06-07
1010837,1,0,2025-10-03
1010866,2,1,2025-02-06
1010884,2,0,2025-11-06
1010894,1,0,2025-06-13
1010896,3,1,2025-09-15
1010904,1,0,2025-09-22
1010918,1,0,2025-11-05
1010929,3,1,2025-01-29
1010932,4,0,2026-03-11
1010933,3,3,2025-07-15
1010938,2,0,2025-08-12
1010962,2,0,2025-10-28
1010963,1,0,2026-07-14
1011002,1,0,2025-11-03
1011018,2,1,2025-08-24
1011036,1,0,2025-07-01
1011037,1,1,2025-04-18
1011045,2,1,2025-09-23
1011050,1,1,2025-09-18
1011074,8,2,2026-09-03
1011076,1,1,2025-04-18
1011087,2,0,2025-10-24
1011088,1,1,2025-12-08
1011090,3,1,2026-04-24
1011093,8,4,2026-07-23
1011097,1,0,2025-10-21
1011100,2,1,2025-09-29
1011102,1,1,2025-09-29
1011111,4,3,2026-04-21
1011113,1,1,2025-12-26
1011133,3,3,2026-06-18
1011136,2,0,2026-05-05
1011137,1,0,2026-05-05
1011138,2,0,2026-06-05
1011144,1,1,2026-06-23
1011146,3,2,2026-06-15
1011147,1,1,2025-06-11
1011158,1,0,2025-01-08
1011167,5,3,2025-10-17
1011172,7,3,2026-06-25
1011204,3,0,2025-08-21
1011205,4,2,2025-02-19
1011206,1,0,2026-04-30
1011244,2,1,2025-10-29
1011268,3,0,2026-06-09
1011278,1,0,2026-05-20
1011281,2,1,2025-09-18
1011282,3,1,2025-09-18
1011287,1,1,2025-11-26
1011305,2,2,2026-05-22
1011320,4,0,2026-03-04
1011322,1,0,2026-04-20
1011340,1,0,2025-04-08
1011364,3,0,2026-03-26
1011377,1,0,2025-11-15
1011385,1,1,2025-10-29
1011413,6,1,2026-03-19
1011433,4,4,2026-01-16
1011447,13,9,2025-11-05
1011448,19,16,2025-11-05
1011452,5,2,2025-10-30
1011645,2,1,2025-08-12
1011649,1,1,2025-09-03
1011658,2,1,2026-07-24
1011659,3,2,2025-05-24
1011664,1,0,2025-01-08
1011665,4,3,2026-03-31
1011668,1,1,2025-09-03
1011670,1,0,2025-02-13
1011699,1,0,2025-09-15
1011705,1,1,2025-01-22
1011712,3,3,2025-08-27
1011736,1,0,2025-02-16
1011746,1,1,2025-05-02
1011761,3,1,2025-12-23
1011845,2,0,2026-02-09
1011846,2,0,2025-10-16
1011852,8,6,2025-10-24
1011855,14,7,2026-07-15
1011856,2,1,2025-09-29
1011862,19,11,2026-07-01
1011864,2,0,2026-04-04
1011906,1,0,2026-04-27
1011909,1,0,2025-07-01
1011919,2,0,2025-05-07
1011922,2,2,2025-10-29
1011938,1,1,2025-03-03
1011940,3,0,2025-07-01
1011975,12,3,2026-02-17
1011991,5,4,2026-06-16
1012002,1,0,2025-06-26
1012010,2,2,2025-08-22
1012011,1,1,2026-08-21
1012047,7,2,2026-08-12
1012054,1,1,2026-07-29
1012064,3,1,2026-06-11
1012075,2,0,2025-12-01
1012096,1,0,2026-06-07
1012126,1,0,2025-04-08
1012160,1,0,2025-02-10
1012203,1,1,2026-07-04
1012223,2,2,2026-01-15
1012256,7,6,2026-06-29
1012268,4,1,2026-07-21
1012277,4,4,2025-05-05
1012284,1,0,2025-09-12
1012304,4,2,2026-07-07
1012308,1,0,2025-04-08
1012318,1,0,2026-09-08
1012341,3,0,2025-11-20
1012377,4,3,2025-09-18
1012385,2,1,2025-12-05
1012389,1,1,2025-08-12
1012398,1,1,2025-09-08
1012403,1,1,2025-06-05
1012493,4,2,2026-05-19
1012499,1,1,2025-10-17
1012571,1,0,2025-02-24
1012579,1,0,2025-10-15
1012595,1,0,2025-10-28
1012606,6,3,2026-08-27
1012626,1,1,2026-06-18
1012642,2,0,2025-12-24
1012643,3,2,2025-09-23
1012666,2,0,2026-01-21
1012699,1,1,2026-01-27
1012712,3,2,2026-08-11
1012804,1,0,2025-03-14
1012827,2,2,2026-02-04
1012829,3,0,2026-04-20
1012835,9,4,2026-04-07
1012836,1,0,2026-08-20
1012854,1,0,2025-02-25
1012855,2,0,2025-10-27
1012857,11,4,2026-06-18
1012858,1,0,2025-12-31
1012862,3,0,2025-11-25
1012864,1,1,2025-10-10
1012865,1,1,2026-06-01
1012871,5,4,2026-04-16
1012874,13,4,2026-06-29
1012876,2,0,2026-05-08
1012878,2,0,2025-10-10
1012885,4,3,2026-03-10
1012889,3,0,2026-06-25
1012890,1,0,2025-02-25
1012892,11,4,2026-08-29
1012979,1,1,2025-06-13
1012982,1,1,2025-09-22
1013003,1,1,2026-06-17
1013005,1,0,2025-07-03
1013043,2,0,2025-05-03
1013052,2,0,2025-08-07
1013054,3,1,2026-06-11
1013067,2,0,2026-06-07
1013068,2,1,2025-09-17
1013080,1,0,2026-07-13
1013081,2,1,2026-03-27
1013096,10,2,2026-04-21
1013105,3,0,2025-04-10
1013106,2,1,2025-12-16
1013210,2,1,2025-08-05
1013220,1,0,2025-04-08
1013243,2,0,2025-12-01
1013248,14,8,2026-07-01
1013260,9,1,2026-04-22
1013261,2,1,2026-07-31
1013265,1,0,2025-11-10
1013269,1,0,2025-01-31
1013286,3,2,2026-07-20
1013301,1,1,2025-02-28
1013313,1,1,2025-03-04
1013332,1,1,2026-05-23
1013340,2,0,2026-07-16
1013361,1,0,2025-07-29
1013366,1,0,2025-05-27
1013374,6,4,2026-05-29
1013375,3,0,2026-03-16
1013459,3,3,2026-06-09
1013484,3,3,2026-03-10
1013500,4,4,2025-03-21
1013519,4,3,2025-06-18
1013521,1,1,2026-05-14
1013529,15,9,2025-11-26
1013536,2,2,2026-02-18
1013537,1,0,2026-08-05
1013544,1,1,2026-06-10
1013552,2,2,2025-10-16
1013560,3,3,2026-04-22
1013561,13,6,2026-04-20
1013565,2,0,2026-04-20
1013566,26,6,2026-09-04
1013572,8,1,2026-07-23
1013574,1,0,2026-04-21
1013587,2,2,2026-05-22
1013611,5,5,2026-01-07
1013612,1,0,2025-02-18
1013613,3,1,2026-08-19
1013616,1,1,2026-08-24
1013623,5,0,2026-04-20
1013625,3,2,2025-01-14
1013629,12,2,2026-08-07
1013631,1,0,2025-12-31
1013633,9,4,2025-12-18
1013635,1,1,2025-05-30
1013637,3,2,2025-04-08
1013639,1,0,2025-04-08
1013642,1,0,2025-04-08
1013643,1,0,2025-06-03
1013644,1,0,2025-04-08
1013657,2,2,2025-09-11
1013675,1,0,2025-12-08
1013683,2,0,2026-06-25
1013689,14,6,2026-08-10
1013690,1,0,2025-10-20
1013695,1,0,2025-04-08
1013696,5,2,2026-02-10
1013722,1,1,2026-05-01
1013729,1,0,2025-08-13
1013731,1,0,2025-10-15
1013732,3,0,2026-05-04
1013737,1,1,2025-09-24
1013746,3,2,2025-11-13
1013749,3,1,2026-04-28
1013759,1,0,2025-10-22
1013770,1,0,2025-07-01
1013780,1,1,2025-10-01
1013783,2,0,2026-04-13
1013799,2,2,2025-08-05
1013807,4,3,2025-10-21
1013813,2,1,2025-10-16
1013818,4,1,2026-08-09
1013856,2,0,2025-10-01
1013857,4,1,2026-08-18
1013858,3,0,2026-04-22
1013968,3,1,2025-07-05
1013973,1,1,2025-05-21
1013975,8,4,2026-07-02
1013976,1,0,2025-01-29
1013993,4,2,2026-04-20
1014005,4,4,2025-11-19
1014008,1,0,2025-04-09
1014011,1,0,2025-10-06
1014014,2,0,2026-08-15
1014015,3,2,2025-09-15
1014019,5,2,2025-10-01
1014020,1,0,2025-01-27
1014033,1,0,2025-06-10
1014041,1,1,2025-08-27
1014052,2,2,2026-02-03
1014053,2,0,2026-04-20
1014061,4,1,2025-12-24
1014076,1,0,2025-01-08
1014081,3,2,2025-07-31
1014096,4,4,2025-09-08
1014108,2,2,2025-10-06
1014111,2,0,2026-03-05
1014113,4,1,2026-03-26
1014126,8,7,2026-06-01
1014130,2,2,2026-03-10
1014148,1,0,2025-10-04
1014149,1,0,2026-08-30
1014167,1,1,2025-04-22
1014169,1,0,2026-07-31
1014170,1,0,2026-07-16
1014174,8,0,2026-04-23
1014177,2,2,2025-10-16
1014178,1,0,2025-11-22
1014228,1,0,2025-12-30
1014234,2,1,2026-07-20
1014241,1,0,2025-08-06
1014260,3,2,2026-05-08
1014279,4,3,2026-09-08
1014290,3,2,2026-04-16
1014295,1,0,2025-06-23
1014296,5,4,2026-06-22
1014303,1,0,2026-04-20
1014307,5,2,2026-04-20
1014338,1,0,2026-04-20
1014351,6,3,2026-01-08
1014387,2,0,2025-04-08
1014388,2,1,2026-04-02
1014395,10,2,2026-09-03
1014397,3,1,2026-05-16
1014409,1,1,2025-04-22
1014414,1,0,2025-12-20
1014417,6,1,2026-07-08
1014425,1,0,2025-04-04
1014433,1,0,2026-06-17
1014434,3,2,2025-08-20
1014436,4,0,2026-09-04
1014442,2,0,2025-08-08
1014444,2,2,2026-03-12
1014452,1,0,2026-08-21
1014453,2,1,2026-06-17
1014454,1,0,2025-07-01
1014460,1,1,2026-02-10
1014463,5,3,2026-07-20
1014466,1,1,2025-09-26
1014467,1,0,2026-04-20
1014474,1,0,2025-06-10
1014476,1,0,2026-04-20
1014477,5,1,2026-07-07
1014478,1,1,2025-06-26
1014487,1,0,2025-11-19
1014488,1,1,2026-05-08
1014490,2,1,2026-06-04
1014495,4,2,2026-07-06
1014497,1,0,2025-07-01
1014507,1,0,2026-07-07
1014512,2,1,2026-06-24
1014514,1,0,2026-06-16
1014532,1,0,2025-10-02
1014536,2,0,2025-02-11
1014541,2,1,2025-11-07
1014560,1,1,2026-04-01
1014565,1,1,2025-04-30
1014575,7,3,2025-11-10
1014593,1,1,2025-12-03
1014648,5,2,2026-05-15
1014667,7,4,2026-04-09
1014713,2,1,2026-02-10
1014718,1,1,2025-02-12
1014727,1,1,2025-10-02
1014733,1,1,2025-11-21
1014735,5,4,2026-04-28
1014742,1,0,2025-10-24
1014751,1,1,2026-03-09
1014753,2,1,2026-04-27
1014759,3,1,2025-09-22
1014782,1,0,2025-04-22
1014810,1,0,2026-08-10
1014946,1,0,2025-10-02
1014949,4,2,2026-06-04
1014950,4,0,2026-07-27
1014954,1,1,2025-09-20
1014958,1,1,2025-10-15
1014960,1,0,2025-09-17
1014963,3,3,2026-05-21
1014974,1,0,2025-05-06
1014977,2,1,2026-05-25
1014982,3,0,2025-11-07
1014993,1,0,2025-09-16
1014994,3,1,2025-01-02
1015000,5,3,2026-07-31
1015001,2,1,2025-05-02
1015002,1,0,2025-04-08
1015003,1,0,2025-04-08
1015005,3,0,2026-07-13
1015006,5,3,2025-10-06
1015010,9,7,2026-07-24
1015019,1,1,2025-06-05
1015021,1,0,2026-01-27
1015028,1,0,2026-04-28
1015030,2,0,2025-12-30
1015031,3,3,2026-07-10
1015033,15,12,2026-07-23
1015036,1,0,2026-04-20
1015038,1,0,2025-04-08
1015039,11,4,2026-09-01
1015043,2,2,2026-06-11
1015051,1,0,2025-04-08
1015054,1,0,2025-04-08
1015064,1,0,2025-01-08
1015070,1,0,2025-04-08
1015089,1,0,2026-04-20
1015092,9,7,2026-08-25
1015097,2,0,2025-07-08
1015100,2,0,2025-04-28
1015112,1,1,2025-08-26
1015122,12,1,2026-07-16
1015127,2,0,2025-05-22
1015132,1,0,2025-10-10
1015137,1,1,2025-08-27
1015141,1,0,2025-07-01
1015143,4,3,2026-03-26
1015145,1,0,2025-11-10
1015146,2,0,2025-12-15
1015153,2,0,2026-06-12
1015154,1,0,2026-04-20
1015174,4,1,2026-03-04
1015181,1,1,2025-12-20
1015194,1,1,2025-11-05
1015195,1,0,2025-02-11
1015201,1,1,2026-01-14
1015219,6,4,2025-08-20
1015220,1,0,2026-06-17
1015222,1,0,2026-07-21
1015226,1,0,2025-05-07
1015233,6,3,2026-07-22
1015234,1,0,2025-04-08
1015235,6,3,2026-01-13
1015237,15,1,2026-08-05
1015242,10,7,2026-09-02
1015245,1,0,2025-05-15
1015247,1,0,2025-07-01
1015248,2,2,2026-04-10
1015253,2,0,2026-05-07
1015254,1,1,2025-01-16
1015256,1,0,2026-03-19
1015257,4,4,2026-03-18
1015258,1,0,2026-03-19
1015262,1,1,2026-08-05
1015281,1,0,2025-11-01
1015287,1,1,2025-12-08
1015288,1,0,2025-07-01
1015289,7,1,2026-08-08
1015290,1,0,2026-08-06
1015292,4,1,2026-03-25
1015293,1,0,2026-07-14
1015306,1,0,2025-04-25
1015311,9,4,2026-07-31
1015381,2,1,2026-08-28
1015391,1,1,2026-05-11
1015396,1,1,2025-10-07
1015398,1,0,2026-04-20
1015401,3,1,2025-11-18
1015409,1,0,2025-01-30
1015410,2,0,2025-12-31
1015414,2,1,2025-03-25
1015418,2,2,2026-07-08
1015420,5,4,2026-05-27
1015425,4,1,2025-07-23
1015429,1,1,2025-04-10
1015446,1,1,2026-04-20
1015456,3,0,2026-07-21
1015460,2,0,2025-11-13
1015466,1,0,2025-04-08
1015471,1,0,2026-04-20
1015473,1,0,2026-04-10
1015480,1,0,2026-06-29
1015489,1,1,2025-11-08
1015491,1,1,2025-06-20
1015492,1,0,2026-06-29
1015495,1,0,2026-05-04
1015517,4,3,2025-10-14
1015523,1,1,2025-11-19
1015528,1,1,2026-02-26
1015531,3,1,2025-07-25
1015540,1,1,2025-02-20
1015576,1,0,2026-07-10
1015580,1,0,2026-07-20
1015583,1,1,2025-10-04
1015602,2,0,2026-07-08
1015617,2,1,2026-09-01
1015628,2,2,2026-02-02
1015629,2,1,2026-08-27
1015630,1,0,2026-05-05
1015631,1,0,2026-02-27
1015651,1,0,2025-02-11
1015653,1,0,2025-06-04
1015664,5,1,2026-06-25
1015676,3,0,2026-04-20
1015690,1,0,2025-11-13
1015699,2,1,2026-07-24
1015702,1,1,2026-07-29
1015708,1,0,2026-04-21
1015709,1,0,2025-07-01
1015711,2,0,2025-07-02
1015732,2,2,2026-06-24
1015733,6,3,2026-03-02
1015735,3,0,2026-03-02
1015746,4,0,2025-07-01
1015751,3,1,2025-08-18
1015759,2,0,2026-07-21
1015764,3,3,2025-05-13
1015765,1,0,2025-04-08
1015766,1,0,2025-04-08
1015768,1,0,2025-01-07
1015769,1,0,2025-01-07
1015779,5,4,2026-06-04
1015792,3,3,2026-02-12
1015802,3,2,2026-07-09
1015805,1,1,2026-07-01
1015811,4,2,2025-12-23
1015815,1,0,2026-04-20
1015819,1,0,2025-04-08
1015824,7,2,2026-09-03
1015826,2,2,2026-08-04
1015829,1,0,2025-01-16
1015832,1,0,2025-01-08
1015848,1,0,2025-01-31
1015849,1,1,2026-04-02
1015858,1,0,2026-04-20
1015859,6,1,2026-09-09
1015866,1,0,2026-08-12
1015877,2,2,2025-12-01
1015889,1,1,2026-08-25
1015891,3,0,2026-08-13
1015893,1,0,2026-08-17
1015904,1,1,2025-09-29
1015911,11,6,2026-07-01
1015914,18,17,2026-05-05
1015919,1,1,2025-04-30
1015924,4,4,2026-05-05
1015925,1,0,2025-07-28
1015930,2,1,2026-09-10
1015932,1,0,2026-06-30
1015933,2,0,2026-04-20
1015937,1,1,2025-09-11
1015938,30,16,2026-07-30
1015954,4,0,2026-08-13
1015967,2,0,2026-03-19
1015979,2,1,2026-08-03
1015988,5,4,2026-06-15
1015989,1,1,2025-06-24
1015997,3,0,2026-02-25
1016002,3,0,2025-12-11
1016007,1,0,2026-04-30
1016011,1,0,2026-04-20
1016012,2,0,2026-01-05
1016014,1,0,2026-02-25
1016016,7,1,2026-07-08
1016041,1,0,2025-04-08
1016044,5,0,2026-08-24
1016047,7,1,2026-04-17
1016059,1,1,2026-03-09
1016062,1,1,2025-03-28
1016063,1,0,2025-12-22
1016070,3,0,2026-05-22
1016089,1,0,2026-01-27
1016110,3,1,2026-07-07
1016119,1,0,2025-09-25
1016122,3,2,2025-08-25
1016127,1,1,2025-03-17
1016128,2,0,2026-01-30
1016131,1,0,2025-02-26
1016132,4,3,2026-05-21
1016133,3,1,2026-04-03
1016148,1,0,2026-02-25
1016151,1,1,2025-12-17
1016157,2,1,2026-08-06
1016161,1,0,2026-04-20
1016163,3,1,2025-07-09
1016167,1,0,2025-06-23
1016179,3,3,2025-09-22
1016181,1,0,2026-04-20
1016187,1,0,2026-07-30
1016201,2,2,2025-07-29
1016207,1,0,2026-01-29
1016216,1,0,2025-04-18
1016219,1,0,2025-02-11
1016226,2,1,2025-03-10
1016228,1,0,2025-02-14
1016240,1,0,2025-12-11
1016252,2,0,2025-08-25
1016278,6,1,2026-08-13
1016288,1,0,2025-08-05
1016294,2,0,2026-06-17
1016301,1,1,2026-04-30
1016304,1,1,2025-09-23
1016741,1,0,2026-03-09
1016745,8,1,2026-06-18
1016749,2,1,2025-11-08
1016750,1,0,2025-11-08
1016876,1,1,2026-05-28
1016881,1,0,2026-07-03
1016889,1,0,2025-01-08
1016894,7,5,2026-07-20
1016895,5,3,2026-06-12
1016896,5,0,2026-09-02
1016920,7,2,2026-02-03
1016921,2,1,2026-02-19
1016931,3,0,2026-07-31
1016939,5,1,2026-08-13
1016941,3,3,2026-04-06
1016944,2,0,2026-07-24
1016951,1,1,2025-11-24
1016955,1,0,2025-01-07
1016956,1,0,2025-08-08
1016965,1,1,2026-09-02
1016967,1,1,2026-05-13
1016979,2,1,2026-07-24
1016980,20,10,2026-07-31
1016990,5,1,2025-05-06
1016995,1,0,2025-01-29
1017001,1,0,2026-04-20
1017005,2,1,2025-04-17
1017006,1,0,2026-07-09
1017011,1,0,2025-03-07
1017012,2,0,2026-05-09
1017074,1,0,2025-02-11
1017075,1,0,2025-04-08
1017076,1,0,2025-04-08
1017091,1,0,2025-01-14
1017097,3,1,2025-01-17
1017098,5,0,2026-04-29
1017099,5,3,2026-05-06
1017107,13,5,2026-05-07
1017114,2,1,2026-08-25
1017120,11,9,2026-07-14
1017125,1,0,2026-06-18
1017127,1,0,2026-06-03
1017132,1,0,2025-03-04
1017134,4,3,2026-02-26
1017135,3,1,2026-04-20
1017177,1,1,2026-04-06
1017187,1,1,2026-04-21
1017190,5,3,2026-01-07
1017193,1,0,2025-10-23
1017196,1,0,2025-10-28
1017216,1,0,2025-09-05
1017221,1,0,2025-04-02
1017230,2,2,2026-07-28
1017231,2,0,2026-03-27
1017236,1,0,2025-11-03
1017241,1,0,2026-02-09
1017245,3,2,2025-10-03
1017361,6,5,2026-03-26
1017595,1,1,2026-01-22
1017600,1,0,2026-04-20
1017792,5,2,2026-03-18
1017795,4,1,2026-04-17
1017807,2,1,2026-08-31
1017809,1,1,2025-06-23
1017813,2,2,2025-06-27
1017814,2,0,2026-04-20
1017815,1,1,2025-09-23
1017822,8,3,2026-06-25
1017824,9,7,2026-03-25
1017828,7,0,2026-04-08
1017834,1,0,2025-04-28
1017841,4,0,2026-07-30
1017843,1,1,2026-05-13
1017846,1,1,2026-06-17
1017880,2,1,2025-03-27
1017899,2,0,2025-09-22
1017914,1,1,2025-08-08
1017927,2,0,2025-05-01
1017947,2,1,2026-07-18
1017956,2,0,2026-07-29
1017957,1,0,2025-06-03
1017958,2,0,2025-06-03
1017959,2,1,2025-06-03
1017960,2,1,2025-06-03
1017961,1,0,2025-08-21
1017990,6,2,2026-08-03
1017995,1,0,2025-10-16
1018011,1,0,2025-01-24
1018013,1,0,2025-09-16
1018014,8,2,2026-06-18
1018024,3,0,2026-05-05
1018033,1,0,2026-08-31
1018039,4,0,2025-11-05
1018043,1,0,2026-04-22
1018044,1,0,2025-12-31
1018055,4,1,2026-08-07
1018067,1,0,2026-04-20
1018083,3,3,2026-08-25
1018102,6,4,2026-07-07
1018105,1,0,2025-09-25
1018107,3,1,2026-01-28
1018126,6,6,2025-12-26
1018132,1,0,2026-06-16
1018137,1,0,2025-10-31
1018140,1,1,2025-05-02
1018159,1,0,2026-09-10
1018162,2,1,2025-01-09
1018167,4,3,2026-07-22
1018168,5,2,2026-09-04
1018169,4,3,2026-09-08
1018174,1,0,2025-09-05
1018180,2,0,2025-11-03
1018185,2,0,2025-10-27
1018189,1,0,2026-04-20
1018191,4,3,2025-01-22
1018206,3,1,2025-12-05
1018209,2,1,2025-12-29
1018226,1,0,2025-05-06
1018239,3,2,2026-06-18
1018240,4,0,2026-05-26
1018246,2,1,2026-04-20
1018247,2,1,2026-05-21
1018262,1,1,2025-11-02
1018263,2,2,2025-11-05
1018265,1,0,2026-07-29
1018272,1,0,2026-05-14
1018311,1,0,2026-04-17
1018312,5,0,2026-05-29
1018317,1,0,2025-11-03
1018326,3,3,2025-11-21
1018341,1,0,2025-03-05
1018457,11,11,2025-07-18
1018465,1,0,2026-08-13
1018470,10,6,2026-07-30
1018471,1,0,2026-05-08
1018480,1,0,2025-04-24
1018501,7,6,2026-06-12
1018519,1,0,2026-07-17
1018530,2,1,2026-04-22
1018534,1,1,2025-04-21
1018549,6,0,2026-05-23
1018885,1,0,2025-09-15
1018902,1,0,2025-04-08
1018905,10,1,2026-09-01
1018929,1,0,2025-01-29
1018933,1,1,2026-07-17
1018936,1,0,2026-08-19
1018953,1,0,2026-05-12
1018967,1,0,2025-05-21
1018981,1,1,2026-06-28
1019096,4,3,2026-03-04
1019097,3,1,2025-08-27
1019099,2,0,2025-10-01
1019107,6,0,2026-07-24
1019127,1,0,2025-09-09
1019133,1,1,2025-01-13
1019134,1,0,2025-10-30
1019146,5,3,2025-10-14
1019161,13,10,2026-08-13
1019164,1,0,2026-04-20
1019166,1,1,2026-07-26
1019460,5,1,2026-01-04
1019481,2,0,2025-01-08
1019487,4,3,2026-06-04
1019491,1,0,2025-11-21
1019493,4,0,2026-06-26
1019494,1,0,2025-09-09
1019500,11,8,2025-12-02
1019509,4,3,2026-02-20
1019514,1,0,2025-11-03
1019522,2,0,2026-06-09
1019533,1,0,2025-09-02
1019536,5,0,2026-06-22
1019547,1,0,2026-04-10
1019580,7,4,2026-04-01
1019581,1,0,2026-03-19
1019587,5,3,2026-03-27
1019591,3,0,2025-11-25
1019602,2,0,2025-09-25
1019603,4,2,2026-05-05
1019613,1,1,2026-03-23
1019614,1,1,2026-09-04
1019638,1,1,2026-06-18
1019640,6,2,2025-11-13
1019642,1,0,2026-02-06
1019655,1,0,2025-10-02
1019657,3,1,2026-08-20
1019658,2,0,2025-09-23
1019775,6,0,2026-04-09
1019784,1,1,2025-10-07
1019785,2,0,2025-08-13
1019804,4,3,2025-01-23
1019809,2,0,2025-04-01
1019822,8,6,2026-07-30
1019832,1,0,2026-05-21
1019852,3,1,2025-11-14
1019855,7,5,2026-08-07
1019864,10,4,2026-08-04
1019890,3,3,2026-04-03
1019891,1,0,2025-07-10
1019896,1,0,2025-07-14
1019898,4,2,2026-02-17
1019904,1,0,2025-10-06
1019905,1,1,2026-08-13
1019923,2,1,2025-11-12
1019931,1,1,2025-04-29
1019938,1,0,2026-04-14
1019952,1,0,2025-10-07
1019953,1,1,2025-09-26
1019955,1,0,2025-09-04
1020038,1,0,2026-04-14
1020063,3,3,2026-05-19
1020072,3,1,2026-09-08
1020075,1,1,2026-04-08
1020076,2,0,2026-04-08
1020078,1,0,2026-05-08
1020080,11,0,2026-04-16
1020082,4,3,2026-04-01
1020083,1,0,2025-02-25
1020084,2,0,2025-04-08
1020096,4,3,2026-03-04
1020135,3,3,2025-09-29
1020145,2,2,2025-09-29
1020146,1,0,2025-09-05
1020163,1,0,2025-12-31
1020165,1,0,2026-05-07
1020178,1,0,2025-10-14
1020180,1,0,2025-02-25
1020183,1,1,2026-03-27
1020185,1,0,2026-08-19
1020200,1,0,2025-02-25
1020201,1,0,2025-10-01
1020203,3,0,2026-08-10
1020204,2,0,2026-03-12
1020206,3,3,2026-08-03
1020211,1,1,2025-08-05
1020338,1,0,2026-04-28
1020348,1,0,2025-09-04
1020353,1,0,2026-07-30
1020354,1,0,2026-07-30
1020355,2,1,2026-07-30
1020361,2,0,2025-08-28
1020398,6,0,2026-02-17
1020401,2,0,2026-04-20
1020402,4,0,2026-08-05
1020414,1,0,2025-04-08
1020416,7,1,2026-04-09
1020419,4,0,2025-05-13
1020424,6,5,2025-10-23
1020428,3,1,2026-04-20
1020430,3,2,2026-09-03
1020438,1,0,2025-04-08
1020443,5,3,2026-08-05
1020444,1,0,2026-03-03
1020445,5,2,2025-11-07
1020446,3,0,2025-05-08
1020450,2,0,2026-04-13
1020481,1,0,2026-05-08
1020486,4,2,2025-10-02
1020492,1,0,2025-10-02
1020500,2,1,2025-04-28
1020501,3,1,2025-10-03
1020511,1,1,2026-08-28
1020513,1,0,2025-05-09
1020531,1,0,2025-10-14
1020543,6,1,2026-03-02
1020544,1,1,2026-02-17
1020546,1,1,2026-06-03
1020548,2,2,2025-10-10
1020549,3,0,2026-07-24
1020563,1,0,2026-09-04
1020570,1,0,2025-09-11
1020572,3,0,2025-07-02
1020575,1,0,2026-06-26
1020603,2,1,2025-10-22
1020607,3,1,2026-01-03
1020611,1,0,2025-04-23
1020613,2,0,2025-06-16
1021891,1,1,2026-02-17
1021906,1,0,2026-02-23
1021918,1,0,2025-09-08
1021923,2,2,2026-09-03
1021925,3,2,2026-04-24
1021933,1,0,2025-07-07
1022051,6,3,2025-10-17
1022057,4,3,2026-04-09
1022060,2,1,2026-05-12
1022547,1,0,2025-10-20
1022553,1,0,2026-04-20
1022560,3,1,2026-06-25
1022561,1,0,2026-04-20
1022562,1,1,2025-09-04
1022563,1,0,2026-02-17
1022565,1,1,2026-01-06
1022574,1,1,2026-04-17
1022577,1,1,2025-11-08
1022578,1,0,2025-05-16
1022579,1,0,2025-02-13
1022610,10,2,2026-08-04
1022613,1,1,2025-10-27
1022615,1,0,2025-07-10
1022632,15,8,2026-08-17
1022641,6,2,2026-08-17
1022651,2,0,2026-07-08
1022661,2,0,2025-05-22
1022666,1,0,2026-04-20
1022668,2,1,2026-07-14
1022669,1,0,2026-06-26
1022678,4,3,2025-06-12
1022687,1,0,2026-01-05
1022690,1,0,2026-07-06
1022706,5,0,2026-09-03
1022708,1,0,2026-04-20
1022710,8,1,2026-08-03
1023159,1,1,2026-01-06
1023162,1,0,2025-01-09
1023163,1,1,2026-08-30
1023166,1,1,2025-03-23
1023382,5,5,2026-06-02
1023384,1,0,2026-07-14
1023388,2,1,2026-04-20
1023393,1,1,2025-09-12
1023394,1,1,2025-04-15
1023449,2,0,2025-11-03
1023456,2,1,2026-06-12
1023460,2,0,2026-04-23
1023726,1,0,2025-01-30
1023727,4,2,2026-06-29
1023738,5,3,2025-08-01
1023750,8,6,2026-03-30
1023759,3,2,2026-03-11
1024644,2,1,2026-01-14
1024646,1,0,2025-06-30
1024649,1,0,2026-03-27
1024650,1,1,2025-07-30
1024656,6,3,2026-08-13
1024703,5,5,2026-04-20
1024705,3,2,2025-09-11
1024706,3,2,2026-06-03
1024711,2,0,2025-08-13
1024727,1,0,2026-02-26
1024729,1,1,2025-10-03
1024737,2,0,2026-02-27
1024742,2,2,2026-04-30
1024748,1,0,2026-06-18
1024762,1,1,2026-04-22
1024764,1,1,2025-05-07
1024772,1,1,2025-04-04
1024779,1,1,2026-03-20
1024782,1,0,2026-04-20
1024783,2,2,2026-05-13
1024784,2,0,2026-08-06
1024791,2,1,2025-03-21
1024793,2,1,2026-01-09
1024799,1,0,2026-08-25
1024801,1,0,2026-06-11
1024805,2,2,2025-07-14
1024811,3,0,2026-04-29
1024812,2,2,2026-05-13
1024816,3,1,2026-07-28
1024817,3,2,2026-03-02
1024818,2,1,2026-03-04
1024832,3,1,2026-06-15
1024836,2,0,2025-06-03
1024839,2,1,2026-05-22
1024849,1,1,2026-06-02
1024852,2,1,2026-06-24
1024854,1,0,2025-08-25
1024855,2,2,2026-05-15
1024857,1,0,2026-04-20
1024873,2,0,2026-04-03
1024878,1,0,2025-01-28
1024888,24,22,2026-03-30
1024891,1,0,2025-07-01
1024894,1,0,2025-01-10
1024895,1,1,2026-05-11
1024901,1,0,2025-02-06
1024909,1,0,2026-04-20
1024917,1,1,2026-07-13
1024926,1,1,2026-02-05
1024929,1,0,2025-10-15
1024933,1,0,2025-10-27
1024934,5,4,2025-12-03
1024937,2,2,2026-01-02
1024941,5,3,2026-06-01
1024942,2,0,2025-11-13
1024943,1,0,2025-09-19
1024947,1,0,2025-04-08
1024955,1,1,2025-05-08
1024965,2,0,2025-07-01
1024974,1,0,2025-12-23
1024982,3,2,2025-05-05
1024987,13,7,2026-08-27
1025006,1,1,2025-10-29
1025011,1,1,2025-07-09
1025019,1,1,2026-01-22
1025024,1,1,2025-12-17
1025030,1,1,2025-09-04
1025031,13,12,2026-08-19
1025041,1,0,2026-04-23
1025056,10,5,2026-06-29
1025061,3,1,2025-06-11
1025065,1,0,2025-11-18
1025074,1,0,2025-11-14
1025081,5,0,2025-11-20
1025082,1,0,2026-08-20
1025089,13,3,2026-02-13
1025092,10,0,2026-04-15
1025101,7,1,2026-07-17
1025119,2,0,2025-01-30
1025121,1,1,2026-01-14
1025133,3,2,2026-04-20
1025143,2,0,2026-07-22
1025144,3,1,2026-08-14
1025145,2,0,2026-04-18
1025152,4,1,2025-12-22
1025156,1,0,2025-05-13
1025157,1,1,2025-09-25
1025158,2,2,2025-09-25
1025159,2,1,2025-11-17
1025160,2,0,2025-11-18
1025164,2,1,2025-10-31
1025165,1,0,2025-12-04
1025180,5,4,2026-02-13
1025181,1,1,2026-04-09
1025184,17,15,2026-03-03
1025192,2,0,2025-09-05
1025193,7,3,2025-09-09
1025199,1,1,2025-12-09
1025200,2,2,2025-08-13
1025202,3,2,2025-12-12
1025214,8,7,2026-04-17
1025219,1,1,2025-12-09
1025236,1,0,2025-09-23
1025237,3,2,2025-07-17
1025240,1,0,2025-04-08
1025241,5,0,2026-05-13
1025252,1,1,2025-06-25
1025257,1,0,2025-10-25
1025396,11,5,2026-03-03
1025398,15,8,2026-06-04
1025399,12,7,2026-07-31
1025400,6,0,2025-09-18
1025406,1,1,2026-02-07
1025413,1,0,2025-09-29
1025416,5,0,2026-05-07
1025426,4,1,2026-07-30
1025431,4,3,2025-03-19
1025435,2,2,2026-07-27
1025436,3,1,2025-12-04
1025441,1,0,2025-09-19
1025442,6,6,2026-08-05
1025448,2,0,2026-05-20
1025449,3,1,2025-11-12
1025450,3,0,2026-04-25
1026050,1,1,2025-02-14
1026051,1,0,2026-04-01
1026057,1,0,2025-06-10
1026317,20,12,2026-09-10
1026318,2,2,2025-04-30
1026359,1,0,2026-02-18
1026383,12,11,2026-06-30
1026410,3,1,2025-04-30
1026415,1,0,2025-02-10
1026423,1,1,2025-10-23
1026425,5,4,2025-12-08
1026451,1,1,2025-12-06
1026453,1,0,2025-08-23
1026461,2,0,2026-06-05
1026462,1,0,2025-10-09
1026476,1,1,2026-01-18
1026495,4,2,2026-07-29
1026508,5,0,2025-12-08
1026512,1,0,2025-07-19
1026518,1,0,2025-07-01
1026571,1,0,2026-03-25
1026573,1,0,2025-01-23
1026577,1,1,2026-02-20
1026580,1,0,2025-12-04
1026581,1,0,2025-12-04
1026582,1,1,2025-01-22
1026603,1,0,2025-05-06
1026605,1,0,2025-09-04
1026607,4,3,2026-01-30
1026610,4,3,2025-07-02
1026611,5,4,2026-06-30
1026614,1,0,2025-01-06
1026617,4,3,2026-03-05
1026625,1,1,2025-06-01
1026634,4,3,2026-04-11
1026646,2,0,2025-07-07
1026668,4,4,2026-08-18
1026676,1,0,2026-06-01
1026683,2,1,2025-10-17
1026692,1,1,2025-05-05
1026696,13,11,2025-10-08
1026702,4,3,2025-12-23
1026706,1,0,2025-08-19
1026710,1,0,2025-12-19
1026719,3,3,2026-02-19
1026730,1,0,2025-10-08
1026731,12,7,2025-12-05
1026738,2,2,2025-10-22
1026740,5,0,2026-04-16
1026743,4,3,2026-07-13
1026748,6,3,2025-12-11
1026751,1,0,2025-11-14
1026752,4,0,2025-03-12
1026757,1,0,2025-04-08
1026772,2,1,2026-08-10
1026787,8,5,2025-11-19
1026801,1,1,2025-10-08
1026841,4,0,2026-04-16
1026845,1,1,2025-03-21
1026848,1,1,2025-09-03
1026853,1,0,2025-10-28
1026859,1,0,2025-02-19
1026863,4,1,2025-11-05
1026869,3,2,2026-08-03
1026870,2,2,2025-11-07
1026875,1,0,2026-02-06
1026882,2,0,2025-02-03
1026884,6,6,2026-09-03
1026889,2,0,2026-08-27
1026890,2,1,2025-10-07
1026893,2,0,2026-04-20
1026894,1,0,2025-12-19
1026895,2,0,2025-11-24
1026906,2,1,2025-08-07
1026914,1,0,2025-10-14
1026924,5,0,2026-04-16
1026925,1,1,2025-05-01
1026951,2,0,2025-08-16
1026963,1,1,2025-09-08
1026965,3,3,2025-11-05
1026972,2,1,2026-06-18
1026984,1,0,2025-02-27
1026985,1,0,2026-08-24
1026987,1,0,2025-09-11
1026988,1,1,2025-11-06
1026990,1,0,2025-10-14
1026992,4,3,2026-04-02
1026993,1,1,2025-12-08
1026994,1,1,2026-01-15
1027009,3,2,2026-07-15
1027016,3,0,2026-07-16
1027024,5,2,2025-12-04
1027031,1,1,2026-03-19
1027038,1,1,2025-05-05
1027044,5,4,2026-04-01
1027057,9,2,2026-01-21
1027074,1,1,2026-03-26
1027079,1,1,2025-10-23
1027084,1,1,2026-03-03
1027095,1,1,2026-05-26
1027096,1,0,2026-04-30
1027100,1,0,2026-06-10
1027103,1,0,2026-02-27
1027104,1,0,2026-08-12
1027108,1,1,2025-12-27
1027122,4,0,2026-02-03
1027125,4,1,2026-07-17
1027137,1,1,2025-09-12
1027138,3,2,2025-11-10
1027142,1,1,2025-09-27
1027145,1,1,2025-10-17
1027178,2,1,2026-02-07
1027184,12,8,2025-08-04
1027187,2,0,2025-03-20
1027189,1,0,2025-04-08
1027193,1,0,2025-04-08
1027195,1,0,2026-04-24
1027365,2,0,2025-06-04
1027463,1,1,2026-04-28
1027465,5,3,2026-07-16
1027467,2,1,2025-08-05
1028130,3,1,2026-06-08
1028133,2,1,2026-01-16
1028134,2,2,2026-06-15
1028139,1,1,2026-02-24
1028159,1,0,2026-07-13
1028160,1,0,2025-09-19
1028163,1,0,2025-10-27
1028168,4,1,2026-05-27
1028230,1,0,2025-05-07
1028232,1,1,2026-07-23
1028235,4,3,2025-10-17
1028242,1,0,2025-04-08
1028250,2,2,2026-04-15
1028259,1,1,2026-08-27
1028260,1,0,2025-10-28
1028440,2,1,2026-02-20
1028453,2,2,2026-02-21
1028458,1,0,2026-06-26
1028519,9,7,2025-11-25
1028527,2,0,2025-03-05
1028531,1,0,2026-02-02
1028555,1,0,2025-02-12
1028564,1,1,2026-02-24
1028606,2,1,2026-02-11
1028618,1,0,2026-04-10
1028622,1,1,2026-02-11
1028623,1,0,2026-07-17
1028624,2,1,2025-10-16
1028625,2,0,2026-01-29
1028634,1,0,2025-01-06
1028636,1,1,2025-08-04
1028648,2,0,2026-05-12
1028649,1,1,2026-03-22
1028667,2,1,2026-07-31
1028672,1,0,2026-04-20
1028692,4,1,2026-04-20
1028723,2,2,2025-08-25
1028724,3,3,2025-08-25
1028760,1,1,2026-01-21
1028761,1,1,2026-01-26
1028797,1,0,2025-02-25
1028821,1,1,2026-07-29
1028822,1,1,2026-01-16
1028830,1,1,2025-12-04
1028840,1,0,2026-03-19
1028847,1,0,2025-10-27
1028849,3,2,2026-04-08
1028949,1,0,2026-02-12
1028950,2,0,2026-07-17
1029658,2,1,2025-12-12
1029665,2,2,2025-09-12
1029749,1,0,2025-04-08
1029754,1,0,2025-10-03
1029766,2,0,2025-12-01
1029771,1,0,2026-04-20
1029778,2,0,2026-04-20
1029779,4,0,2026-04-08
1029781,1,0,2025-09-15
1029874,1,0,2025-04-08
1029881,1,0,2025-04-08
1029901,2,1,2026-02-18
1029924,3,1,2026-07-07
1029926,1,0,2026-01-20
1029928,1,0,2025-10-17
1029933,2,0,2026-05-27
1029937,1,0,2026-02-19
1029940,5,1,2026-03-03
1029945,1,0,2025-07-01
1029959,5,0,2026-09-02
1029964,10,5,2026-03-11
1030007,5,1,2026-05-21
1030009,1,0,2026-03-02
1030038,1,1,2026-06-09
1030039,3,1,2026-04-02
1030040,1,1,2026-03-11
1030095,2,0,2026-01-28
1030097,1,0,2025-02-11
1030111,1,0,2025-10-08
1030144,1,0,2025-07-01
1030172,2,0,2026-04-08
1030178,9,0,2026-03-09
1030196,6,0,2026-03-19
1030225,1,0,2026-08-18
1030233,1,0,2026-07-14
1030254,1,0,2026-04-24
1030260,2,1,2025-12-04
1030274,4,2,2026-07-29
1030280,2,0,2026-01-23
1030307,1,0,2025-12-11
1030315,1,1,2025-12-05
1030320,6,0,2026-03-09
1030328,1,0,2025-04-11
1030331,1,0,2025-03-21
1030333,1,1,2025-03-21
1030337,1,1,2025-09-10
1030339,2,2,2025-09-10
1030341,8,0,2026-02-27
1030343,4,0,2026-03-06
1030346,1,1,2025-11-13
1030350,5,3,2026-04-21
1030351,4,0,2026-03-02
1030373,4,3,2025-11-10
1030374,5,2,2026-06-30
1030396,6,2,2026-04-20
1030402,3,0,2025-09-12
1030409,3,1,2026-07-14
1030416,1,0,2026-03-24
1030432,11,6,2026-04-16
1030507,1,0,2026-04-20
1030513,1,0,2026-03-16
1030522,4,3,2026-04-20
1030524,1,0,2025-08-14
1030525,1,0,2025-07-01
1030527,1,0,2026-03-13
1030546,1,0,2025-03-04
1030550,4,2,2026-02-26
1030720,6,1,2026-08-20
1030724,1,0,2026-02-02
1030725,1,0,2025-10-24
1030730,1,0,2026-06-03
1030731,1,0,2026-02-09
1030740,1,0,2025-05-26
1030840,2,0,2026-02-10
1030847,4,2,2026-04-20
1030850,1,0,2025-05-12
1030860,13,7,2026-04-15
1030861,3,0,2026-08-14
1030886,1,1,2025-05-08
1030888,1,0,2025-01-13
1030900,1,1,2025-08-15
1030903,1,1,2025-03-21
1030914,2,1,2025-03-22
1030942,9,7,2026-08-12
1030966,2,0,2026-07-07
1030971,1,0,2026-07-09
1030972,1,0,2026-04-20
1030981,8,2,2026-06-01
1030985,1,0,2025-03-04
1030986,2,0,2025-05-30
1030994,3,2,2025-12-02
1030996,1,1,2025-08-27
1031000,1,0,2026-05-22
1031006,1,0,2025-06-10
1031014,1,0,2025-07-01
1031028,2,0,2026-04-20
1031029,6,6,2026-07-16
1031052,1,0,2026-07-16
1031093,2,0,2026-04-20
1031111,3,1,2026-08-20
1031127,2,0,2025-01-31
1031135,3,2,2026-08-27
1031139,3,1,2026-08-05
1031141,1,1,2025-07-17
1031150,1,1,2026-03-19
1031159,2,2,2026-03-19
1031161,1,0,2026-06-06
1031169,1,0,2025-02-11
1031181,1,1,2025-03-06
1031196,2,1,2025-09-18
1031232,5,1,2026-05-07
1031306,3,2,2026-04-20
1031308,3,2,2026-06-30
1031314,1,0,2026-01-23
1031330,1,0,2026-05-19
1031334,4,0,2025-02-26
1031338,7,3,2026-03-09
1031339,1,0,2025-03-21
1031349,5,3,2026-03-25
1031370,2,0,2026-04-20
1031377,2,2,2026-01-08
1031384,1,1,2026-05-05
1031399,3,0,2026-08-13
1031403,1,0,2026-05-19
1031405,2,1,2026-05-08
1031407,4,2,2026-07-16
1031409,1,1,2025-08-09
1031414,1,0,2025-07-01
1031443,1,0,2025-07-01
1031464,2,1,2026-04-24
1031538,23,9,2026-03-30
1031540,2,0,2026-03-26
1031543,1,0,2026-08-05
1031551,2,0,2025-01-08
1031558,7,2,2026-05-05
1031595,6,4,2026-07-21
1031607,1,1,2025-12-01
1031611,1,1,2026-09-02
1031625,3,0,2026-06-24
1031626,1,0,2026-05-29
1031627,2,2,2026-06-10
1031630,4,2,2026-05-18
1031638,1,0,2025-02-19
1031639,3,0,2026-07-16
1031644,3,1,2026-07-14
1031657,2,0,2025-05-07
1031679,4,2,2026-02-02
1031704,2,0,2025-12-16
1031706,1,1,2025-01-30
1031736,5,2,2026-03-27
1031756,1,0,2026-01-20
1031765,1,0,2026-05-30
1031798,1,0,2025-02-10
1031956,2,2,2026-01-02
1031969,3,2,2025-02-27
1031984,1,0,2025-07-01
1031993,3,3,2025-01-03
1031994,2,0,2025-06-02
1032007,2,0,2026-05-25
1032011,4,3,2026-01-02
1032025,2,1,2026-05-28
1032032,2,0,2025-07-16
1032037,1,0,2025-04-08
1032045,1,0,2026-05-11
1032065,3,1,2025-05-22
1032075,4,4,2026-03-10
1032076,2,1,2026-01-20
1032077,4,1,2025-07-28
1032080,1,1,2026-04-01
1032109,8,7,2026-03-12
1032112,3,1,2026-01-12
1032113,2,1,2026-02-09
1032119,9,0,2026-03-03
1032122,4,4,2026-04-28
1032124,2,0,2025-11-25
1032125,1,0,2025-04-07
1032127,1,0,2026-05-01
1032128,4,1,2026-03-10
1032136,1,0,2025-03-18
1032153,1,0,2025-07-01
1032161,4,0,2025-09-29
1032166,1,0,2026-07-31
1032170,11,4,2026-08-17
1032177,2,2,2025-07-01
1032178,1,1,2025-08-20
1032188,1,0,2025-03-04
1032198,1,1,2026-06-04
1032199,5,3,2026-04-14
1032208,1,1,2025-11-05
1032217,2,1,2026-01-28
1032227,1,0,2025-06-14
1032228,19,13,2026-05-11
1032247,1,0,2025-02-25
1032256,1,1,2026-09-02
1032264,5,1,2026-09-08
1032284,3,3,2025-01-13
1032301,1,1,2025-11-18
1032308,3,0,2026-03-04
1032435,1,0,2025-04-15
1032442,2,1,2025-12-31
1032489,5,4,2026-03-03
1032499,1,1,2025-08-19
1032506,1,0,2025-04-08
1032522,7,1,2026-03-04
1032526,1,1,2025-01-22
1032528,1,0,2026-04-20
1032532,2,1,2025-09-10
1032537,1,1,2025-05-13
1032551,1,1,2026-03-10
1032579,3,1,2025-10-29
1032587,3,0,2026-04-03
1032610,1,0,2026-07-17
1032611,2,2,2025-10-27
1032613,2,1,2026-01-21
1032614,1,0,2025-12-16
1032633,1,1,2026-02-25
1032643,11,4,2026-08-24
1032650,3,0,2025-07-24
1032651,1,0,2025-07-19
1032668,1,0,2026-09-01
1032670,4,4,2026-08-27
1032677,2,0,2026-06-16
1032678,1,0,2025-03-17
1032679,1,0,2025-04-30
1032695,1,0,2025-01-29
1032698,1,1,2025-08-05
1032754,8,0,2026-03-05
1032760,8,5,2026-01-16
1032768,1,0,2025-01-10
1032769,1,0,2025-01-10
1032774,2,1,2025-01-29
1032778,1,1,2026-06-29
1033103,1,0,2025-10-03
1033122,1,1,2026-04-01
1033128,1,0,2025-01-29
1033133,1,0,2026-06-10
1033135,1,0,2026-03-13
1033137,2,0,2026-08-11
1033139,3,3,2026-08-06
1033196,1,1,2026-07-28
1033197,1,0,2025-06-30
1033202,1,0,2026-08-31
1033207,4,0,2026-07-24
1033221,1,0,2025-03-03
1033224,4,4,2026-01-15
1033290,1,1,2025-12-11
1033301,4,1,2026-06-22
1033305,1,0,2026-01-15
1033308,3,1,2026-06-18
1033386,1,0,2025-01-03
1033546,8,0,2026-03-25
1033548,1,0,2025-11-10
1033562,1,1,2025-03-13
1033566,4,4,2025-11-10
1033586,1,0,2026-02-09
1033597,1,0,2025-12-03
1033598,2,1,2025-11-20
1033599,1,0,2025-02-13
1033604,1,1,2025-01-08
1033609,2,2,2026-05-11
1033611,3,2,2026-01-29
1033613,5,0,2026-06-03
1033614,2,0,2026-04-20
1033616,2,2,2025-08-26
1033621,1,0,2026-01-14
1033644,2,0,2026-03-04
1033646,1,1,2026-06-12
1033648,2,1,2025-09-08
1033649,18,6,2026-04-02
1033650,8,2,2026-07-29
1033651,1,1,2026-08-06
1033652,2,0,2025-04-08
1033653,2,1,2025-03-25
1033654,1,0,2026-08-03
1033673,1,0,2025-08-11
1033678,1,0,2026-08-26
1033683,16,9,2026-08-03
1033689,4,0,2026-04-09
1033691,3,2,2026-05-30
1033697,2,0,2025-10-08
1033707,1,1,2025-12-05
1033729,2,1,2025-06-03
1033752,1,0,2025-02-07
1033802,1,1,2026-01-16
1033803,4,0,2026-08-24
1033809,1,0,2025-11-24
1033820,5,2,2026-01-14
1033826,1,1,2026-03-20
1033838,4,0,2026-06-09
1033857,1,1,2026-08-12
1033867,2,0,2026-06-01
1033878,1,1,2026-08-18
1033935,4,3,2026-08-06
1033938,5,1,2026-05-12
1033941,4,1,2026-04-02
1033949,1,0,2026-05-05
1033968,1,1,2025-08-27
1033975,1,0,2026-04-20
1033993,1,1,2026-01-15
1034019,1,1,2025-03-05
1034022,1,0,2026-02-04
1034036,1,0,2026-06-15
1034048,3,1,2025-04-18
1034050,10,1,2026-05-30
1034063,2,0,2026-02-12
1034100,1,1,2026-02-09
1034118,1,1,2025-05-19
1034123,1,1,2026-03-17
1034136,4,1,2026-07-28
1034137,5,5,2026-07-17
1034140,1,0,2025-04-08
1034177,1,0,2026-06-27
1034178,2,1,2026-08-31
1034179,3,3,2026-03-05
1034181,9,5,2026-06-20
1034183,3,0,2025-10-09
1034184,5,2,2026-08-31
1034189,1,1,2026-06-09
1034190,3,0,2026-03-05
1034191,28,15,2026-07-22
1034211,1,1,2025-02-27
1034212,5,2,2026-05-15
1034218,6,0,2026-09-01
1034225,2,0,2026-04-20
1034232,5,2,2026-08-14
1034235,1,1,2026-01-23
1034238,12,10,2026-08-26
1034242,2,1,2026-07-09
1034248,1,0,2025-04-08
1034249,1,1,2025-04-09
1034254,1,0,2025-04-08
1034263,3,3,2025-10-09
1034264,5,1,2026-03-06
1034320,1,1,2026-07-01
1034323,2,0,2026-06-24
1034324,1,0,2026-04-20
1034326,2,0,2026-05-21
1034327,1,0,2025-04-08
1034338,1,0,2025-04-08
1034339,1,0,2025-04-08
1034345,1,0,2026-04-20
1034471,1,1,2026-04-27
1034481,1,0,2025-04-08
1034498,1,0,2025-01-31
1034503,1,0,2025-11-03
1034507,1,0,2026-08-02
1034510,6,5,2026-05-21
1034511,1,0,2026-07-23
1034516,6,6,2025-04-09
1034520,5,1,2025-09-23
1034522,3,2,2025-09-05
1034532,1,0,2025-03-26
1034537,1,0,2025-09-29
1034786,4,0,2025-12-18
1034813,1,1,2026-08-25
1034814,3,0,2026-05-16
1034818,1,0,2026-04-20
1034821,1,0,2025-04-08
1034822,1,0,2025-04-08
1034823,3,0,2026-04-20
1034825,4,2,2026-07-14
1034826,1,0,2025-04-08
1034827,1,1,2026-06-02
1034840,1,0,2025-01-02
1034850,2,2,2026-08-26
1034855,1,0,2025-04-08
1034856,2,1,2025-07-15
1035037,1,0,2025-04-08
1035044,1,0,2025-04-08
1035052,1,0,2025-04-08
1035053,1,0,2025-04-08
1035054,1,0,2026-04-20
1035056,1,0,2025-04-08
1035063,1,0,2025-04-08
1035064,1,0,2025-04-08
1035065,1,0,2025-04-08
1035071,2,2,2025-05-01
1035074,1,1,2026-08-21
1035077,3,0,2026-08-05
1035251,2,1,2026-08-04
1035252,1,0,2025-01-03
1035256,1,1,2025-04-04
1035257,1,0,2026-08-12
1035321,1,0,2026-01-13
1035322,2,1,2026-07-15
1035328,2,0,2025-02-21
1035334,1,0,2025-01-03
1035336,4,2,2026-09-10
1035342,1,0,2026-03-03
1035347,4,3,2026-03-17
1035353,2,0,2025-05-01
1035360,2,0,2026-02-20
1035365,2,2,2026-06-01
1035366,1,1,2026-04-14
1035371,4,4,2026-02-11
1035389,1,0,2025-04-08
1035393,1,0,2026-04-20
1035395,4,0,2026-04-20
1035400,1,0,2026-07-02
1035404,9,4,2026-06-15
1035412,1,0,2025-12-02
1035413,1,1,2026-03-03
1035414,1,1,2026-03-03
1035417,1,0,2025-04-08
1035423,9,7,2026-08-24
1035428,1,0,2025-04-08
1035431,2,0,2026-06-17
1035445,1,0,2025-09-09
1035454,5,2,2026-07-16
1035455,1,0,2025-09-10
1035473,6,6,2026-08-24
1035477,2,0,2026-08-05
1035714,1,0,2026-04-20
1035721,11,7,2026-07-16
1035728,5,0,2026-08-17
1035729,1,0,2025-11-05
1035731,1,1,2026-04-08
1035732,3,3,2026-08-12
1035733,2,0,2026-02-17
1035738,1,0,2025-11-24
1035762,1,1,2025-03-21
1035763,1,1,2025-10-22
1035765,4,4,2026-04-06
1035768,2,0,2025-06-14
1035769,1,1,2025-08-22
1035771,1,0,2026-04-18
1035772,1,1,2026-09-08
1035775,1,1,2026-01-13
1035777,1,1,2026-07-05
1035789,1,1,2026-08-25
1036049,1,0,2025-04-08
1036060,2,0,2025-06-14
1036061,1,0,2026-05-16
1036078,3,0,2026-03-31
1036082,11,7,2026-06-22
1036085,4,2,2026-04-20
1036144,1,1,2025-11-04
1036145,1,0,2025-10-28
1036147,8,5,2026-08-12
1036151,2,1,2026-05-16
1036186,1,0,2025-01-28
1036191,1,0,2025-07-01
1036195,1,0,2026-04-20
1036200,3,0,2025-12-21
1036205,1,1,2026-08-21
1036207,2,0,2026-07-28
1036208,1,1,2025-03-18
1036219,3,3,2025-11-13
1036223,2,1,2026-04-20
1036231,2,0,2026-07-02
1036232,3,2,2025-11-14
1036233,4,0,2026-01-14
1036441,3,0,2026-04-03
1036443,5,2,2025-07-09
1036446,3,3,2026-07-20
1036451,1,0,2026-05-06
1036454,1,1,2026-05-07
1036456,4,0,2026-08-12
1036457,7,4,2026-07-01
1036458,8,5,2026-08-12
1036459,1,0,2025-05-23
1036460,2,0,2026-08-20
1036464,1,0,2025-11-08
1036474,2,0,2025-06-07
1036477,1,1,2025-03-25
1036483,1,0,2025-09-25
1036487,1,0,2025-11-08
1036494,1,0,2026-02-18
1036498,1,0,2025-09-19
1036512,1,1,2025-02-13
1036625,2,0,2026-02-19
1036867,1,1,2026-07-13
1036868,1,1,2025-10-12
1036869,1,0,2025-09-20
1036882,4,0,2026-07-06
1036890,3,1,2025-09-30
1036910,2,0,2025-10-29
1036912,1,0,2026-03-23
1036914,2,1,2025-08-21
1036924,1,1,2025-05-17
1036925,1,1,2025-05-17
1036926,2,2,2026-05-15
1037164,1,0,2026-09-03
1037175,3,2,2025-09-09
1037546,13,4,2026-07-16
1037547,1,1,2026-07-17
1037549,4,2,2026-07-24
1037551,26,19,2026-06-16
1037552,8,7,2026-09-08
1037553,1,0,2025-02-19
1037555,1,0,2026-07-17
1037565,3,2,2026-06-03
1037573,2,2,2026-03-23
1037574,1,0,2025-10-14
1037576,3,2,2025-08-29
1037589,1,0,2025-05-08
1037591,2,2,2026-06-26
1037594,1,0,2025-03-25
1037599,6,3,2026-05-29
1037603,1,1,2026-06-26
1037605,5,3,2026-07-20
1037889,2,1,2026-01-06
1037987,2,0,2025-01-10
1037988,1,0,2025-06-03
1037993,1,1,2026-08-10
1037996,6,2,2026-07-29
1038013,2,0,2026-05-26
1038231,4,0,2025-08-13
1038243,1,0,2025-07-11
1038244,1,0,2025-09-15
1038248,1,1,2026-06-25
1038249,18,15,2025-11-18
1038445,1,0,2025-02-11
1038450,1,1,2025-11-14
1038454,1,1,2025-09-25
1038456,4,0,2025-10-22
1038459,2,0,2025-02-12
1038463,8,8,2025-06-09
1038464,9,2,2026-08-18
1038517,1,1,2026-03-19
1038532,3,2,2025-10-07
1038540,4,3,2026-07-13
1038549,2,0,2026-08-18
1038550,4,4,2025-09-12
1038551,11,4,2026-08-20
1038556,1,1,2026-06-20
1038561,39,17,2026-08-06
1038570,1,1,2026-02-09
1038575,1,0,2025-10-16
1038577,2,1,2026-03-25
1038584,1,1,2025-10-10
1038586,2,1,2026-08-31
1038589,4,1,2025-11-17
1038592,2,0,2025-10-16
1038598,4,3,2025-09-03
1038608,2,0,2025-04-08
1038619,1,0,2026-06-15
1038623,8,1,2026-07-20
1038635,1,0,2025-04-08
1038646,3,2,2025-10-15
1038654,1,0,2026-02-06
1038656,1,1,2026-02-17
1038658,1,1,2026-01-16
1038660,3,1,2026-08-25
1038665,2,0,2026-05-20
1038666,2,2,2026-06-22
1038754,1,0,2025-07-01
1038755,6,1,2025-05-01
1038767,10,5,2026-03-26
1038770,2,0,2026-04-20
1038775,6,2,2026-07-24
1038777,2,2,2025-11-20
1038781,1,1,2025-02-19
1038895,3,1,2025-02-11
1038901,1,0,2026-04-20
1038905,2,2,2026-03-15
1038915,2,2,2026-04-23
1038916,1,0,2025-03-25
1038926,2,0,2026-03-08
1038935,5,4,2025-10-22
1039077,2,2,2026-08-19
1039205,2,1,2025-10-22
1039464,1,1,2025-04-29
1039466,2,2,2026-04-29
1039474,1,0,2025-01-08
1039476,1,0,2025-10-03
1039488,5,5,2026-05-13
1039489,1,0,2026-04-20
1039577,1,0,2025-10-14
1039617,1,1,2025-02-05
1039632,4,4,2026-07-17
1039637,4,0,2026-02-10
1039641,2,2,2025-12-11
1039658,4,3,2026-08-07
1039660,1,0,2025-04-22
1039661,1,1,2025-09-20
1039784,1,0,2025-10-15
1039792,5,0,2025-11-06
1039794,1,1,2026-04-07
1039802,1,0,2025-12-29
1039803,1,0,2025-05-30
1039811,4,2,2026-01-15
1039819,12,10,2026-04-09
1039820,1,0,2026-01-20
1039822,2,0,2025-11-25
1039828,3,1,2026-06-15
1039837,1,0,2025-10-30
1039846,1,0,2025-12-20
1039964,2,2,2026-05-22
1039972,19,9,2026-08-11
1039975,1,1,2026-01-06
1039977,1,1,2025-02-01
1039986,1,1,2025-07-02
1039994,1,0,2026-03-24
1040002,1,0,2025-11-05
1040009,8,2,2026-08-28
1040011,1,0,2025-11-17
1040031,1,0,2025-09-18
1040036,36,22,2026-09-10
1040039,4,3,2026-02-27
1040043,1,0,2025-04-08
1040052,1,0,2025-04-08
1040053,1,0,2025-01-28
1040055,1,0,2026-08-20
1040101,7,6,2025-04-16
1040111,1,0,2025-04-08
1040147,1,1,2025-09-23
1040152,1,1,2025-09-23
1040155,4,2,2026-05-01
1040156,5,1,2026-08-18
1040158,2,0,2026-04-14
1040355,2,1,2026-09-03
1040466,1,0,2025-08-26
1040469,2,1,2026-01-23
1040472,6,1,2026-06-04
1040543,1,0,2026-05-16
1040554,1,0,2025-01-22
1040555,4,3,2026-04-20
1040561,3,1,2026-03-04
1040640,5,0,2026-04-20
1040723,1,1,2026-07-23
1040735,1,0,2026-06-02
1040742,1,1,2025-10-12
1040747,1,0,2025-09-09
1040751,10,6,2026-05-06
1040752,5,2,2025-07-14
1040756,1,0,2025-12-22
1040759,4,3,2026-07-16
1040760,2,2,2026-07-14
1040761,1,1,2026-06-30
1040762,5,0,2026-03-26
1040765,5,0,2025-11-03
1040802,7,4,2026-04-14
1040849,1,1,2026-07-14
1040850,2,1,2026-07-14
1040861,1,0,2025-01-15
1040884,1,0,2026-06-20
1040891,1,0,2025-12-12
1040906,1,0,2025-10-07
1040917,1,0,2026-08-04
1041016,4,3,2026-05-12
1041043,1,1,2025-09-25
1041053,2,1,2026-01-09
1041080,2,1,2026-04-20
1041096,2,0,2026-07-14
1041099,3,3,2026-01-05
1041125,1,0,2025-01-03
1041131,1,0,2025-07-17
1041142,3,1,2026-07-01
1041168,2,0,2026-08-07
1041176,2,1,2026-05-06
1041188,1,0,2025-12-12
1041196,3,0,2026-05-26
1041209,1,1,2026-03-12
1041213,1,0,2026-07-09
1041216,2,2,2026-07-15
1041234,2,2,2026-01-09
1041250,4,1,2026-03-24
1041255,1,1,2026-03-25
1041284,3,1,2025-09-11
1041291,1,1,2026-07-10
1041295,2,0,2026-04-03
1041297,2,1,2026-04-20
1041309,2,1,2026-03-25
1041311,1,0,2025-10-25
1041318,1,1,2026-08-19
1041319,1,1,2026-01-16
1041324,3,1,2026-09-03
1041329,3,1,2025-10-14
1041333,2,0,2026-02-12
1041363,2,0,2026-05-12
1041377,1,1,2025-09-22
1041464,1,0,2025-07-17
1041471,2,0,2026-05-11
1041477,1,1,2025-05-30
1041494,5,1,2025-12-16
1041502,1,0,2026-01-12
1041509,1,1,2026-04-01
1041521,8,4,2026-07-31
1041534,3,1,2025-07-10
1041662,2,2,2026-08-04
1041663,2,0,2026-07-01
1041666,3,1,2026-07-30
1041669,2,2,2025-04-22
1041672,3,2,2025-04-14
1041681,1,0,2026-04-01
1041686,3,0,2026-01-14
1041693,1,0,2025-05-29
1041706,7,4,2025-11-18
1041710,4,2,2025-01-16
1041792,1,0,2026-06-05
1041801,1,0,2025-12-15
1041819,5,1,2026-07-13
1041821,1,0,2025-04-08
1041822,13,3,2026-07-29
1041828,1,0,2025-04-08
1041829,1,0,2025-10-15
1041832,1,1,2026-07-17
1041871,1,1,2025-11-21
1041876,1,1,2026-01-20
1041884,1,0,2025-10-15
1041901,1,0,2025-10-25
1041909,1,0,2025-07-11
1041920,5,0,2026-06-25
1041933,4,1,2026-07-31
1041938,1,0,2026-08-03
1041951,1,1,2025-08-06
1041955,2,0,2026-07-15
1041956,6,0,2026-06-02
1041966,1,0,2026-08-07
1042006,1,1,2026-06-22
1042051,1,0,2025-01-08
1042055,2,1,2025-09-04
1042063,2,2,2026-05-26
1042064,2,0,2025-11-28
1042086,4,2,2026-02-12
1042088,1,0,2025-07-11
1042119,2,2,2025-07-01
1042136,1,0,2026-09-01
1042137,3,1,2026-08-19
1042362,2,2,2025-06-09
1042369,3,2,2026-04-13
1042396,1,0,2025-10-14
1042422,5,1,2026-05-14
1042429,1,0,2025-02-10
1042448,1,1,2025-06-02
1042451,3,0,2025-10-29
1042452,6,4,2026-05-14
1042456,9,7,2026-08-12
1042460,3,1,2025-10-14
1042464,3,3,2025-09-04
1042466,2,0,2026-06-17
1042467,1,0,2025-04-08
1042468,1,0,2025-04-08
1042471,1,1,2025-01-09
1042477,1,0,2025-04-08
1042478,1,0,2025-04-08
1042479,1,0,2025-04-08
1042497,7,2,2025-07-14
1042499,1,0,2026-02-12
1042507,3,1,2026-01-05
1042739,1,0,2026-04-07
1042745,1,1,2025-12-09
1042746,6,1,2026-07-27
1042799,2,1,2025-09-17
1042830,1,0,2025-10-25
1042876,1,0,2025-05-20
1043044,1,1,2026-04-15
1043045,3,3,2026-03-06
1043046,2,1,2025-07-02
1043059,2,0,2026-04-23
1043141,2,1,2026-04-16
1043155,3,2,2026-04-17
1043163,1,0,2025-06-09
1043180,8,2,2025-12-01
1043199,1,1,2025-02-02
1043230,5,4,2025-10-24
1043255,1,0,2026-04-13
1043260,2,2,2025-11-24
1043261,2,2,2025-01-06
1043269,1,1,2026-01-15
1043348,1,1,2025-03-10
1043349,1,1,2026-02-19
1043355,12,8,2026-06-12
1043356,1,0,2025-07-01
1043357,1,0,2025-07-16
1043364,1,0,2026-07-23
1043514,1,0,2025-06-18
1043519,1,0,2025-03-19
1043520,2,1,2026-05-25
1043547,4,2,2026-06-15
1043780,6,2,2025-12-01
1043798,2,1,2026-03-19
1043820,1,0,2026-04-02
1043826,1,0,2025-02-11
1043836,2,2,2026-05-29
1043853,2,0,2026-07-31
1043861,1,1,2025-09-20
1043863,1,1,2025-09-13
1043864,3,2,2026-03-24
1043866,8,3,2026-05-07
1043869,1,0,2025-08-07
1043871,3,2,2025-09-09
1043873,7,4,2026-04-20
1043874,1,0,2025-08-05
1043878,1,1,2025-09-11
1043895,1,0,2025-06-12
1043896,1,0,2025-08-08
1043902,1,0,2025-04-17
1043903,1,1,2025-02-24
1043911,1,0,2026-03-24
1043912,1,0,2026-02-09
1043916,8,6,2026-03-23
1043934,1,0,2026-05-06
1043938,3,1,2026-01-23
1043945,3,1,2025-05-16
1043972,1,0,2025-01-14
1043981,1,0,2025-11-07
1043988,3,1,2025-08-28
1043990,1,1,2026-02-17
1043992,1,0,2025-05-03
1044006,1,0,2026-03-24
1044009,2,1,2026-01-09
1044013,2,2,2026-06-10
1044020,2,0,2026-04-28
1044022,1,1,2025-01-15
1044033,1,0,2025-11-07
1044034,8,3,2025-09-09
1044051,3,0,2026-04-20
1044058,5,0,2026-03-02
1044060,1,0,2025-02-22
1044080,4,2,2026-06-22
1044084,1,0,2025-08-14
1044092,4,2,2026-01-09
1044109,2,1,2026-05-08
1044112,2,0,2026-01-16
1044114,1,0,2025-04-15
1044171,2,1,2025-11-25
1044176,1,1,2025-03-24
1044177,2,0,2026-07-08
1044178,4,1,2026-06-22
1044187,1,0,2025-10-09
1044196,6,3,2025-06-11
1044200,3,1,2026-04-28
1044213,4,1,2026-06-11
1044216,2,1,2026-02-19
1044219,1,0,2025-03-24
1044364,16,13,2026-07-27
1044369,1,0,2026-08-04
1044382,4,4,2025-02-07
1044385,1,1,2026-02-02
1044387,2,0,2026-05-26
1044390,7,6,2026-08-27
1044689,5,1,2025-08-11
1044696,2,2,2026-06-30
1044712,1,0,2025-07-01
1044723,4,3,2026-05-06
1044725,1,0,2026-08-07
1044738,3,0,2025-07-24
1044740,1,0,2025-04-08
1044751,7,0,2026-02-26
1044754,1,0,2025-12-03
1044761,1,0,2025-07-22
1044767,1,0,2025-11-07
1044780,1,1,2026-05-26
1044795,2,0,2026-08-13
1044825,1,0,2025-07-01
1044841,1,0,2025-06-17
1044853,1,0,2025-05-27
1044854,6,3,2025-09-16
1044855,1,0,2026-01-16
1044858,1,0,2025-01-29
1044859,2,1,2026-04-20
1044877,3,2,2026-05-15
1044897,1,1,2026-05-14
1044911,1,1,2026-06-08
1044915,1,0,2025-03-19
1044917,1,0,2025-02-04
1044925,1,0,2025-11-21
1044928,3,2,2026-02-18
1044929,1,0,2025-09-15
1044930,4,1,2025-10-23
1044935,3,0,2026-04-30
1045138,1,0,2026-04-03
1045144,1,0,2026-02-18
1045148,5,2,2025-12-29
1045154,2,0,2025-12-04
1045157,2,0,2026-08-28
1045161,2,1,2026-03-18
1045167,1,0,2026-02-03
1045168,1,0,2026-02-03
1045169,1,0,2025-04-08
1045173,1,0,2025-03-27
1045177,8,7,2026-04-16
1045197,1,0,2025-03-19
1045211,1,1,2026-02-13
1045214,2,0,2026-01-31
1045223,3,1,2026-03-16
1045237,4,3,2026-06-16
1045246,2,1,2025-08-14
1045261,2,2,2026-06-05
1045270,1,1,2026-02-04
1045273,1,1,2026-03-05
1045274,3,3,2026-07-10
1045277,1,1,2026-02-20
1045286,1,0,2025-07-28
1045290,1,0,2025-02-22
1045314,3,3,2026-03-17
1045315,1,0,2025-11-21
1045322,1,0,2025-08-20
1045377,1,0,2026-03-30
1045381,1,0,2025-06-16
1045387,2,1,2026-03-30
1045405,2,1,2026-03-30
1045569,3,0,2026-02-26
1045571,3,1,2025-10-06
1045573,1,1,2026-07-21
1045574,1,1,2026-03-09
1045588,1,0,2025-07-11
1045589,1,0,2026-06-09
1045809,1,0,2025-02-03
1045865,3,0,2025-10-14
1045884,1,0,2025-08-08
1045886,2,2,2025-07-01
1045888,1,1,2026-01-05
1045891,1,0,2025-03-01
1045895,1,0,2026-03-26
1045902,3,0,2026-03-26
1045911,2,0,2026-08-09
1045916,2,2,2026-08-04
1045934,2,2,2025-12-23
1045935,5,3,2026-01-12
1045938,3,2,2026-03-30
1045940,3,0,2026-04-03
1045949,2,0,2026-03-02
1045958,1,0,2025-04-08
1045966,3,2,2026-04-13
1045970,1,0,2025-03-20
1045980,2,1,2026-03-11
1045989,18,11,2026-06-29
1045994,1,0,2025-10-01
1046004,2,2,2026-02-17
1046011,1,1,2025-05-06
1046017,3,0,2026-02-25
1046022,1,0,2025-10-10
1046026,5,3,2026-03-26
1046031,2,1,2025-07-29
1046040,2,1,2025-07-15
1046251,11,6,2026-08-12
1046252,3,0,2026-04-20
1046255,1,0,2025-11-26
1046256,1,0,2025-04-08
1046257,1,0,2025-04-08
1046258,3,2,2025-06-12
1046259,3,2,2026-04-20
1046260,3,2,2025-11-26
1046269,2,0,2025-12-30
1046278,2,2,2026-05-11
1046291,1,0,2025-05-08
1046295,1,0,2026-04-01
1046302,1,0,2025-01-29
1046310,2,1,2026-04-13
1046411,7,1,2026-02-20
1046451,1,0,2025-07-16
1046457,2,1,2026-05-11
1046459,1,1,2026-05-12
1046469,2,1,2026-04-22
1046471,1,0,2025-12-11
1046609,1,1,2025-02-06
1046632,3,0,2026-08-21
1046639,2,0,2026-07-01
1046655,11,7,2026-06-03
1046662,1,0,2025-12-03
1046668,10,0,2026-02-20
1046670,1,0,2025-11-22
1046674,2,1,2026-02-11
1046678,5,1,2026-07-07
1046679,1,1,2025-05-02
1046686,1,0,2025-04-08
1046687,4,2,2025-12-19
1046768,1,0,2026-04-07
1046771,2,2,2026-04-21
1046777,1,0,2025-03-07
1046783,2,0,2025-03-21
1046789,8,3,2026-08-24
1046822,1,0,2025-09-18
1046823,1,0,2025-06-20
1046824,1,1,2025-10-07
1046826,1,0,2025-08-26
1046830,1,0,2025-09-04
1046846,1,0,2026-04-20
1046861,3,0,2025-10-28
1046916,1,0,2025-07-23
1046925,1,0,2025-01-27
1046948,1,0,2026-02-17
1046950,1,1,2026-03-31
1046953,1,0,2025-07-13
1046956,3,1,2026-04-29
1046972,6,0,2026-03-23
1046979,1,1,2026-04-30
1046986,2,1,2025-04-30
1046991,3,0,2025-07-10
1046992,1,0,2025-10-08
1047025,1,1,2026-03-12
1047037,4,0,2025-05-13
1047093,1,0,2025-07-02
1047101,1,0,2025-06-20
1047119,1,0,2025-10-16
1047134,1,0,2026-01-15
1047171,2,0,2026-06-11
1047394,1,1,2026-01-09
1047403,2,0,2026-05-04
1047431,1,0,2026-08-19
1047432,5,0,2026-05-30
1047436,4,1,2025-11-10
1047473,4,2,2026-04-22
1047483,1,1,2026-03-17
1047484,1,1,2026-02-11
1047521,5,1,2026-07-01
1047522,1,0,2025-12-10
1047523,1,0,2025-12-10
1047547,1,1,2026-02-02
1047550,1,0,2026-05-02
1047566,1,0,2026-07-17
1047570,2,0,2026-04-10
1047572,9,1,2026-08-28
1047578,2,1,2026-09-10
1047603,3,1,2026-06-05
1047610,1,1,2026-06-22
1047619,1,0,2025-12-13
1047630,1,0,2026-07-21
1047640,6,5,2026-02-10
1047648,1,0,2026-06-04
1047669,1,0,2026-04-20
1047670,2,1,2026-03-06
1047673,1,1,2026-05-20
1047689,1,1,2026-02-17
1047691,1,1,2026-05-10
1047699,2,1,2026-04-06
1047702,1,1,2026-05-10
1047703,6,6,2025-12-29
1047704,2,0,2026-04-13
1047931,16,12,2026-05-19
1047938,1,0,2026-05-30
1047942,5,3,2026-05-19
1047955,3,2,2026-07-21
1047962,1,1,2026-07-24
1048040,5,0,2026-05-02
1048043,1,0,2026-02-20
1048044,1,0,2025-12-08
1048051,1,1,2025-04-20
1048057,1,0,2025-05-20
1048063,12,2,2026-08-26
1048064,1,0,2026-07-21
1048066,1,1,2026-03-19
1048070,3,0,2025-07-16
1048072,1,1,2025-04-10
1048099,1,0,2026-02-25
1048104,3,0,2026-06-04
1048106,1,0,2026-07-21
1048107,1,0,2026-07-21
1048117,2,2,2026-02-03
1048121,2,2,2026-05-14
1048123,2,0,2025-11-28
1048124,4,1,2026-07-27
1048136,1,1,2026-04-13
1048139,5,0,2026-05-19
1048255,1,0,2026-02-07
1048256,1,1,2026-05-15
1048261,5,2,2026-05-15
1048278,4,3,2025-03-27
1048283,1,0,2025-08-26
1048284,1,0,2025-09-04
1048304,1,1,2026-06-09
1048310,3,1,2025-11-21
1048321,1,1,2025-12-04
1048325,1,0,2025-03-11
1048349,1,0,2026-07-08
1048364,1,0,2026-06-01
1048372,1,1,2026-05-08
1048384,2,2,2025-09-02
1048387,1,0,2026-06-01
1048391,2,0,2026-07-21
1048411,3,0,2026-06-30
1048443,1,1,2025-07-11
1048461,1,0,2025-10-23
1048483,1,0,2025-11-12
1048492,2,0,2026-02-24
1048495,4,0,2026-05-18
1048514,1,0,2026-03-02
1048517,1,0,2025-10-25
1048532,1,0,2025-10-28
1048540,1,0,2026-01-11
1048550,1,0,2025-11-05
1048553,3,0,2026-04-28
1048565,1,1,2026-01-14
1048579,1,0,2025-01-03
1048647,2,2,2026-03-16
1048678,3,2,2026-06-01
1048692,1,0,2025-04-30
1048693,7,1,2026-08-04
1048696,1,0,2026-05-15
1048700,2,1,2025-07-07
1048708,3,0,2026-01-14
1048714,6,0,2026-07-13
1048724,3,0,2026-07-08
1048725,6,0,2026-07-08
1048727,1,0,2025-10-24
1048730,1,1,2026-06-05
1048737,1,0,2025-07-01
1048755,1,0,2026-02-26
1048765,3,0,2026-06-20
1048766,3,0,2026-06-20
1048782,1,0,2025-04-08
1048792,1,0,2025-04-10
1048793,1,0,2025-05-07
1048809,1,0,2025-02-22
1048819,1,0,2026-07-31
1048842,4,1,2026-05-29
1048874,3,2,2026-05-29
1048875,1,1,2026-02-17
1048891,1,0,2025-02-11
1048892,13,12,2026-07-11
1048914,2,1,2025-12-31
1048915,8,5,2026-04-30
1048918,2,0,2026-04-15
1049218,1,0,2026-06-29
1049219,1,0,2026-05-29
1049261,3,1,2026-06-05
1049812,1,0,2025-02-11
1049848,3,1,2026-02-13
1049867,3,3,2026-05-14
1049876,1,0,2025-04-02
1049889,3,0,2026-06-10
1049899,1,0,2025-04-15
1049904,4,3,2025-07-29
1049914,1,0,2025-12-11
1049930,1,0,2025-10-14
1049945,2,0,2025-04-04
1049951,2,1,2026-06-05
1049952,2,0,2026-03-31
1049955,4,2,2025-10-07
1049960,1,1,2026-08-04
1049982,3,3,2026-07-28
1049994,1,1,2026-04-30
1050004,1,0,2026-08-24
1050006,2,1,2026-06-30
1050008,1,0,2026-07-23
1050017,1,1,2026-06-15
1050022,1,0,2026-01-04
1050024,3,2,2026-05-29
1050025,11,3,2026-07-27
1050029,1,0,2026-06-10
1050031,7,2,2026-07-08
1050032,2,0,2026-05-14
1050039,1,0,2025-05-27
1050043,1,0,2025-07-19
1050062,1,0,2026-07-14
1050089,1,0,2026-05-22
1050095,2,0,2025-12-05
1050138,2,0,2025-11-07
1050141,3,1,2025-11-24
1050195,2,2,2026-03-04
1050205,3,2,2026-07-01
1050217,4,1,2026-02-19
1050226,1,1,2025-09-02
1050229,1,0,2026-05-27
1050231,1,0,2025-07-16
1050240,2,0,2025-01-28
1050276,1,1,2026-07-30
1050279,1,0,2026-06-15
1050280,2,1,2025-12-22
1050287,3,1,2026-05-26
1050288,1,0,2025-02-22
1050299,1,0,2026-07-30
1050305,3,2,2026-04-28
1050312,1,1,2026-06-10
1050313,2,2,2025-03-01
1050324,1,0,2025-07-14
1050330,3,0,2025-08-21
1050333,14,10,2026-07-16
1050337,1,1,2026-05-01
1050338,7,0,2026-02-20
1050341,4,0,2026-04-15
1050342,27,15,2026-08-11
1050350,1,0,2025-11-18
1050352,1,0,2025-04-14
1050357,2,1,2025-09-20
1050362,1,0,2025-01-14
1050363,2,1,2026-01-23
1050371,2,0,2025-08-19
1050385,1,1,2026-07-21
1050387,1,0,2025-11-17
1050388,1,0,2026-06-20
1050396,3,1,2025-09-12
1050400,1,0,2026-05-14
1050401,4,3,2025-02-27
1050403,1,0,2025-02-11
1050418,1,0,2026-08-13
1050452,2,1,2026-06-01
1050459,1,0,2025-04-08
1050481,2,2,2026-06-24
1050529,1,0,2026-04-20
1050533,3,0,2026-06-01
1050596,1,0,2026-08-27
1050600,2,1,2026-05-29
1050605,2,0,2026-03-11
1050606,1,0,2025-06-09
1050610,1,0,2025-04-03
1050618,6,0,2026-02-20
1050620,1,0,2025-05-02
1050627,1,0,2025-08-14
1050633,1,0,2025-03-28
1050733,4,0,2026-05-13
1050739,1,0,2025-04-09
1050753,4,1,2026-02-26
1050756,1,0,2025-04-08
1050763,1,0,2025-04-08
1050766,10,4,2026-07-21
1050772,1,1,2025-01-14
1050773,1,1,2025-11-03
1050774,1,0,2025-10-30
1050869,5,0,2025-02-04
1050870,2,2,2025-12-29
1050872,3,3,2026-06-11
1051129,1,0,2026-04-20
1051154,4,2,2026-06-24
1051155,7,3,2026-08-18
1051159,1,1,2025-05-28
1051171,1,0,2026-06-24
1051175,1,0,2025-12-06
1051189,5,5,2026-07-17
1051221,6,3,2026-06-09
1051246,1,1,2026-06-08
1051248,1,0,2025-04-08
1051275,5,0,2026-05-13
1051287,1,0,2025-04-08
1051312,2,1,2026-05-30
1051315,11,10,2026-05-28
1051323,1,1,2025-08-29
1051329,1,0,2025-09-04
1051351,1,1,2026-03-12
1051381,4,2,2026-06-20
1051383,1,1,2025-07-23
1051386,3,0,2026-01-05
1051391,9,1,2026-01-07
1051393,1,1,2025-07-21
1051395,1,0,2025-05-07
1051396,2,2,2026-05-26
1051399,2,0,2026-04-01
1051400,2,1,2025-09-15
1051410,8,0,2026-07-30
1051411,4,3,2026-03-28
1051413,9,0,2026-07-30
1051420,1,0,2026-02-04
1051422,3,2,2026-09-03
1051424,1,0,2025-07-01
1051428,2,1,2026-07-08
1051434,9,1,2026-08-03
1051435,1,1,2026-01-22
1051436,4,2,2026-01-14
1051437,3,3,2026-03-18
1051447,4,1,2026-01-29
1051448,1,0,2026-04-20
1051462,1,0,2026-04-20
1051464,1,1,2025-10-24
1051469,1,0,2026-04-20
1051481,1,0,2025-02-06
1051485,2,0,2025-11-10
1051486,1,0,2026-01-24
1051494,1,1,2026-02-04
1051497,17,0,2026-07-17
1051499,1,0,2025-05-12
1051500,4,1,2026-04-20
1051501,3,2,2026-07-23
1051513,1,1,2026-01-24
1051514,10,5,2026-05-18
1051515,4,0,2026-07-17
1051516,1,1,2026-06-17
1051584,4,0,2026-07-20
1051589,1,1,2026-02-21
1051591,1,0,2025-03-31
1051595,1,0,2026-05-06
1051601,3,0,2026-04-13
1051603,1,1,2025-10-28
1051606,4,2,2026-09-08
1051620,13,0,2026-06-15
1051628,5,4,2026-08-12
1051637,1,0,2025-01-29
1051638,1,0,2025-01-29
1051646,2,0,2026-09-03
1051655,2,2,2026-08-14
1051656,3,1,2026-06-01
1051660,8,3,2026-09-08
1051664,3,2,2026-04-09
1051665,1,0,2026-09-01
1051669,4,2,2026-03-10
1051691,1,0,2026-07-27
1051717,1,0,2026-02-10
1051738,1,0,2025-11-03
1051739,1,0,2025-02-11
1051749,2,1,2026-08-27
1051760,1,0,2025-09-03
1051772,1,0,2025-03-21
1051774,1,0,2025-02-20
1051786,2,0,2026-07-16
1051794,1,0,2026-07-14
1051797,3,0,2025-10-08
1051799,2,1,2025-10-08
1051807,6,6,2026-06-24
1051813,1,0,2025-12-03
1051831,1,0,2025-06-14
1051842,4,0,2025-10-21
1051846,1,1,2025-05-28
1051847,3,1,2026-04-20
1051853,1,1,2026-06-07
1051875,1,1,2026-08-31
1051877,1,1,2026-02-28
1051878,1,1,2026-02-28
1051879,1,1,2026-02-28
1051880,1,1,2026-02-28
1051882,5,1,2025-08-26
1051884,1,0,2025-10-08
1051896,3,1,2025-01-31
1051902,2,1,2026-02-28
1051903,1,1,2026-02-28
1051917,2,2,2026-07-09
1051928,4,4,2025-09-11
1051930,2,0,2025-11-03
1051936,1,1,2026-03-26
1051941,1,1,2025-12-12
1051956,1,0,2025-07-10
1051965,11,3,2026-02-17
1051972,1,0,2026-06-09
1051976,3,2,2026-01-28
1051983,1,0,2025-03-19
1051987,2,1,2026-07-22
1051988,6,5,2026-06-26
1052000,1,0,2025-02-11
1052001,1,1,2025-07-02
1052015,1,0,2025-12-20
1052020,1,1,2026-05-08
1052054,1,0,2026-04-06
1052059,1,0,2025-07-01
1052081,1,0,2025-12-01
1052082,1,0,2025-12-01
1052087,1,1,2025-11-19
1052096,3,3,2026-05-01
1052114,1,0,2025-12-04
1052115,1,1,2026-04-21
1052116,1,1,2026-04-21
1052119,1,1,2025-04-29
1052120,1,0,2025-04-16
1052126,2,2,2026-07-02
1052127,2,2,2026-07-02
1052148,1,1,2025-12-01
1052157,1,1,2025-04-14
1052162,1,0,2026-08-14
1052187,2,2,2026-02-13
1052192,5,4,2025-08-01
1052262,1,1,2026-07-29
1052266,1,0,2025-01-02
1052272,6,6,2026-08-07
1052275,10,4,2025-05-22
1052277,1,0,2025-09-15
1052285,2,0,2026-04-22
1052289,2,2,2025-06-12
1052312,8,7,2026-07-23
1052315,2,1,2026-01-07
1052321,9,0,2026-05-12
1052350,1,0,2025-09-15
1052354,1,0,2025-02-11
1052384,15,0,2026-07-22
1052403,15,6,2026-09-02
1052405,3,3,2025-05-19
1052433,2,0,2026-07-22
1052436,10,0,2026-07-22
1052463,14,9,2026-07-14
1052467,2,2,2025-12-03
1052474,5,5,2026-09-08
1052492,1,1,2025-02-26
1052506,2,0,2026-07-14
1052507,2,2,2026-03-27
1052512,1,0,2026-05-19
1052524,1,0,2025-07-14
1052530,1,1,2026-04-19
1052537,2,1,2025-12-05
1052552,1,0,2026-03-17
1052557,2,2,2025-12-12
1052562,4,3,2025-06-25
1052566,4,4,2026-03-15
1052573,2,0,2025-06-26
1052610,1,0,2026-08-07
1052618,1,0,2025-07-01
1052631,3,3,2025-12-24
1052649,1,1,2025-12-17
1052654,2,1,2026-08-12
1052673,2,2,2026-03-04
1052674,3,1,2026-01-08
1052677,7,7,2026-03-25
1052712,5,2,2025-11-17
1052718,1,1,2025-05-20
1052766,8,1,2026-05-11
1052773,1,1,2026-07-17
1052774,18,13,2026-08-26
1052775,1,0,2026-06-10
1052801,1,0,2026-04-20
1052806,4,3,2025-07-11
1052807,1,0,2026-04-20
1052843,1,0,2025-03-13
1052873,6,2,2026-06-11
1052876,1,0,2025-04-08
1052894,4,3,2026-07-17
1052929,1,0,2026-03-20
1052930,3,0,2025-09-16
1052952,1,1,2026-08-21
1052973,3,0,2026-01-30
1052986,6,0,2026-07-21
1052992,1,0,2025-03-31
1052994,1,0,2025-03-13
1052998,7,0,2026-07-22
1052999,5,0,2026-07-22
1053008,3,1,2026-01-06
1053020,4,4,2025-04-17
1053049,4,4,2026-06-23
1053062,5,1,2026-07-21
1053063,1,0,2025-09-01
1053064,1,0,2026-08-04
1053065,2,1,2026-07-29
1053066,1,1,2026-07-29
1053069,1,1,2026-07-29
1053077,15,7,2026-09-10
1053078,1,0,2026-03-23
1053081,2,0,2025-04-15
1053082,5,3,2026-07-15
1053152,1,0,2026-07-23
1053175,2,0,2025-01-29
1053176,3,1,2026-07-15
1053177,2,0,2026-08-03
1053202,4,4,2025-05-08
1053213,2,2,2026-04-24
1053233,2,0,2026-06-30
1053243,3,3,2025-07-09
1053247,3,0,2025-07-08
1053248,2,2,2025-08-04
1053262,18,8,2026-07-30
1053287,1,0,2025-07-28
1053289,2,2,2026-02-20
1053297,2,2,2025-09-02
1053305,2,2,2025-09-02
1053348,1,1,2026-06-16
1053364,9,2,2025-10-02
1053368,1,0,2025-06-24
1053388,1,0,2025-02-06
1053390,1,0,2026-08-17
1053398,2,1,2026-07-29
1053399,2,0,2026-06-17
1053413,2,1,2025-10-08
1053414,1,1,2025-10-20
1053424,6,5,2026-08-27
1053438,3,1,2025-11-03
1053463,1,0,2025-09-15
1053466,5,4,2026-04-25
1053467,3,2,2026-08-28
1053473,1,0,2026-07-31
1053478,2,2,2026-05-28
1053491,4,0,2025-09-22
1053500,17,3,2026-08-01
1053501,5,2,2026-06-10
1053506,1,0,2026-01-28
1053507,1,0,2025-09-29
1053521,1,1,2025-07-22
1053526,5,3,2025-12-13
1053544,2,2,2026-07-08
1053548,2,1,2026-05-18
1053556,4,0,2026-01-07
1053558,1,0,2026-01-07
1053572,1,0,2025-02-06
1053610,3,0,2026-02-04
1053611,1,1,2026-07-24
1053615,1,0,2025-07-22
1053639,5,5,2026-01-13
1053651,2,1,2026-04-20
1053657,2,1,2026-05-12
1053658,3,0,2026-05-12
1053660,8,6,2026-07-22
1053661,1,0,2025-05-30
1053662,1,1,2025-08-01
1053675,2,1,2026-05-13
1053683,1,1,2026-06-08
1053687,1,0,2025-08-29
1053690,4,3,2026-07-06
1053691,8,5,2026-09-09
1053695,1,1,2025-08-29
1053698,7,4,2026-08-05
1053699,1,0,2026-07-29
1053710,2,1,2026-04-20
1053715,19,17,2026-07-21
1053718,1,1,2025-11-25
1053725,5,0,2026-04-20
1053733,1,1,2025-09-05
1053748,1,0,2025-09-18
1053753,1,0,2025-06-25
1053769,2,1,2025-02-19
1053773,3,2,2026-07-15
1053796,9,6,2026-05-29
1053805,3,2,2026-04-20
1053814,1,0,2025-05-25
1053837,1,1,2026-01-30
1053863,1,0,2026-04-20
1053878,2,2,2025-11-18
1053888,1,0,2025-08-13
1053892,1,1,2026-06-23
1053896,4,2,2025-11-10
1053898,1,1,2025-08-25
1053899,12,9,2026-04-16
1053908,6,4,2026-07-27
1053911,3,1,2025-09-18
1053914,1,1,2025-09-18
1053915,2,2,2025-11-04
1053921,1,0,2026-06-04
1053936,6,1,2026-01-15
1053938,5,1,2025-12-08
1053940,4,0,2026-01-15
1053943,2,2,2026-07-07
1053946,2,2,2026-09-04
1053968,7,0,2026-07-23
1054005,1,1,2026-06-16
1054006,2,1,2026-03-10
1054024,4,0,2026-03-30
1054035,1,1,2026-07-30
1054036,1,1,2026-03-30
1054042,2,0,2025-08-06
1054071,1,0,2026-05-15
1054084,1,1,2026-01-09
1054095,1,0,2025-05-05
1054105,1,0,2025-02-24
1054125,5,1,2025-04-07
1054129,2,1,2025-08-25
1054156,2,0,2025-09-08
1054159,3,0,2026-07-23
1054164,1,0,2025-04-08
1054197,4,4,2026-07-30
1054235,2,1,2025-04-11
1054255,1,0,2026-01-06
1054257,1,0,2025-08-11
1054261,8,8,2026-08-05
1054276,5,0,2026-07-24
1054289,1,0,2025-03-31
1054299,2,0,2025-07-15
1054345,1,1,2026-04-20
1054347,3,2,2026-07-17
1054361,3,1,2026-08-13
1054362,1,1,2026-07-21
1054368,3,2,2026-08-12
1054373,2,0,2026-03-25
1054377,2,0,2026-04-15
1054378,2,0,2025-11-22
1054380,2,0,2025-11-24
1054407,2,2,2026-05-18
1054408,2,1,2026-05-19
1054417,2,2,2026-05-09
1054418,1,1,2026-01-22
1054421,1,0,2025-05-14
1054433,2,1,2026-02-13
1054442,2,2,2026-07-23
1054443,3,3,2026-09-10
1054444,2,2,2026-07-23
1054445,1,0,2026-07-28
1054447,3,1,2026-08-17
1054466,1,0,2025-06-05
1054467,1,0,2025-06-05
1054487,1,0,2026-04-20
1054488,1,1,2025-08-08
1054496,3,2,2026-05-12
1054502,9,0,2026-07-27
1054503,3,0,2025-07-01
1054513,2,2,2026-05-18
1054514,5,1,2026-07-23
1054516,1,0,2025-07-01
1054530,1,0,2025-01-29
1054531,3,1,2026-03-11
1054532,1,0,2025-01-29
1054534,4,2,2026-03-17
1054536,1,0,2025-12-08
1054553,1,1,2025-12-10
1054557,6,2,2026-02-12
1054591,1,1,2026-09-10
1054606,1,1,2026-08-06
1054619,7,2,2025-10-25
1054626,1,1,2026-03-10
1054627,4,1,2026-07-16
1054628,1,0,2026-04-06
1054629,2,0,2026-02-20
1054632,8,3,2026-04-15
1054670,1,0,2026-04-15
1054682,1,1,2025-09-26
1054710,1,1,2025-05-01
1054723,3,1,2026-04-20
1054786,8,0,2026-07-28
1054788,2,0,2025-10-24
1054794,3,1,2026-02-20
1054806,1,0,2025-12-09
1054814,1,0,2025-01-22
1054821,1,0,2025-04-01
1054832,1,0,2026-06-30
1054837,1,0,2026-05-19
1054845,4,2,2025-07-01
1054846,9,9,2026-04-22
1054847,1,0,2025-06-25
1054849,1,1,2025-01-03
1054878,1,0,2025-07-09
1054879,2,0,2025-08-19
1054880,2,1,2025-10-21
1054921,1,1,2026-07-22
1054937,1,0,2025-04-15
1054938,1,0,2025-07-10
1054947,1,1,2026-08-10
1054960,13,3,2026-09-03
1054962,9,8,2026-03-24
1054970,1,0,2026-07-29
1054981,1,0,2025-06-23
1054986,3,2,2026-06-30
1054988,1,0,2025-07-01
1055006,1,1,2026-03-20
1055008,5,1,2026-05-14
1055024,2,2,2026-06-30
1055025,1,0,2025-01-29
1055031,1,0,2025-09-15
1055033,2,0,2026-04-20
1055040,1,1,2025-04-23
1055042,1,0,2025-01-29
1055052,2,2,2026-01-12
1055057,2,0,2026-07-30
1055063,1,1,2025-04-24
1055064,1,1,2025-08-07
1055065,2,2,2025-09-18
1055068,2,1,2026-04-22
1055069,6,5,2025-07-25
1055085,1,0,2025-01-08
1055094,1,0,2026-05-28
1055102,8,0,2026-05-15
1055106,1,1,2026-03-17
1055107,4,3,2026-03-23
1055109,1,0,2026-05-20
1055111,11,0,2026-07-31
1055123,1,0,2025-01-29
1055151,1,1,2026-02-01
1055158,1,0,2025-09-25
1055174,1,0,2025-08-27
1055185,1,1,2026-01-27
1055196,1,1,2026-05-27
1055204,6,0,2026-08-03
1055222,2,0,2025-12-24
1055227,3,3,2026-05-11
1055237,3,1,2026-06-17
1055238,1,0,2026-04-11
1055252,1,0,2025-01-29
1055254,3,0,2025-06-05
1055263,6,2,2026-09-01
1055265,4,3,2026-05-01
1055299,2,2,2025-08-13
1055306,11,1,2026-03-27
1055398,2,1,2026-03-16
1055408,1,0,2026-08-11
1055474,4,0,2026-03-12
1055477,1,0,2025-08-31
1055478,6,5,2026-03-03
1055479,1,0,2026-02-23
1055484,2,0,2026-07-23
1055490,7,5,2026-04-10
1055498,4,1,2025-09-10
1055505,4,4,2026-07-13
1055509,2,1,2025-05-06
1055612,1,0,2025-07-01
1055622,1,0,2025-07-01
1055627,2,2,2025-08-27
1055629,1,0,2025-03-19
1055641,1,0,2025-06-10
1055649,1,0,2025-04-08
1055652,2,1,2026-02-20
1055659,4,2,2026-03-25
1055676,5,3,2026-04-10
1055688,1,1,2026-01-23
1055695,2,0,2025-01-08
1055696,3,2,2026-05-08
1055707,3,3,2026-06-24
1055708,2,0,2026-06-04
1055711,1,0,2025-04-14
1055719,3,1,2026-03-11
1055723,7,5,2026-06-01
1055730,1,1,2025-09-02
1055749,4,3,2025-08-14
1055754,2,0,2025-02-18
1055757,1,0,2025-10-27
1055758,1,0,2025-01-29
1055763,1,0,2026-05-22
1055770,1,0,2025-10-16
1055772,4,0,2026-09-01
1055780,1,1,2026-08-27
1055806,15,10,2026-07-27
1055818,10,10,2026-05-08
1055820,1,0,2026-07-17
1055821,6,5,2025-08-15
1055825,2,0,2026-07-23
1055830,4,3,2025-10-08
1055843,1,0,2025-03-24
1055849,2,2,2025-10-01
1055850,4,4,2025-10-02
1055851,4,4,2025-12-01
1055855,1,0,2026-02-27
1055862,18,8,2026-07-29
1055880,2,0,2026-06-02
1055890,8,0,2026-07-06
1055892,11,8,2026-08-27
1055897,4,2,2026-07-01
1055898,3,2,2026-02-11
1055899,1,0,2025-01-23
1055902,11,4,2026-05-01
1055905,4,0,2026-04-20
1055908,6,0,2026-03-06
1055925,1,1,2026-01-27
1055944,4,3,2025-11-12
1055947,1,0,2026-04-11
1055948,1,0,2025-11-06
1055960,1,1,2025-03-12
1055968,1,0,2026-01-21
1055974,1,1,2026-07-16
1055986,2,0,2026-04-06
1055990,3,0,2026-03-11
1055993,1,1,2025-01-15
1056004,6,3,2026-07-23
1056013,2,1,2026-02-24
1056059,5,0,2026-07-16
1056060,1,0,2026-01-12
1056061,2,0,2025-07-01
1056065,6,3,2026-02-13
1056066,1,1,2025-11-18
1056383,1,1,2025-04-15
1056384,1,0,2025-08-21
1056386,1,1,2025-10-28
1056409,1,1,2025-03-20
1056456,2,0,2026-03-05
1056459,1,0,2026-09-02
1056460,1,1,2025-10-15
1056464,1,0,2026-04-13
1056466,5,1,2026-04-20
1056475,2,2,2026-02-17
1056480,1,1,2026-06-08
1056484,2,2,2025-11-10
1056485,3,3,2026-05-22
1056486,10,0,2026-08-03
1056487,1,0,2025-04-08
1056505,3,0,2026-08-13
1056506,13,6,2026-06-12
1056513,1,0,2025-01-29
1056517,3,1,2026-08-17
1056542,1,0,2025-04-21
1056566,2,1,2026-02-21
1056573,3,1,2025-07-01
1056576,2,2,2026-04-29
1056577,1,1,2026-06-06
1056583,1,1,2025-12-12
1056586,5,2,2025-09-08
1056602,1,0,2026-03-26
1056607,1,1,2026-01-20
1056614,2,1,2026-08-13
1056618,1,0,2025-07-01
1056629,1,1,2025-03-11
1056630,1,1,2026-02-20
1056637,1,0,2026-08-13
1056645,2,0,2026-05-19
1056647,2,2,2026-03-24
1056651,8,5,2026-06-05
1056657,2,0,2026-07-27
1056658,1,1,2026-09-08
1056659,1,0,2025-03-27
1056660,1,1,2026-01-05
1056663,1,0,2025-01-06
1056669,8,8,2025-04-18
1056672,3,0,2025-10-17
1056676,3,0,2026-03-11
1056677,1,0,2026-03-03
1056681,2,2,2026-02-02
1056684,4,4,2026-05-08
1056689,4,3,2026-05-20
1056697,6,3,2026-05-19
1056698,6,3,2025-09-05
1056699,8,7,2026-05-19
1056700,4,3,2025-11-06
1056703,2,0,2026-06-12
1056706,1,0,2025-06-13
1056708,3,2,2026-02-05
1056709,3,0,2026-03-05
1056711,1,1,2026-01-29
1056712,2,0,2026-08-07
1056713,2,1,2026-04-07
1056718,1,0,2025-04-08
1056906,2,1,2026-05-26
1056907,3,2,2026-04-20
1056915,3,0,2026-08-25
1056918,2,2,2025-11-13
1056975,2,0,2026-08-26
1056976,3,1,2026-07-07
1056977,1,0,2025-04-08
1056978,7,6,2026-04-30
1056979,2,1,2026-02-04
1056980,4,0,2026-05-01
1056981,1,0,2025-04-08
1056984,1,0,2025-04-08
1056985,1,0,2025-04-08
1056986,1,0,2025-04-08
1056987,1,0,2025-04-08
1056988,1,0,2025-04-08
1056997,1,1,2026-05-19
1057032,1,0,2025-08-27
1057059,1,0,2026-05-30
1057065,1,0,2025-04-02
1057067,3,2,2025-11-14
1057068,1,0,2025-07-01
1057069,1,0,2026-01-21
1057082,1,1,2025-07-24
1057087,1,0,2026-04-01
1057089,2,1,2026-05-04
1057091,1,0,2026-07-28
1057094,8,6,2026-06-15
1057135,2,0,2025-01-22
1057147,1,1,2026-08-10
1057150,1,0,2025-05-04
1057155,3,0,2026-03-08
1057176,3,0,2026-02-03
1057181,10,9,2026-08-31
1057182,7,0,2026-05-13
1057183,1,1,2026-08-28
1057197,1,1,2025-07-21
1057200,2,1,2026-08-17
1057203,2,1,2026-06-23
1057204,1,0,2025-10-17
1057209,1,1,2025-03-20
1057214,2,0,2026-04-20
1057216,1,0,2026-09-08
1057219,2,1,2025-02-24
1057220,3,0,2026-02-16
1057240,2,0,2026-04-20
1057257,4,2,2026-08-12
1057263,2,1,2026-01-29
1057268,3,0,2026-02-17
1057292,1,0,2025-04-25
1057299,1,0,2025-07-01
1057305,1,0,2025-02-12
1057311,1,0,2026-04-20
1057312,2,1,2026-01-08
1057322,5,1,2026-07-16
1057332,4,2,2025-07-03
1057334,2,2,2025-03-06
1057337,1,0,2025-12-24
1057356,1,1,2025-11-03
1057372,4,0,2025-10-10
1057380,3,3,2026-06-10
1057381,1,1,2026-03-09
1057387,2,0,2026-06-10
1057392,2,0,2025-07-28
1057438,1,0,2025-05-13
1057449,1,0,2025-06-18
1057450,1,0,2025-02-11
1057452,3,1,2026-05-05
1057488,1,0,2026-04-09
1057490,1,0,2025-02-25
1057532,1,1,2025-10-21
1057560,2,2,2026-07-10
1057616,4,3,2025-07-25
1057621,1,0,2025-10-10
1057630,1,1,2025-07-28
1057631,6,0,2026-08-07
1057672,3,0,2025-04-17
1057675,1,0,2025-07-01
1057683,4,0,2026-08-03
1057699,1,0,2026-05-20
1057776,1,1,2025-02-07
1057778,1,0,2025-07-21
1057791,1,1,2025-12-09
1057805,1,0,2026-09-03
1057807,1,0,2025-03-20
1057811,13,13,2026-01-14
1057813,1,0,2025-07-01
1057818,1,0,2026-04-20
1057836,1,1,2025-09-02
1057866,1,0,2025-08-19
1057899,3,3,2026-09-08
1057902,4,1,2026-08-27
1057906,4,0,2026-05-12
1057908,1,1,2025-12-04
1057914,6,3,2025-11-18
1057926,1,0,2026-06-08
1057933,2,1,2026-07-06
1057935,2,0,2025-01-13
1057944,1,0,2025-07-16
1057953,1,1,2026-05-12
1057957,1,0,2025-09-22
1057959,7,7,2025-10-03
1057967,4,3,2026-03-10
1057968,1,0,2025-07-16
1057972,1,0,2025-07-16
1057994,3,1,2026-01-14
1058008,2,1,2025-09-19
1058015,1,0,2025-08-29
1058040,1,0,2026-07-27
1058059,2,0,2026-07-23
1058084,1,1,2026-01-07
1058105,2,1,2026-06-09
1058117,3,1,2026-06-22
1058118,1,0,2025-12-09
1058139,4,1,2026-03-20
1058142,9,5,2026-08-05
1058188,1,0,2025-11-15
1058216,2,0,2025-11-17
1058217,4,1,2025-11-17
1058226,2,2,2025-09-10
1058236,2,0,2025-01-31
1058242,1,0,2026-05-13
1058248,6,0,2026-08-03
1058250,13,5,2026-07-23
1058258,1,1,2026-04-01
1058264,6,0,2026-07-06
1058275,3,0,2025-06-05
1058295,3,1,2026-08-12
1058296,2,1,2026-04-13
1058312,1,0,2025-05-12
1058313,3,3,2026-04-01
1058316,8,6,2026-06-22
1058318,1,0,2025-02-04
1058319,2,0,2025-09-15
1058352,5,0,2025-06-09
1058366,2,1,2025-10-03
1058370,2,1,2026-06-03
1058371,4,2,2026-06-25
1058372,1,1,2025-12-01
1058377,2,1,2026-04-20
1058378,2,2,2026-02-10
1058384,3,2,2025-09-23
1058393,1,0,2025-06-05
1058396,1,1,2026-02-08
1058414,1,0,2025-07-22
1058423,1,1,2025-05-02
1058437,2,2,2026-03-19
1058443,5,3,2026-09-03
1058447,10,0,2026-08-03
1058448,2,1,2026-07-14
1058455,8,4,2026-05-01
1058470,6,0,2026-08-04
1058485,3,1,2026-06-30
1058491,3,3,2026-07-20
1058493,1,0,2025-08-12
1058500,1,0,2025-10-16
1058505,9,0,2026-06-04
1058515,3,2,2026-03-02
1058535,1,0,2025-10-10
1058568,3,1,2025-07-15
1058601,3,0,2026-07-23
1058611,1,0,2025-10-09
1058613,6,3,2026-07-20
1058647,1,0,2025-10-09
1058657,1,1,2026-04-07
1058660,5,0,2026-08-07
1058670,7,5,2026-01-05
1058671,9,0,2026-07-31
1058683,4,2,2025-07-23
1058687,6,4,2026-04-30
1058696,1,0,2026-04-14
1058699,3,2,2025-08-27
1058701,1,0,2025-03-19
1058710,6,5,2026-09-01
1058725,7,7,2026-08-05
1058728,12,11,2026-02-25
1058738,7,6,2026-08-07
1058743,2,1,2025-08-12
1058744,1,0,2026-05-08
1058754,1,0,2025-09-19
1058780,1,0,2026-04-01
1058781,4,1,2025-11-17
1058785,1,0,2025-06-18
1058791,1,1,2026-06-02
1058808,6,0,2026-08-04
1058810,1,1,2025-08-08
1058813,1,0,2026-03-12
1058814,2,2,2025-10-01
1058823,1,0,2025-01-22
1058824,8,7,2025-02-25
1058838,1,0,2025-07-01
1058843,5,0,2026-08-04
1058854,4,2,2026-06-25
1058855,1,1,2026-09-08
1058859,1,0,2025-08-15
1058884,3,2,2025-08-15
1058890,3,1,2025-12-16
1058896,1,0,2025-03-21
1058897,3,1,2025-11-03
1058905,1,0,2026-08-19
1058928,1,0,2026-08-19
1058939,1,0,2025-06-17
1058947,1,0,2025-02-03
1058961,7,4,2025-09-15
1058985,2,2,2025-10-03
1058986,1,0,2026-07-29
1059005,2,0,2025-09-26
1059007,3,2,2026-06-09
1059037,7,1,2026-06-18
1059048,1,1,2026-07-23
1059073,2,1,2026-03-26
1059091,1,0,2025-10-07
1059092,1,0,2025-10-07
1059093,1,0,2025-10-15
1059094,4,2,2026-07-14
1059109,1,1,2026-06-02
1059111,4,0,2026-08-04
1059117,1,0,2025-09-15
1059142,1,0,2025-04-08
1059163,4,2,2025-12-23
1059167,8,0,2026-05-20
1059170,1,0,2026-04-29
1059203,14,4,2026-01-09
1059229,1,0,2025-11-13
1059239,12,5,2026-05-13
1059241,2,1,2025-12-19
1059255,1,1,2025-07-01
1059282,1,0,2025-11-24
1059292,5,4,2025-10-22
1059298,2,2,2026-03-06
1059309,16,12,2026-07-24
1059317,1,0,2025-04-08
1059320,2,2,2026-07-14
1059327,1,0,2026-02-17
1059343,2,1,2025-12-17
1059344,2,1,2026-02-21
1059363,1,0,2026-06-18
1059368,1,1,2026-01-14
1059369,2,2,2026-01-14
1059373,1,0,2026-06-01
1059382,1,0,2025-05-05
1059390,2,2,2025-12-03
1059393,2,0,2025-10-06
1059398,3,1,2025-09-18
1059407,5,0,2026-07-06
1059409,10,3,2026-07-06
1059426,2,0,2025-10-10
1059444,1,0,2025-02-19
1059460,9,0,2026-08-04
1059465,10,4,2025-08-12
1059466,1,1,2025-09-12
1059479,1,0,2025-04-04
1059487,3,3,2025-05-09
1059488,5,1,2026-02-27
1059500,1,0,2025-04-08
1059501,1,0,2025-04-08
1059502,1,0,2025-04-08
1059503,1,0,2025-04-08
1059504,1,0,2025-04-08
1059510,1,0,2025-04-08
1059514,1,0,2025-04-08
1059523,1,0,2025-04-08
1059525,1,0,2025-04-08
1059526,12,0,2026-07-06
1059530,3,3,2026-05-28
1059533,1,0,2026-05-28
1059569,3,1,2026-04-14
1059576,7,5,2026-05-06
1059583,4,2,2025-01-21
1059585,1,0,2025-09-12
1059593,1,1,2025-08-20
1059613,2,1,2026-06-08
1059614,2,0,2026-07-28
1059615,2,1,2026-03-17
1059637,2,1,2026-04-10
1059638,3,1,2026-09-10
1059644,16,8,2026-05-15
1059645,3,0,2026-07-10
1059651,1,0,2025-08-19
1059655,9,3,2026-05-19
1059657,1,0,2026-05-27
1059667,6,6,2026-05-08
1059670,2,1,2026-02-13
1059673,1,0,2025-08-29
1059674,5,1,2026-04-16
1059675,2,0,2026-04-10
1059682,1,0,2025-01-29
1059684,13,11,2026-05-29
1059687,1,1,2025-11-26
1059691,3,1,2026-05-01
1059699,1,0,2025-10-20
1059701,1,0,2025-03-07
1059703,2,1,2025-08-20
1059709,1,0,2026-06-01
1059716,1,0,2025-04-08
1059717,2,0,2026-07-02
1059718,3,1,2025-12-26
1059723,12,0,2026-07-10
1059728,7,1,2026-04-17
1059729,1,1,2025-04-12
1059730,1,0,2025-04-12
1059733,2,0,2025-10-23
1059740,2,1,2026-05-11
1059747,2,1,2026-03-06
1059750,10,8,2025-04-08
1059764,1,0,2025-10-15
1059767,1,1,2025-03-10
1059768,1,0,2026-04-24
1059780,2,1,2026-05-21
1059798,2,2,2025-06-04
1059809,1,0,2026-08-17
1059812,1,0,2025-07-30
1059821,2,2,2025-01-30
1059822,2,2,2025-01-30
1059828,2,1,2025-02-15
1059831,1,1,2025-02-15
1059836,1,1,2026-04-24
1059842,2,0,2025-10-03
1059852,1,0,2025-07-01
1059855,1,0,2026-04-16
1059869,1,1,2025-02-15
1059870,2,0,2026-04-04
1059876,1,1,2025-12-22
1059877,1,1,2026-08-04
1059881,4,3,2026-06-05
1059883,2,2,2026-03-18
1059889,2,0,2026-02-25
1059925,2,2,2025-10-10
1059926,2,2,2026-06-09
1059927,1,1,2025-05-22
1059932,1,1,2026-04-03
1059941,2,0,2026-04-20
1059942,7,0,2026-07-23
1059944,4,1,2026-07-28
1059949,1,0,2025-04-08
1059950,5,3,2026-08-26
1059954,1,0,2026-03-04
1059958,1,0,2025-04-16
1059965,1,0,2025-12-04
1059968,2,2,2026-03-18
1059969,5,1,2026-07-01
1059970,4,1,2026-04-21
1059976,4,1,2026-05-11
1059980,1,0,2026-06-01
1059988,2,2,2025-02-21
1060000,1,0,2026-02-27
1060001,1,1,2026-08-25
1060010,2,2,2026-06-02
1060015,1,0,2025-03-21
1060017,6,0,2025-01-08
1060027,1,0,2026-07-09
1060031,1,0,2026-07-07
1060035,1,0,2026-06-15
1060042,1,0,2025-02-11
1060051,1,0,2025-09-03
1060056,1,0,2026-04-13
1060057,3,1,2026-08-20
1060063,2,0,2025-08-21
1060064,2,2,2026-07-01
1060070,1,1,2025-03-06
1060071,1,1,2025-02-10
1060076,1,0,2025-03-24
1060078,1,0,2026-03-05
1060086,1,0,2025-03-19
1060087,4,2,2026-03-03
1060088,1,0,2025-10-10
1060095,2,2,2026-08-11
1060120,1,0,2026-05-14
1060121,1,0,2025-03-11
1060126,1,0,2026-03-02
1060132,1,0,2026-04-11
1060133,1,1,2025-01-10
1060138,1,1,2026-05-09
1060141,1,0,2026-08-08
1060145,1,0,2025-03-05
1060155,1,0,2026-06-20
1060157,1,0,2026-04-11
1060161,7,3,2025-12-16
1060165,5,3,2026-04-04
1060170,2,0,2025-08-11
1060172,1,1,2026-03-22
1060176,1,0,2025-02-11
1060178,3,1,2026-05-09
1060179,3,0,2026-07-08
1060180,1,0,2025-02-11
1060186,1,0,2025-06-18
1060198,19,0,2026-08-04
1060282,2,2,2026-04-15
1060285,3,2,2026-07-06
1060306,1,0,2025-02-11
1060335,1,0,2025-07-01
1060342,1,0,2025-02-11
1060370,1,0,2025-07-01
1060371,4,0,2026-04-07
1060372,3,2,2025-09-25
1060388,1,0,2025-08-19
1060395,6,3,2026-07-14
1060412,1,1,2026-05-22
1060413,13,8,2026-07-29
1060426,1,0,2025-06-27
1060430,1,0,2025-11-26
1060432,6,0,2026-08-04
1060436,4,3,2026-07-07
1060442,1,0,2025-12-11
1060447,1,0,2026-04-07
1060448,1,0,2026-07-29
1060451,2,2,2026-07-07
1060452,1,0,2025-07-29
1060455,3,0,2026-07-07
1060456,1,0,2025-06-30
1060457,1,0,2025-02-11
1060461,4,0,2026-06-08
1060466,1,1,2025-10-03
1060473,14,8,2026-09-01
1060475,1,0,2025-03-05
1060477,4,2,2026-07-14
1060482,1,0,2025-04-08
1060487,2,1,2026-05-14
1060504,4,1,2026-04-07
1060511,4,1,2026-06-17
1060512,5,2,2026-06-17
1060514,2,2,2025-10-06
1060515,1,1,2025-10-06
1060526,2,1,2026-01-29
1060539,2,0,2025-05-07
1060559,1,1,2026-07-10
1060560,1,1,2025-07-10
1060585,1,0,2025-09-04
1060596,5,0,2026-08-06
1060599,1,0,2026-06-04
1060600,1,1,2026-01-30
1060602,3,2,2026-08-14
1060604,1,1,2026-06-17
1060608,3,1,2026-07-06
1060609,1,0,2025-06-02
1060610,1,1,2025-06-02
1060614,2,1,2025-09-03
1060617,4,2,2026-08-13
1060623,1,1,2025-02-13
1060625,2,0,2026-07-20
1060628,1,0,2025-07-01
1060666,1,1,2025-10-08
1060669,1,0,2025-02-11
1060674,1,0,2025-09-15
1060690,7,5,2025-12-12
1060703,1,0,2025-08-21
1060723,1,1,2025-10-20
1060726,5,0,2026-08-06
1060741,1,0,2026-04-03
1060752,2,0,2025-12-23
1060788,1,0,2026-08-05
1060810,1,0,2025-06-04
1060812,3,0,2026-08-05
1060814,1,0,2026-07-14
1060840,1,0,2025-09-03
1060841,1,0,2025-09-03
1060849,6,6,2026-08-14
1060850,1,1,2025-02-13
1060854,6,3,2026-08-12
1060860,1,0,2025-03-19
1060872,6,6,2026-09-01
1060873,4,3,2025-06-27
1060874,1,0,2026-02-27
1060875,19,15,2026-09-02
1060905,2,0,2026-08-28
1060906,1,1,2026-07-31
1060907,3,1,2025-10-27
1060908,7,6,2026-08-28
1060913,2,0,2026-02-26
1060914,2,0,2025-01-29
1060915,1,0,2026-08-04
1060925,5,0,2026-05-07
1060927,1,0,2025-02-13
1060928,1,0,2026-04-20
1060946,1,0,2025-03-04
1060987,1,1,2025-08-07
1061000,1,0,2025-04-30
1061002,3,3,2026-04-02
1061004,3,0,2026-04-23
1061012,2,0,2026-06-01
1061030,2,2,2026-07-27
1061038,1,1,2025-03-05
1061056,1,0,2025-01-29
1061072,1,1,2026-01-05
1061081,1,0,2026-04-27
1061082,3,1,2026-06-04
1061083,1,1,2026-07-02
1061091,1,1,2026-07-02
1061102,3,3,2026-06-12
1061119,1,0,2025-09-15
1061124,4,1,2026-06-22
1061126,1,0,2025-04-08
1061127,2,1,2026-05-27
1061129,2,0,2026-04-20
1061130,1,0,2026-06-02
1061141,5,2,2026-04-22
1061143,1,0,2026-07-01
1061147,2,0,2025-07-09
1061152,2,1,2026-04-02
1061155,2,0,2025-10-28
1061156,2,0,2026-06-08
1061174,1,1,2025-11-16
1061177,2,2,2025-09-18
1061183,1,0,2025-07-13
1061187,1,0,2025-06-10
1061188,4,2,2026-06-23
1061189,3,1,2026-06-28
1061191,1,0,2026-06-16
1061192,2,0,2026-02-27
1061193,1,0,2026-04-20
1061200,7,2,2026-08-05
1061214,12,4,2026-05-26
1061221,12,2,2026-09-10
1061246,8,2,2026-06-11
1061253,2,0,2025-07-14
1061269,1,0,2025-01-28
1061295,3,0,2026-06-15
1061298,3,1,2026-05-22
1061299,1,0,2025-01-29
1061317,5,0,2026-06-02
1061339,3,1,2025-06-17
1061341,3,2,2026-05-15
1061350,6,3,2026-06-29
1061356,6,3,2025-12-05
1061368,1,1,2025-11-14
1061395,3,1,2026-07-28
1061396,2,0,2026-06-08
1061414,1,1,2026-07-06
1061415,1,1,2026-05-18
1061426,1,1,2026-02-12
1061431,3,1,2026-08-06
1061432,34,21,2026-08-10
1061434,2,0,2025-08-05
1061451,6,5,2026-03-17
1061455,1,0,2025-04-08
1061456,5,2,2026-05-26
1061468,1,1,2026-05-22
1061480,1,0,2026-04-13
1061492,2,0,2026-08-04
1061509,10,10,2026-07-24
1061516,1,1,2026-04-20
1061525,2,1,2026-05-19
1061531,1,1,2026-03-20
1061542,8,7,2026-06-01
1061551,6,3,2026-04-20
1061556,6,0,2026-06-29
1061560,1,0,2025-05-31
1061574,9,8,2025-07-22
1061577,1,0,2025-02-24
1061578,1,0,2025-04-30
1061583,4,3,2025-06-12
1061592,1,0,2025-01-03
1061595,1,0,2025-05-17
1061601,13,13,2026-08-05
1061607,22,5,2026-05-20
1061630,2,0,2026-08-05
1061643,15,3,2026-05-20
1061650,8,6,2026-03-19
1061660,1,1,2025-12-04
1061678,1,0,2026-05-19
1061681,1,0,2026-06-04
1061700,2,0,2025-09-18
1061708,3,3,2025-01-28
1061711,2,1,2025-10-10
1061712,1,0,2025-04-30
1061716,1,1,2026-06-22
1061722,1,1,2026-01-01
1061726,2,2,2025-10-17
1061727,1,0,2025-04-16
1061730,1,0,2025-04-08
1061734,7,3,2026-05-26
1061735,2,2,2026-05-12
1061738,1,0,2025-04-08
1061743,8,5,2025-07-22
1061751,2,1,2025-03-07
1061758,7,5,2026-05-22
1061763,1,0,2025-04-08
1061767,2,0,2025-10-09
1061772,9,4,2026-06-17
1061773,3,3,2026-08-26
1061775,3,3,2026-07-28
1061776,1,0,2026-04-06
1061777,6,2,2026-05-06
1061791,2,2,2026-06-16
1061794,1,0,2025-04-08
1061806,1,0,2025-04-08
1061820,2,0,2025-12-02
1061826,1,0,2026-04-06
1061845,1,1,2026-02-21
1061856,2,1,2026-05-13
1061857,4,4,2026-05-14
1061858,3,0,2026-07-30
1061859,5,1,2026-06-04
1061861,6,3,2026-05-07
1061864,1,1,2026-03-06
1061866,1,1,2026-06-04
1061871,1,0,2026-07-21
1061879,1,0,2025-04-04
1061888,5,4,2026-08-28
1061898,1,0,2025-12-19
1061914,1,0,2025-02-11
1061917,1,0,2026-03-01
1061919,3,3,2026-07-06
1061928,1,1,2025-07-14
1061930,3,2,2025-09-25
1061935,8,6,2026-05-12
1061949,3,1,2026-06-29
1061952,5,5,2026-05-07
1061959,2,1,2025-11-12
1061961,1,0,2025-07-01
1061969,3,0,2026-04-20
1061970,2,1,2026-04-20
1061983,1,1,2026-07-22
1061985,1,0,2026-04-17
1061993,2,1,2025-05-06
1061998,2,1,2026-05-07
1062000,1,0,2026-05-01
1062001,3,3,2026-05-06
1062016,1,1,2026-08-10
1062049,2,1,2026-08-07
1062060,16,6,2026-08-05
1062085,2,1,2025-02-06
1062094,5,2,2025-12-23
1062113,1,1,2026-05-07
1062124,2,0,2025-10-28
1062137,4,2,2026-05-26
1062138,1,0,2026-04-29
1062139,2,1,2026-04-29
1062148,1,0,2025-09-15
1062161,2,1,2026-05-02
1062168,1,1,2025-06-08
1062172,2,0,2026-05-11
1062173,1,0,2026-05-08
1062176,4,3,2026-08-10
1062177,1,0,2025-04-14
1062203,1,1,2026-05-26
1062204,1,0,2026-01-17
1062234,1,0,2026-03-19
1062237,1,0,2025-09-10
1062248,1,0,2025-09-25
1062264,4,1,2026-02-25
1062265,1,1,2026-04-02
1062289,1,1,2025-12-22
1062291,1,0,2026-06-09
1062297,2,0,2026-07-30
1062300,1,0,2026-04-15
1062301,1,0,2026-04-06
1062302,1,1,2026-08-13
1062304,3,2,2025-11-26
1062307,3,1,2026-05-05
1062311,13,6,2026-07-30
1062318,2,0,2026-04-20
1062319,3,0,2026-02-25
1062322,1,1,2025-10-14
1062323,12,8,2026-08-14
1062325,4,0,2026-07-22
1062326,2,1,2026-07-10
1062327,8,0,2026-08-19
1062329,2,1,2026-04-28
1062330,1,1,2025-11-26
1062333,7,1,2026-05-02
1062334,1,0,2026-09-04
1062336,2,0,2026-04-23
1062345,2,2,2025-11-20
1062347,2,0,2025-12-02
1062351,2,0,2025-01-31
1062352,9,7,2026-06-17
1062359,3,2,2025-12-02
1062360,1,1,2025-11-20
1062361,11,0,2026-08-27
1062362,7,4,2026-07-29
1062364,1,1,2025-11-20
1062365,3,2,2026-04-29
1062367,5,5,2025-11-17
1062369,1,0,2025-04-08
1062371,3,2,2026-08-17
1062373,1,0,2025-12-03
1062381,7,7,2026-01-21
1062387,1,0,2025-12-04
1062389,1,0,2026-04-16
1062392,1,0,2025-04-08
1062393,4,3,2026-06-04
1062398,5,4,2026-04-14
1062405,1,1,2026-07-06
1062410,4,3,2026-09-03
1062418,2,0,2026-04-10
1062423,1,1,2026-04-21
1062427,3,1,2026-09-03
1062433,4,4,2025-11-26
1062435,2,2,2025-12-04
1062436,1,1,2025-12-03
1062439,7,2,2026-02-04
1062441,1,1,2025-01-08
1062442,18,15,2026-03-11
1062443,2,1,2026-04-14
1062445,1,0,2025-01-15
1062447,2,1,2026-07-20
1062448,4,3,2025-11-20
1062449,4,2,2026-07-30
1062450,5,3,2026-09-09
1062452,9,3,2026-06-29
1062454,2,1,2026-04-27
1062455,2,2,2026-07-28
1062456,1,1,2026-05-22
1062457,15,8,2026-07-30
1062460,2,2,2026-05-02
1062461,2,1,2026-04-30
1062464,1,0,2026-07-28
1062468,1,1,2026-05-06
1062469,7,3,2026-04-20
1062472,3,1,2026-03-20
1062473,2,0,2026-04-21
1062484,5,1,2025-12-04
1062488,1,0,2026-02-17
1062489,14,11,2026-07-22
1062490,2,1,2026-04-14
1062491,3,1,2026-08-11
1062495,2,2,2026-03-31
1062503,1,1,2025-06-24
1062504,1,1,2025-06-26
1062506,4,2,2026-08-11
1062508,1,0,2025-12-07
1062515,6,3,2026-07-02
1062522,1,0,2026-08-06
1062523,7,4,2026-08-06
1062525,2,0,2026-05-26
1062526,1,0,2026-05-29
1062533,6,3,2026-08-10
1062535,3,2,2026-09-01
1062536,1,0,2025-12-16
1062545,4,3,2026-05-04
1062550,3,0,2025-07-01
1062563,1,1,2026-08-07
1062581,1,1,2026-08-22
1062597,2,0,2026-08-07
1062598,1,0,2025-04-03
1062599,1,0,2026-08-07
1062621,1,1,2026-06-20
1062632,1,0,2026-08-07
1062636,4,0,2026-02-10
1062643,4,4,2026-08-25
1062644,1,1,2026-08-10
1062647,14,6,2026-08-11
1062649,11,0,2026-07-07
1062653,2,2,2026-06-25
1062662,2,1,2026-08-11
1062669,1,0,2026-08-11
1062676,1,0,2025-05-09
1062678,12,7,2026-08-25
1062679,1,0,2025-01-05
1062680,2,0,2025-08-22
1062692,2,1,2026-02-02
1062694,9,6,2026-04-14
1062695,1,0,2025-02-11
1062697,2,0,2026-01-08
1062699,10,8,2026-08-26
1062700,4,3,2026-08-26
1062703,1,1,2026-08-14
1062704,3,0,2026-03-30
1062707,1,0,2025-12-22
1062715,1,0,2025-03-20
1062733,1,0,2025-08-18
1062734,1,1,2026-06-12
1062737,1,0,2026-02-24
1062743,3,1,2026-01-15
1062746,4,4,2026-08-07
1062752,1,0,2025-02-11
1062758,3,2,2026-08-13
1062767,1,1,2026-08-14
1062770,1,0,2026-01-12
1062772,2,0,2026-08-27
1062774,2,0,2026-08-27
1062779,3,3,2026-08-27
1062782,1,1,2025-12-24
1062783,1,0,2026-08-11
1062785,2,1,2026-08-13
1062786,1,0,2025-07-15
1062787,1,0,2025-07-15
1062789,1,0,2025-06-13
1062792,1,0,2026-02-11
1062800,1,0,2025-04-08
1062805,19,17,2026-04-29
1062822,1,1,2025-01-27
1062823,8,3,2026-08-26
1062833,1,1,2026-04-01
1062843,1,0,2026-04-29
1062853,2,0,2026-07-22
1062854,4,1,2026-08-12
1062875,1,1,2025-05-17
1062876,1,0,2026-08-14
1062900,1,1,2026-07-19
1062910,4,3,2026-02-05
1062915,1,0,2026-01-22
1062919,9,9,2026-08-19
1062920,1,1,2025-09-06
1062924,4,0,2025-07-08
1062925,4,2,2026-08-11
1062926,5,5,2025-12-24
1062928,1,0,2025-12-02
1062933,3,2,2026-03-06
1062934,6,3,2026-08-14
1062937,1,0,2025-08-29
1062938,1,0,2025-01-07
1062941,1,1,2025-04-10
1062942,1,1,2026-08-19
1062943,2,0,2026-08-21
1062949,6,5,2026-08-11
1062954,1,1,2026-02-13
1062959,1,0,2025-02-25
1062967,2,0,2026-08-13
1062971,1,1,2025-08-27
1062986,1,0,2025-11-03
1062991,3,0,2026-03-03
1062994,11,1,2026-02-19
1063014,1,1,2025-09-26
1063018,2,0,2026-08-20
1063043,2,2,2025-09-24
1063044,3,1,2026-05-29
1063049,1,0,2025-06-30
1063057,1,0,2025-07-01
1063061,1,0,2025-03-13
1063063,4,1,2026-07-27
1063071,2,1,2026-08-20
1063072,1,0,2025-02-27
1063077,1,1,2026-08-21
1063079,1,1,2026-08-21
1063083,1,0,2025-05-14
1063086,2,0,2026-05-13
1063087,1,0,2025-06-14
1063101,1,1,2026-06-11
1063121,1,0,2025-12-17
1063148,1,0,2025-02-10
1063162,2,2,2026-08-21
1063171,3,2,2025-05-06
1063180,1,0,2025-07-01
1063181,1,0,2025-04-08
1063182,1,0,2025-04-08
1063183,4,1,2026-07-30
1063184,3,0,2026-09-02
1063194,1,1,2025-03-24
1063199,1,0,2025-04-16
1063217,1,0,2025-03-22
1063218,1,1,2026-09-02
1063219,1,1,2025-09-13
1063226,1,1,2025-04-03
1063227,1,1,2025-04-01
1063228,13,0,2026-02-19
1063230,2,1,2026-09-02
1063238,1,1,2026-08-12
1063247,1,1,2026-06-03
1063248,2,2,2026-01-15
1063251,1,0,2025-04-06
1063254,1,0,2026-02-11
1063255,12,6,2026-09-03
1063256,1,1,2026-01-15
1063257,8,3,2026-08-19
1063266,15,6,2026-04-07
1063271,1,0,2025-02-07
1063273,1,1,2026-08-21
1063276,3,1,2026-04-14
1063277,2,1,2025-05-14
1063279,1,1,2025-04-25
1063300,5,2,2026-07-02
1063303,2,0,2025-06-03
1063304,9,1,2026-08-04
1063306,4,3,2026-08-31
1063307,2,1,2026-07-27
1063309,2,2,2026-06-22
1063319,1,0,2026-07-13
1063321,1,0,2026-03-23
1063323,8,2,2026-09-04
1063324,3,2,2025-05-27
1063325,2,2,2025-11-25
1063326,6,2,2026-09-04
1063327,6,2,2026-09-03
1063328,3,0,2026-07-30
1063330,2,1,2026-08-12
1063331,1,0,2026-02-05
1063332,7,2,2026-07-22
1063333,4,2,2026-08-12
1063334,5,1,2026-08-22
1063335,6,1,2026-04-28
1063336,3,0,2026-01-09
1063338,2,2,2026-02-05
1063340,10,0,2026-01-29
1063341,2,1,2025-07-29
1063345,4,1,2026-09-04
1063346,1,0,2025-04-11
1063347,1,0,2025-12-17
1063349,2,0,2025-02-12
1063350,8,7,2026-07-15
1063352,1,0,2025-01-29
1063354,1,1,2025-11-17
1063355,1,0,2026-03-10
1063356,2,0,2026-02-05
1063359,1,0,2025-04-29
1063363,2,2,2025-11-25
1063366,1,1,2025-12-11
1063369,1,0,2026-06-18
1063370,9,3,2026-05-01
1063375,4,3,2025-12-18
1063379,2,0,2025-05-15
1063381,11,6,2026-04-17
1063385,2,2,2026-08-28
1063386,1,0,2025-06-25
1063393,1,1,2026-08-06
1063394,1,1,2025-02-20
1063400,1,0,2026-01-28
1063408,2,2,2025-02-14
1063413,1,0,2026-04-18
1063414,1,0,2026-03-06
1063416,2,0,2026-04-18
1063417,3,1,2026-04-18
1063419,1,1,2026-06-05
1063422,1,1,2025-03-13
1063423,6,5,2026-04-18
1063425,1,0,2026-04-03
1063429,2,1,2025-05-15
1063431,3,0,2026-07-16
1063433,1,0,2025-02-25
1063434,1,0,2025-02-25
1063438,3,1,2026-02-11
1063440,2,1,2026-08-11
1063441,2,1,2026-07-22
1063442,2,1,2025-10-08
1063446,3,2,2026-03-12
1063447,3,0,2025-06-11
1063448,5,0,2025-09-23
1063453,2,0,2026-04-10
1063463,1,0,2025-06-11
1063467,6,5,2026-06-09
1063468,2,1,2025-08-21
1063469,2,1,2025-12-18
1063471,1,0,2025-01-29
1063473,1,0,2026-06-24
1063481,5,0,2025-07-16
1063492,1,1,2026-06-18
1063493,1,0,2026-05-06
1063495,9,3,2026-06-05
1063500,5,1,2026-06-07
1063502,1,0,2025-04-08
1063503,14,0,2026-02-19
1063504,1,0,2025-04-29
1063506,1,1,2026-06-02
1063507,4,1,2026-04-06
1063510,2,1,2025-08-27
1063511,1,1,2026-03-03
1063512,3,2,2026-08-17
1063514,3,2,2025-11-03
1063517,3,1,2026-05-07
1063518,1,1,2026-08-11
1063520,1,1,2026-07-22
1063523,1,1,2025-11-18
1063529,1,0,2025-03-13
1063536,2,1,2026-03-31
1063546,1,0,2026-04-20
1063548,1,0,2025-08-01
1063549,1,0,2025-08-11
1063554,1,0,2025-01-07
1063556,2,0,2025-12-11
1063559,2,2,2025-10-18
1063560,8,5,2026-04-20
1063561,1,1,2026-07-06
1063564,2,2,2026-04-17
1063574,1,0,2025-05-29
1063575,2,0,2025-12-03
1063579,2,2,2025-05-04
1063581,3,2,2026-06-25
1063582,1,1,2025-04-21
1063583,1,0,2025-09-09
1063584,5,1,2026-07-28
1063585,1,0,2025-07-22
1063586,5,1,2026-06-02
1063589,1,1,2026-07-20
1063590,1,1,2025-01-23
1063602,1,0,2025-06-18
1063609,1,1,2025-10-31
1063614,2,0,2025-12-29
1063619,1,1,2026-08-28
1063625,1,1,2025-04-22
1063629,2,1,2026-06-08
1063641,2,2,2025-12-20
1063644,3,2,2025-05-13
1063648,2,1,2025-12-18
1063680,3,3,2025-11-05
1063693,2,0,2025-07-01
1063700,1,0,2026-08-06
1063701,5,3,2026-03-03
1063703,2,0,2026-02-19
1063719,8,6,2026-04-18
1063773,2,2,2025-09-23
1063774,2,2,2025-09-29
1063782,1,0,2025-12-30
1063800,1,0,2026-01-23
1063813,1,1,2025-12-30
1063820,1,1,2025-03-27
1063825,1,0,2025-06-10
1063828,2,0,2026-04-14
1063830,1,0,2026-04-09
1063844,1,1,2025-11-02
1063847,1,0,2026-04-24
1063853,1,0,2026-04-06
1063854,2,2,2026-03-05
1063858,2,0,2025-10-03
1063862,1,0,2026-04-20
1063864,1,0,2025-04-08
1063866,4,4,2026-03-16
1063869,2,0,2025-04-28
1063885,2,1,2025-07-31
1063890,6,6,2025-10-09
1063919,1,0,2025-04-08
1063920,1,1,2025-08-19
1063921,1,0,2025-04-08
1063923,1,1,2026-09-02
1063928,2,0,2026-02-17
1063931,2,0,2025-08-20
1063942,1,1,2026-07-28
1063947,4,0,2026-02-20
1063948,1,0,2026-07-24
1063954,1,0,2026-08-22
1063956,1,0,2025-03-01
1063959,6,0,2026-05-12
1063960,2,2,2026-08-28
1063963,1,1,2025-04-10
1063969,1,0,2025-03-22
1063976,2,1,2026-07-24
1063983,5,4,2026-09-03
1063985,4,0,2026-09-04
1063987,1,0,2025-06-11
1063997,1,0,2025-02-11
1064008,1,1,2026-03-19
1064015,1,1,2026-07-08
1064017,1,0,2025-04-07
1064019,1,0,2025-07-24
1064020,1,0,2025-07-24
1064024,5,2,2026-08-16
1064028,2,1,2026-06-25
1064029,2,1,2026-02-05
1064035,1,0,2026-07-21
1064039,3,1,2026-04-20
1064051,1,0,2025-02-25
1064053,6,0,2025-10-07
1064059,2,1,2026-04-17
1064060,4,1,2026-02-03
1064063,2,1,2026-08-10
1064064,6,2,2026-08-12
1064069,1,0,2026-04-20
1064070,1,0,2025-03-19
1064073,2,2,2026-02-10
1064074,4,1,2026-07-17
1064077,1,1,2026-04-22
1064078,1,0,2025-03-14
1064086,1,1,2025-07-02
1064091,3,2,2025-10-14
1064098,1,0,2026-05-29
1064099,1,1,2025-04-14
1064114,1,0,2025-02-25
1064123,9,0,2026-07-13
1064126,1,0,2025-04-08
1064128,2,0,2026-03-03
1064129,4,2,2026-01-28
1064130,1,0,2025-04-08
1064131,1,0,2025-04-08
1064132,1,0,2025-04-08
1064134,3,1,2025-09-26
1064149,3,0,2026-02-24
1064150,4,1,2026-01-29
1064153,2,2,2026-07-10
1064157,2,1,2025-02-14
1064176,1,1,2025-01-16
1064181,1,1,2026-03-25
1064184,3,0,2025-06-02
1064185,1,0,2025-05-27
1064196,2,0,2025-04-04
1064197,1,0,2025-02-07
1064200,2,1,2025-08-04
1064201,5,0,2025-11-03
1064202,6,0,2025-11-07
1064209,2,0,2025-05-16
1064215,1,1,2025-04-08
1064219,5,4,2026-08-14
1064225,1,1,2026-09-02
1064228,2,1,2025-02-11
1064240,1,1,2025-02-06
1064244,1,0,2026-03-26
1064245,2,1,2025-03-03
1064249,1,1,2025-09-12
1064252,1,1,2025-11-21
1064253,1,0,2025-07-07
1064257,7,2,2026-06-16
1064258,2,2,2025-01-24
1064260,1,0,2026-04-11
1064261,5,1,2026-08-29
1064262,2,0,2026-06-22
1064271,3,3,2026-07-24
1064272,2,0,2025-10-25
1064275,13,4,2026-07-08
1064276,1,1,2025-01-28
1064277,1,0,2025-03-06
1064278,1,0,2025-07-01
1064288,2,2,2025-05-01
1064289,8,0,2026-04-20
1064290,5,4,2026-08-12
1064293,6,3,2026-03-17
1064294,1,0,2025-08-18
1064295,1,1,2025-05-01
1064298,3,0,2026-04-20
1064300,3,0,2026-04-18
1064301,1,0,2025-02-25
1064311,3,1,2026-02-22
1064317,1,1,2025-12-18
1064324,2,1,2026-03-03
1064325,2,0,2026-04-04
1064326,7,4,2026-04-20
1064327,1,0,2025-02-25
1064331,1,1,2026-04-20
1064332,2,0,2026-07-13
1064333,1,0,2025-11-20
1064335,3,3,2026-09-01
1064337,2,0,2026-04-20
1064342,3,1,2026-06-09
1064343,2,1,2026-04-30
1064344,2,1,2025-12-18
1064349,8,3,2025-12-18
1064353,1,1,2026-04-04
1064354,2,1,2026-04-04
1064357,2,1,2026-07-31
1064358,1,1,2025-01-30
1064359,3,3,2026-04-04
1064360,1,1,2026-04-04
1064370,1,0,2025-02-25
1064371,1,0,2026-02-17
1064372,1,0,2025-02-25
1064373,1,0,2025-02-25
1064375,4,1,2026-04-14
1064379,1,1,2025-02-14
1064382,1,0,2025-03-03
1064389,2,1,2026-08-04
1064391,1,0,2025-12-22
1064393,1,0,2026-01-14
1064396,1,0,2025-04-28
1064404,1,0,2025-02-25
1064409,8,4,2026-08-10
1064410,1,0,2025-02-25
1064412,3,1,2026-08-03
1064413,1,1,2025-03-04
1064416,1,1,2025-07-01
1064417,3,2,2026-04-30
1064429,1,1,2026-07-01
1064430,3,1,2026-09-04
1064431,1,0,2025-05-24
1064432,1,1,2025-12-01
1064435,4,0,2026-05-05
1064437,4,4,2026-08-11
1064439,2,1,2026-04-04
1064443,1,1,2026-08-07
1064444,5,3,2025-09-22
1064448,4,3,2026-06-03
1064449,5,1,2026-06-01
1064452,1,0,2025-02-25
1064457,1,0,2025-09-11
1064459,1,0,2025-11-24
1064465,2,2,2026-08-07
1064470,2,0,2026-03-12
1064472,2,0,2025-08-29
1064473,1,0,2025-04-29
1064474,3,0,2026-08-26
1064483,2,0,2025-12-08
1064490,2,2,2025-08-08
1064493,1,0,2025-06-20
1064495,2,0,2025-04-04
1064502,2,1,2025-12-30
1064508,1,0,2026-02-17
1064521,9,1,2026-04-14
1064524,5,3,2026-04-20
1064532,4,0,2026-07-27
1064542,5,1,2026-07-27
1064559,3,1,2026-09-03
1064584,3,0,2025-01-29
1064588,5,3,2026-08-21
1064599,1,0,2025-03-20
1064632,1,1,2026-07-22
1064643,2,2,2026-05-28
1064645,11,4,2026-07-22
1064647,1,0,2025-07-01
1064670,5,3,2026-03-12
1064672,2,1,2025-11-24
1064675,2,0,2025-09-15
1064685,6,4,2026-04-20
1064686,1,1,2026-08-27
1064690,1,0,2025-10-20
1064698,1,0,2026-07-22
1064709,1,1,2025-02-12
1064728,2,0,2026-03-03
1064731,1,1,2025-03-06
1064745,2,0,2025-11-13
1064768,1,1,2025-01-22
1064769,2,0,2026-04-20
1064770,4,4,2026-04-20
1064772,1,1,2026-06-22
1064780,3,3,2026-07-24
1064781,3,2,2025-05-04
1064783,1,1,2025-03-29
1064784,4,2,2026-06-10
1064785,1,0,2025-02-10
1064786,1,1,2026-03-04
1064833,1,1,2026-06-29
1064834,3,2,2026-06-27
1064839,1,1,2026-06-15
1064840,1,0,2025-12-18
1064847,2,0,2026-04-22
1064857,8,1,2026-07-01
1064861,8,7,2026-07-24
1064864,4,4,2026-08-06
1064870,2,0,2026-04-11
1064871,4,0,2026-02-18
1064872,3,1,2026-02-27
1064874,12,3,2026-06-22
1064875,4,1,2026-06-10
1064879,1,0,2026-03-05
1064883,2,0,2026-04-20
1064886,1,0,2025-04-16
1064887,1,1,2026-07-10
1064888,1,0,2026-06-18
1064889,4,2,2025-10-14
1064895,1,1,2026-05-07
1064897,9,4,2026-08-05
1064898,1,0,2026-08-17
1064899,2,2,2026-04-29
1064900,1,0,2026-02-19
1064912,1,1,2025-09-30
1064918,1,1,2025-06-02
1064919,6,5,2026-04-20
1064926,1,0,2026-01-05
1064928,1,0,2025-01-06
1064933,1,1,2025-03-12
1064938,1,0,2025-01-27
1064941,3,0,2026-05-04
1064943,2,2,2026-08-14
1064949,1,0,2025-02-25
1064953,4,0,2026-08-31
1064955,7,1,2026-06-22
1064958,2,2,2025-08-05
1064963,8,7,2026-03-23
1064965,1,1,2025-09-19
1064971,2,0,2026-05-05
1064972,3,1,2026-05-21
1064973,1,1,2026-04-11
1064974,3,2,2026-04-11
1064975,1,1,2026-04-11
1064976,1,0,2025-02-25
1064981,1,1,2026-04-03
1064984,4,1,2026-06-06
1064989,1,0,2025-01-27
1064990,2,1,2026-06-04
1064991,4,3,2026-04-17
1064993,2,1,2026-04-03
1064994,1,0,2026-04-06
1065002,2,0,2026-08-31
1065003,3,1,2026-08-31
1065009,2,1,2025-11-06
1065012,1,0,2026-08-31
1065013,2,2,2025-10-15
1065014,7,3,2025-10-24
1065018,1,0,2026-09-07
1065020,2,1,2025-03-04
1065021,4,0,2025-04-08
1065027,1,0,2025-03-05
1065032,2,0,2026-04-22
1065033,12,2,2026-06-02
1065037,2,2,2026-05-07
1065038,1,0,2025-02-25
1065040,1,0,2026-04-20
1065044,2,0,2025-03-03
1065045,3,2,2026-09-09
1065048,3,3,2026-08-06
1065056,1,0,2026-07-21
1065057,1,1,2026-05-26
1065059,2,1,2026-03-14
1065063,1,0,2025-03-10
1065064,1,0,2025-02-25
1065067,4,3,2026-09-03
1065071,8,1,2026-08-07
1065077,2,0,2026-04-11
1065080,1,0,2025-02-25
1065082,3,1,2026-09-01
1065084,5,2,2026-06-01
1066406,1,1,2025-03-17
1066447,1,0,2025-04-08
1066494,2,0,2025-12-01
1066508,3,0,2026-08-05
1066637,1,0,2025-09-08
1066657,2,0,2026-07-09
1066659,1,0,2025-07-01
1066698,4,3,2026-01-16
1066733,6,2,2026-02-27
1066889,1,0,2025-04-15
1067305,1,0,2026-04-20
1067567,1,1,2025-09-29
1067979,1,1,2026-08-20
1068012,3,2,2026-06-16
1068238,1,0,2025-11-10
1068277,3,0,2025-10-07
1068310,2,2,2026-05-20
1069344,2,0,2025-10-23
1069566,8,5,2026-08-12
1069579,3,1,2025-11-20
1069583,6,1,2026-06-22
1069590,3,0,2025-06-01
1069595,1,1,2025-03-27
1070014,2,0,2026-07-17
1070020,1,0,2025-07-07
1070031,3,2,2026-04-07
1070111,3,1,2026-04-20
1070358,1,1,2025-11-19
1070711,4,3,2025-06-12
1071151,1,0,2025-07-11
1071418,3,0,2025-06-01
1071461,1,0,2025-02-11
1071616,2,2,2025-01-08
1071617,1,1,2026-04-14
1072008,1,1,2026-05-27
1072021,1,0,2025-04-08
1072068,1,0,2025-02-22
1072223,4,0,2026-07-03
1072227,1,0,2025-06-19
1072231,4,0,2026-04-18
1072675,2,2,2025-12-01
1072681,3,1,2026-04-10
1072689,2,0,2025-03-12
1072695,5,2,2026-04-20
1072932,4,2,2025-10-13
1073155,1,1,2025-09-26
1073221,2,0,2025-06-11
1074189,1,0,2025-07-15
1074257,2,2,2026-04-15
1074266,5,3,2025-09-11
1074279,2,0,2025-09-29
1074333,7,0,2026-07-27
1075313,1,0,2026-06-04
1075486,2,2,2025-02-20
1075501,1,1,2026-05-14
1075520,1,0,2026-03-09
1075611,1,1,2025-07-23
1075619,2,0,2025-07-01
1075630,1,0,2025-12-24
1075634,2,0,2025-12-05
1075636,2,2,2026-03-10
1075637,7,3,2025-10-21
1075643,5,0,2026-07-20
1075670,2,2,2025-06-11
1075671,6,1,2026-06-11
1075676,1,0,2026-05-07
1075681,1,1,2025-04-06
1075686,1,1,2025-03-03
1075692,1,0,2026-06-25
1075737,2,0,2026-05-15
1075741,1,0,2025-04-18
1075787,4,1,2026-08-06
1075788,3,0,2026-04-09
1075879,4,2,2026-05-07
1075886,1,1,2025-12-11
1075911,6,1,2026-08-05
1075959,1,1,2026-07-30
1075966,5,0,2025-12-30
1076016,3,3,2026-06-05
1076070,1,0,2026-01-21
1076133,2,1,2025-09-18
1076135,2,0,2025-08-05
1076141,1,0,2025-08-12
1076142,2,2,2026-03-13
1076149,1,1,2025-10-23
1076152,1,0,2025-04-08
1076166,7,3,2026-08-04
1076168,1,0,2025-07-12
1076177,2,0,2026-06-25
1076192,1,0,2025-02-18
1076193,6,2,2025-06-11
1076194,2,1,2026-04-03
1076195,1,1,2026-01-20
1076200,1,1,2026-02-04
1076205,2,0,2025-08-26
1076207,4,0,2026-01-14
1076208,2,2,2025-09-02
1076210,3,2,2026-04-15
1076215,4,0,2025-10-27
1076225,1,0,2025-01-30
1076231,1,0,2025-09-26
1076234,1,0,2026-06-05
1076239,1,0,2026-06-20
1076245,1,0,2026-03-30
1076247,1,1,2026-05-11
1076254,5,1,2026-04-24
1076262,5,0,2026-06-03
1076266,1,1,2026-08-07
1076267,2,2,2026-08-24
1076281,6,5,2026-05-08
1076285,1,0,2025-04-08
1076286,1,0,2025-08-14
1076306,1,0,2025-09-26
1076307,1,0,2025-02-22
1076312,3,0,2026-03-23
1076320,1,1,2025-03-21
1076323,2,1,2025-12-16
1076331,1,0,2026-01-22
1076333,4,2,2026-03-06
1076337,1,1,2026-02-18
1076370,1,0,2025-04-08
1076390,1,1,2026-05-12
1076433,3,0,2025-07-30
1076434,4,2,2026-07-13
1076627,1,0,2025-03-11
1076680,2,1,2026-06-10
1076725,3,3,2025-02-19
1076728,1,0,2025-02-25
1076736,5,0,2026-08-12
1076739,2,0,2026-02-10
1076741,14,2,2026-03-03
1076742,2,2,2026-07-01
1076743,2,1,2026-08-05
1076745,1,0,2025-08-30
1076750,3,0,2026-02-12
1076751,13,1,2026-07-30
1076752,8,0,2026-02-24
1076754,1,0,2025-06-18
1076756,5,0,2026-02-24
1076761,1,0,2025-02-25
1076762,1,0,2026-08-10
1076770,3,3,2025-09-27
1076776,6,0,2026-02-19
1076779,1,0,2026-04-30
1076783,2,1,2025-12-29
1076784,1,0,2025-04-08
1076803,1,0,2025-12-18
1076824,3,2,2025-11-06
1076825,5,1,2025-11-06
1076841,1,0,2025-02-22
1076844,2,2,2026-04-01
1076872,1,1,2025-06-26
1076878,6,4,2025-12-31
1076879,6,5,2026-01-02
1076886,1,0,2025-12-24
1076928,1,1,2025-08-13
1076935,1,0,2025-04-08
1076938,1,1,2026-01-21
1076946,1,0,2025-08-11
1076974,5,3,2025-11-03
1076975,1,0,2025-10-29
1077013,1,0,2026-08-11
1077021,7,2,2026-09-08
1077033,8,1,2026-08-05
1077098,3,0,2025-08-14
1077126,1,0,2026-05-28
1077129,1,1,2026-04-07
1077169,1,1,2026-06-12
1077175,8,7,2026-05-19
1077207,1,1,2025-07-31
1077228,4,3,2026-03-09
1077229,1,0,2025-12-20
1077234,1,0,2025-07-01
1077236,1,1,2026-08-22
1077241,1,0,2025-04-08
1077271,1,0,2025-12-24
1077295,1,0,2025-10-29
1077335,3,3,2025-09-30
1077348,3,3,2025-08-12
1077363,1,0,2025-04-08
1077395,5,1,2026-06-01
1077399,1,0,2025-09-15
1077403,5,2,2025-04-23
1077416,2,0,2026-04-24
1077426,1,0,2026-04-20
1077438,1,0,2025-02-25
1077465,1,0,2026-08-19
1077469,3,2,2026-04-08
1077494,2,1,2026-08-11
1077502,4,3,2026-04-10
1077507,2,2,2026-02-13
1077512,1,0,2025-10-08
1077514,1,1,2025-06-04
1077515,1,1,2025-05-16
1077516,2,1,2026-03-28
1077517,1,1,2025-05-16
1077518,1,1,2025-05-16
1077540,1,0,2025-08-13
1077551,1,1,2025-01-23
1077552,2,2,2025-03-28
1077553,2,2,2025-03-28
1077554,1,1,2025-01-14
1077555,1,1,2025-01-14
1077559,3,1,2025-06-23
1077569,3,2,2025-09-09
1077585,1,1,2026-04-08
1077594,1,0,2026-06-16
1077598,1,0,2025-02-20
1077612,1,0,2025-05-14
1077627,1,0,2025-12-31
1077632,1,1,2025-11-13
1077633,2,1,2025-09-23
1077634,3,1,2026-05-15
1077640,2,2,2025-11-06
1077647,1,0,2025-09-18
1077654,4,2,2026-09-01
1077663,1,1,2025-10-28
1077669,2,2,2026-05-29
1077670,4,4,2025-09-23
1077680,1,0,2025-07-01
1077683,5,3,2026-04-14
1077684,2,1,2026-05-29
1077703,3,0,2025-10-09
1077704,1,0,2025-10-09
1077753,3,2,2025-12-04
1077756,1,0,2026-01-06
1077761,1,0,2025-12-04
1077762,5,3,2025-12-04
1077764,28,18,2026-08-21
1077791,1,0,2025-08-06
1077799,3,1,2026-05-05
1077815,4,4,2026-06-03
1077827,1,0,2025-09-10
1077829,2,0,2025-10-03
1077830,1,1,2026-01-20
1077840,1,1,2025-02-19
1077845,1,0,2026-08-27
1077855,1,1,2025-11-21
1077858,1,0,2026-08-14
1077886,1,1,2025-09-17
1077910,1,1,2026-06-12
1077914,1,1,2026-04-18
1077940,3,3,2025-10-27
1077960,3,0,2026-02-27
1077971,1,0,2026-07-20
1077972,1,1,2026-03-06
1077988,3,0,2025-07-07
1078017,1,0,2025-08-05
1078022,2,1,2025-05-05
1078024,2,1,2025-05-10
1078034,1,0,2026-07-17
1078036,1,0,2026-08-21
1078037,1,1,2026-02-13
1078038,4,3,2026-02-13
1078054,1,0,2025-04-17
1078062,6,0,2025-03-06
1078110,1,0,2025-09-15
1078158,3,0,2026-06-29
1078159,1,0,2025-07-01
1078179,1,0,2025-07-22
1078202,2,0,2025-03-19
1078214,4,3,2025-09-15
1078217,1,1,2025-09-03
1078224,1,1,2025-01-09
1078238,1,0,2025-11-24
1078254,4,2,2025-08-18
1078261,1,0,2025-02-10
1078267,6,4,2026-06-22
1078268,1,1,2026-06-08
1078283,1,0,2025-12-23
1078297,1,0,2026-04-25
1078315,3,1,2026-08-13
1078329,1,0,2026-04-11
1078335,4,2,2025-10-24
1078337,1,0,2025-04-08
1078346,3,2,2026-07-28
1078437,1,0,2025-05-09
1078447,1,0,2025-02-25
1078448,1,0,2025-02-25
1078473,5,3,2026-05-28
1078477,1,0,2025-10-01
1078491,1,0,2026-04-23
1078504,1,0,2025-09-15
1078533,1,1,2025-06-02
1078604,2,0,2026-04-12
1078616,2,1,2025-11-15
1078635,1,1,2026-06-09
1078645,4,2,2025-06-05
1078648,2,0,2026-06-20
1078654,2,1,2025-12-30
1078669,1,0,2025-01-29
1078686,1,1,2026-02-05
1078701,1,1,2026-07-18
1078714,5,1,2026-01-27
1078717,2,0,2026-07-22
1078729,1,0,2026-05-14
1078732,5,3,2025-05-12
1078743,1,0,2025-04-17
1078756,1,0,2025-01-08
1078758,2,1,2025-10-28
1078787,1,1,2025-12-26
1078788,13,4,2026-08-11
1078793,1,1,2025-09-22
1078798,2,0,2025-06-04
1078821,3,2,2025-12-23
1078830,3,0,2026-07-24
1078840,1,1,2026-02-11
1078860,1,0,2025-09-15
1078863,1,1,2025-01-06
1078868,1,0,2025-03-12
1078879,2,0,2025-07-30
1078880,2,2,2025-09-23
1078881,7,3,2025-10-22
1078884,2,2,2026-08-13
1078889,6,4,2026-08-29
1078904,2,2,2025-11-06
1078911,3,1,2026-07-22
1078912,1,0,2026-03-28
1078924,1,1,2026-01-06
1078925,1,0,2026-01-06
1078929,2,0,2025-09-22
1078930,2,0,2025-09-18
1078945,3,2,2025-09-22
1078950,6,0,2026-01-29
1078979,2,0,2025-11-18
1079000,2,1,2025-12-08
1079007,2,2,2026-07-02
1079040,1,0,2026-06-29
1079041,1,1,2026-06-15
1079043,9,3,2026-06-29
1079053,10,0,2026-08-05
1079054,1,1,2026-01-09
1079058,4,3,2026-08-25
1079064,5,5,2025-10-14
1079068,4,2,2026-01-28
1079072,2,1,2026-05-20
1079085,1,1,2026-02-08
1079088,1,1,2026-02-24
1079094,4,1,2026-08-21
1079104,9,5,2026-05-28
1079105,13,5,2026-07-17
1079109,2,1,2025-07-19
1079115,1,0,2025-06-13
1079133,1,0,2025-04-08
1079135,2,2,2026-07-20
1079138,4,2,2026-08-06
1079152,5,0,2026-06-07
1079154,1,0,2025-02-11
1079179,1,0,2025-06-12
1079202,1,1,2025-04-16
1079205,6,0,2025-12-13
1079206,1,0,2025-02-25
1079211,4,1,2026-08-20
1079215,1,1,2025-05-07
1079216,20,8,2026-07-22
1079243,1,1,2025-01-16
1079266,1,1,2026-02-19
1079290,3,0,2026-03-02
1079299,1,1,2026-06-18
1079306,1,1,2026-08-18
1079317,10,3,2026-03-17
1079319,5,2,2026-03-17
1079340,1,0,2025-10-21
1079341,4,1,2026-08-20
1079342,2,1,2026-01-23
1079350,1,0,2026-08-20
1079353,1,1,2026-01-05
1079357,1,0,2026-06-04
1079371,1,0,2026-04-17
1079377,2,0,2026-05-28
1079396,2,0,2026-03-04
1079406,6,4,2026-02-08
1079409,1,0,2025-03-03
1079425,1,0,2025-03-12
1079429,2,0,2025-01-27
1079436,9,9,2025-11-20
1079453,4,2,2025-05-30
1079467,1,1,2025-03-12
1079468,2,0,2026-03-11
1079492,1,0,2025-09-23
1079496,5,2,2026-07-01
1079499,9,5,2026-04-30
1079500,11,5,2026-09-03
1079501,10,7,2026-07-28
1079502,2,2,2025-12-23
1079536,1,1,2025-06-11
1079544,1,0,2026-02-17
1079550,1,0,2025-10-01
1079551,11,7,2025-11-03
1079590,2,0,2025-11-21
1079609,1,0,2026-03-31
1079627,1,0,2025-07-01
1079639,6,0,2026-01-29
1079672,1,0,2025-11-22
1079685,3,2,2025-11-18
1079715,1,0,2025-11-07
1079727,1,0,2025-01-13
1079730,4,1,2026-06-01
1079758,11,8,2025-08-13
1079759,6,5,2025-08-13
1079770,7,1,2026-01-12
1079771,11,0,2026-05-27
1079773,1,0,2025-12-08
1079806,5,4,2025-08-26
1079807,1,0,2026-06-01
1079828,7,4,2025-12-16
1079830,1,0,2025-06-17
1079839,6,5,2026-01-19
1079847,1,1,2026-05-21
1079854,1,0,2025-03-21
1079860,1,0,2025-02-20
1079880,4,3,2025-08-25
1079883,3,1,2026-05-23
1079887,6,3,2026-04-03
1079892,1,0,2025-12-23
1079909,1,0,2026-08-18
1079910,2,0,2025-10-07
1079916,1,0,2026-04-20
1079918,1,0,2025-10-10
1079920,3,2,2026-09-01
1079921,1,0,2026-05-07
1079927,7,5,2026-08-10
1079931,2,0,2025-07-22
1079963,1,0,2025-07-01
1079970,1,0,2026-03-18
1079974,1,1,2026-08-04
1079985,8,1,2025-09-25
1079986,2,0,2026-03-05
1079987,4,1,2026-06-23
1079988,7,3,2026-06-24
1079989,3,1,2026-08-12
1080027,1,0,2026-05-09
1080030,2,1,2026-08-19
1080036,1,0,2026-04-18
1080041,1,0,2026-05-13
1080050,1,0,2025-03-12
1080117,1,0,2025-04-08
1080125,1,0,2026-03-16
1080162,1,0,2026-09-03
1080179,1,1,2025-02-26
1080188,1,0,2026-04-21
1080218,4,4,2025-10-23
1080230,1,0,2025-04-14
1080331,1,0,2025-05-05
1080334,2,1,2025-08-05
1080352,6,3,2025-06-06
1080354,1,1,2025-03-26
1080355,2,1,2026-07-03
1080359,3,0,2026-08-07
1080363,1,1,2026-03-28
1080379,4,4,2025-09-12
1080390,1,0,2025-04-18
1080443,1,0,2025-07-01
1080458,4,1,2025-04-25
1080463,1,0,2025-09-18
1080481,3,3,2026-05-08
1080500,1,0,2026-06-11
1080501,1,0,2025-05-08
1080521,2,1,2025-06-12
1080525,1,1,2025-02-03
1080545,2,0,2026-05-07
1080546,3,0,2025-09-15
1080547,1,0,2025-02-25
1080548,1,0,2025-02-25
1080549,1,0,2025-02-25
1080550,1,0,2025-02-25
1080563,1,0,2025-10-28
1080572,2,0,2025-07-21
1080576,3,0,2025-09-17
1080579,1,0,2025-11-17
1080611,1,1,2026-01-22
1080621,1,0,2026-03-16
1080641,1,0,2025-03-31
1080668,4,0,2026-06-16
1080669,1,0,2026-03-13
1080671,1,0,2025-09-17
1080673,1,0,2026-08-11
1080680,2,2,2025-11-25
1080682,1,1,2026-01-08
1080683,1,1,2025-12-05
1080703,1,1,2026-05-20
1080704,1,0,2026-05-20
1080705,2,1,2026-08-05
1080706,1,1,2026-05-20
1080723,1,0,2025-08-01
1080734,3,2,2026-03-05
1080736,1,1,2025-11-03
1080760,1,0,2025-02-26
1080770,1,0,2025-02-11
1080777,13,6,2026-08-13
1080780,7,5,2025-08-21
1080793,2,2,2026-08-31
1080800,1,0,2025-03-28
1080802,1,0,2025-12-15
1080813,1,0,2026-05-08
1080816,1,0,2026-04-03
1080830,2,0,2026-05-08
1080855,1,0,2025-09-11
1080910,2,1,2025-09-30
1080916,1,0,2025-02-18
1080950,1,1,2025-12-22
1080953,6,3,2026-06-18
1080955,2,2,2025-10-29
1080965,1,1,2025-09-11
1080967,1,1,2025-08-28
1080996,1,1,2025-06-29
1081009,1,1,2026-05-14
1081016,1,1,2026-04-08
1081020,1,1,2026-07-27
1081023,1,1,2025-01-14
1081024,3,0,2026-02-25
1081029,15,9,2026-08-06
1081042,2,0,2026-03-02
1081078,1,0,2025-06-11
1081080,1,1,2025-11-24
1081087,1,1,2026-06-24
1081106,3,1,2026-09-04
1081108,2,0,2026-04-06
1081109,8,2,2026-06-03
1081114,5,2,2025-07-10
1081123,1,0,2025-07-03
1081126,30,17,2026-08-17
1081132,2,1,2026-04-23
1081135,2,0,2025-04-08
1081141,2,2,2026-06-16
1081145,1,0,2025-01-31
1081151,2,0,2026-04-28
1081154,5,0,2026-04-20
1081164,1,0,2026-04-10
1081179,1,0,2026-04-20
1081210,1,1,2025-02-07
1081245,1,1,2025-09-09
1081267,3,0,2026-02-24
1081273,1,1,2025-04-01
1081283,1,0,2025-02-25
1081291,1,0,2026-03-26
1081303,1,0,2025-02-27
1081314,1,1,2025-07-03
1081340,9,0,2026-07-20
1081346,10,0,2026-07-21
1081374,2,2,2026-01-02
1081432,3,1,2026-05-19
1081449,1,0,2026-07-08
1081450,1,0,2025-01-29
1081456,3,0,2026-07-07
1081467,2,0,2025-07-23
1081498,2,0,2025-02-27
1081499,3,3,2025-02-19
1081503,2,2,2026-08-25
1081510,1,0,2025-04-08
1081511,1,0,2025-04-08
1081512,2,0,2026-03-28
1081513,1,0,2025-04-08
1081514,9,2,2026-08-11
1081515,1,0,2025-04-08
1081543,1,0,2025-08-04
1081547,2,0,2025-09-10
1081548,1,1,2025-09-17
1081572,4,4,2026-06-29
1081573,1,0,2026-06-25
1081574,4,4,2026-06-29
1081578,4,4,2026-06-03
1081580,3,0,2026-08-27
1081589,4,0,2026-03-13
1081598,2,0,2026-04-20
1081614,1,0,2025-08-18
1081615,1,0,2025-08-18
1081621,9,1,2026-07-15
1081654,1,0,2025-08-05
1081659,1,1,2025-12-24
1081661,1,0,2026-09-04
1081662,1,0,2025-04-08
1081671,6,0,2026-04-10
1081682,1,1,2026-02-16
1081693,1,0,2025-04-08
1081694,4,1,2026-05-14
1081701,4,2,2026-06-30
1081709,2,1,2025-11-24
1081713,1,1,2025-10-09
1081740,1,1,2026-06-24
1081759,1,0,2026-03-20
1081788,1,0,2025-09-04
1081790,3,2,2026-05-21
1081791,1,0,2025-04-08
1081811,1,1,2025-03-19
1081812,1,0,2026-09-09
1081824,1,1,2026-05-19
1081827,3,1,2026-04-07
1081834,6,0,2026-07-09
1081842,3,0,2026-02-13
1081860,1,1,2025-12-04
1081887,1,0,2025-06-23
1081897,10,10,2026-06-18
1081910,4,0,2026-02-19
1081952,13,2,2026-03-02
1081954,5,0,2025-07-01
1081956,1,0,2025-09-26
1081973,8,7,2025-08-13
1081983,1,0,2025-08-05
1081996,1,1,2025-12-04
1082031,6,1,2026-04-09
1082034,4,2,2026-03-12
1082053,1,1,2025-07-18
1082070,2,1,2026-07-01
1082090,2,0,2026-08-05
1082100,4,2,2026-08-07
1082130,1,0,2025-11-17
1082132,3,2,2026-04-01
1082137,5,5,2026-08-12
1082154,1,1,2025-06-16
1082163,1,0,2025-11-24
1082174,3,2,2026-05-01
1082188,2,1,2026-08-13
1082210,1,1,2025-04-30
1082220,2,0,2025-11-21
1082223,2,0,2025-11-21
1082262,2,1,2025-09-19
1082263,2,2,2025-10-10
1082273,1,0,2026-08-10
1082314,2,1,2026-06-03
1082343,2,2,2025-11-25
1082344,1,1,2025-04-30
1082352,1,0,2025-02-25
1082353,1,0,2025-02-25
1082354,1,0,2025-02-25
1082355,1,0,2025-02-25
1082356,1,0,2025-02-25
1082357,1,0,2025-02-25
1082358,2,0,2026-09-10
1082359,1,0,2025-02-25
1082360,1,0,2025-02-25
1082361,2,0,2026-04-18
1082362,1,0,2025-02-25
1082363,1,0,2025-02-25
1082364,1,0,2025-02-25
1082368,1,1,2026-06-24
1082375,2,0,2026-05-29
1082387,8,8,2026-06-03
1082418,6,4,2026-03-31
1082441,6,4,2026-06-25
1082476,2,0,2025-09-05
1082477,1,1,2025-03-07
1082489,10,0,2026-07-15
1082491,3,3,2025-10-15
1082497,1,0,2026-05-06
1082502,6,1,2026-08-05
1082503,3,1,2026-03-11
1082505,6,0,2026-02-17
1082513,2,1,2026-01-15
1082527,1,1,2025-02-18
1082575,1,0,2025-05-08
1082600,2,1,2026-08-06
1082614,2,1,2026-04-08
1082615,1,0,2025-04-23
1082619,1,1,2025-02-21
1082634,5,4,2026-05-05
1082643,1,0,2026-04-20
1082646,1,1,2026-06-24
1082661,1,1,2025-09-22
1082665,6,0,2026-03-18
1082666,2,0,2026-04-20
1082667,2,0,2026-04-20
1082717,1,1,2026-01-02
1082718,6,2,2026-08-25
1082732,1,0,2025-09-22
1082734,1,1,2025-03-07
1082738,3,0,2026-04-20
1082743,1,0,2026-08-07
1082759,1,0,2025-04-08
1082763,1,0,2025-02-25
1082764,1,0,2025-02-25
1082765,2,0,2025-10-20
1082781,5,4,2026-03-24
1082794,1,0,2025-06-25
1082810,11,5,2026-04-20
1082817,1,0,2025-01-29
1082840,1,0,2025-07-01
1082851,2,2,2025-11-07
1082883,1,1,2026-01-15
1082885,1,1,2026-01-15
1082894,11,7,2026-04-03
1082895,1,0,2025-04-08
1082934,2,0,2025-12-12
1083033,1,0,2025-07-29
1083078,1,1,2026-04-21
1083117,5,1,2026-06-12
1083119,1,0,2025-02-25
1083120,1,0,2025-02-25
1083141,1,1,2026-01-15
1083148,2,2,2025-10-22
1083157,1,1,2025-12-12
1083184,3,0,2026-07-22
1083202,1,0,2026-07-16
1083213,1,1,2026-06-12
1083235,1,0,2025-09-15
1083240,4,1,2026-07-10
1083241,1,1,2025-12-12
1083243,2,2,2025-12-12
1083247,4,2,2025-09-23
1083309,1,0,2026-08-03
1083318,2,0,2026-06-11
1083349,3,1,2026-04-20
1083350,1,1,2025-11-20
1083357,2,0,2025-07-16
1083376,1,0,2026-06-30
1083384,1,1,2025-05-16
1083385,1,1,2025-05-16
1083386,1,1,2025-05-16
1083387,1,1,2025-05-16
1083400,1,0,2025-03-10
1083402,2,0,2026-05-13
1083420,1,0,2025-09-09
1083425,10,3,2026-04-13
1083436,3,3,2025-08-18
1083456,5,1,2025-11-03
1083457,3,1,2026-04-04
1083462,2,2,2026-06-29
1083464,2,2,2026-08-19
1083465,1,0,2026-08-04
1083467,1,0,2025-10-21
1083487,7,6,2025-11-05
1083488,1,0,2025-10-28
1083489,4,3,2025-11-10
1083493,6,5,2026-04-02
1083497,6,0,2026-05-13
1083501,11,0,2026-07-24
1083516,2,0,2025-07-07
1083561,2,0,2026-03-11
1083575,4,3,2025-10-20
1083583,2,0,2025-06-30
1083596,1,0,2026-01-27
1083597,3,0,2025-02-24
1083610,1,0,2025-12-30
1083618,2,0,2026-01-27
1083630,7,2,2026-03-24
1083638,6,4,2026-03-05
1083643,1,0,2026-02-04
1083648,1,0,2025-02-25
1083671,13,4,2026-07-15
1083679,1,0,2025-03-24
1083689,1,1,2026-01-21
1083692,2,0,2026-06-30
1083693,1,0,2026-04-29
1083695,2,0,2026-07-22
1083696,2,1,2025-09-16
1083697,1,1,2025-09-29
1083698,1,1,2026-07-29
1083700,1,1,2025-01-29
1083706,2,0,2025-06-10
1083717,10,3,2026-07-22
1083719,6,3,2026-02-17
1083722,5,5,2026-03-27
1083725,2,0,2026-04-13
1083741,2,0,2026-02-13
1083772,5,4,2026-03-26
1083779,19,14,2026-06-15
1083785,1,0,2026-03-21
1083796,1,0,2026-04-18
1083799,11,2,2026-09-02
1083800,4,1,2025-11-10
1083802,5,0,2026-04-20
1083810,4,2,2026-06-04
1083854,1,1,2025-06-09
1083858,1,0,2025-04-08
1083904,1,0,2025-07-11
1083927,8,0,2026-07-22
1083929,1,0,2025-01-29
1083932,1,1,2025-01-31
1083933,5,0,2026-07-22
1083953,1,0,2025-04-08
1083954,4,1,2026-03-26
1083955,2,1,2025-11-24
1083956,2,1,2026-07-06
1083972,1,0,2026-07-24
1083974,2,1,2025-07-28
1083979,2,2,2026-07-08
1083986,2,1,2026-07-27
1083989,5,4,2026-08-21
1083991,1,0,2025-03-10
1083992,9,3,2025-09-29
1083993,4,0,2026-05-07
1084005,13,0,2026-08-21
1084041,1,0,2025-12-24
1084043,1,0,2026-06-23
1084044,1,1,2025-10-16
1084051,2,0,2026-01-06
1084067,5,0,2026-07-06
1084085,5,0,2026-07-06
1084087,3,0,2026-08-04
1084088,1,0,2025-03-19
1084089,1,1,2026-07-13
1084095,1,0,2026-03-31
1084098,1,1,2026-07-09
1084102,15,0,2026-07-06
1084106,2,0,2026-05-05
1084108,5,1,2025-11-18
1084110,1,0,2025-01-15
1084113,1,0,2025-07-23
1084115,4,0,2025-07-14
1084116,4,0,2026-04-29
1084121,1,1,2026-01-23
1084124,5,2,2026-09-10
1084127,1,1,2026-02-13
1084128,6,2,2026-06-18
1084129,4,1,2026-06-17
1084132,21,0,2026-07-10
1084144,1,0,2026-08-17
1084146,2,2,2026-08-13
1084147,2,0,2026-09-08
1084160,2,2,2026-05-21
1084170,3,1,2025-01-23
1084190,2,0,2025-07-03
1084191,5,3,2026-03-02
1084194,1,1,2025-09-16
1084201,4,0,2026-02-20
1084206,6,5,2026-04-20
1084207,2,2,2026-01-27
1084213,1,1,2025-03-29
1084216,1,0,2026-03-05
1084224,1,1,2026-07-21
1084271,2,0,2026-08-12
1084303,3,3,2025-09-10
1084305,10,4,2026-07-29
1084357,1,1,2026-05-20
1084386,1,0,2026-03-04
1084391,2,0,2026-07-28
1084396,1,0,2025-05-31
1084456,2,0,2026-05-02
1084457,1,1,2025-09-08
1084476,2,2,2025-12-08
1084482,1,0,2026-03-23
1084519,3,2,2026-06-01
1084521,1,1,2025-07-11
1084532,3,0,2025-06-03
1084533,1,0,2025-11-18
1084564,1,0,2026-08-05
1084572,4,0,2025-07-01
1084583,1,0,2026-06-10
1084587,8,1,2026-07-01
1084603,1,0,2025-09-25
1084611,1,0,2026-03-18
1084612,13,4,2026-07-14
1084615,13,11,2026-07-24
1084628,1,1,2026-06-26
1084660,1,0,2026-02-04
1084673,1,0,2025-04-08
1084695,3,3,2026-05-14
1084699,2,1,2026-07-16
1084702,1,0,2026-07-16
1084709,1,1,2026-04-20
1084710,1,1,2026-01-14
1084761,1,0,2025-10-03
1084771,13,7,2026-06-17
1084781,1,0,2025-02-07
1084787,1,1,2026-01-21
1084825,3,2,2025-07-19
1084826,3,0,2026-04-24
1084848,1,0,2026-02-25
1084869,1,0,2026-08-18
1084874,2,1,2025-11-12
1084875,1,0,2025-10-09
1084912,1,0,2026-04-20
1084920,1,1,2025-03-17
1084945,1,1,2025-07-30
1084948,1,0,2026-02-13
1084979,1,1,2026-02-26
1084987,1,0,2025-10-03
1084991,1,0,2025-07-01
1084992,1,0,2025-07-01
1084998,1,0,2025-10-06
1085009,1,0,2025-09-04
1085016,1,1,2026-04-16
1085031,1,1,2025-05-08
1085048,1,0,2025-10-14
1085075,1,0,2025-03-12
1085096,36,6,2026-06-24
1085125,2,0,2025-02-06
1085129,1,1,2026-08-24
1085139,9,5,2026-06-05
1085146,4,2,2026-04-20
1085151,2,0,2025-02-11
1085162,2,0,2026-04-13
1085179,1,0,2025-08-11
1085180,6,4,2025-10-03
1085185,2,0,2026-05-06
1085193,3,3,2026-05-11
1085197,1,0,2026-04-28
1085214,1,0,2025-07-01
1085239,1,1,2026-02-11
1085248,2,0,2025-06-09
1085255,1,0,2026-02-10
1085273,1,1,2026-01-08
1085303,4,3,2026-07-31
1085357,10,6,2026-04-02
1085358,1,1,2025-07-22
1085363,1,0,2026-08-28
1085366,2,0,2025-08-26
1085368,1,0,2025-07-01
1085395,1,0,2025-07-07
1085404,1,0,2025-04-08
1085438,1,0,2025-02-13
1085463,3,2,2025-09-22
1085485,3,1,2026-08-19
1085486,6,4,2026-07-20
1085498,3,1,2026-06-29
1085568,3,0,2026-06-09
1085570,4,3,2026-05-26
1085589,2,0,2026-02-11
1085590,3,1,2026-04-24
1085591,23,19,2026-07-07
1085614,2,1,2025-09-05
1085658,2,0,2026-05-06
1085666,1,1,2026-08-20
1085671,5,2,2026-07-16
1085681,1,1,2026-04-13
1085682,2,1,2026-04-30
1085727,4,3,2025-09-05
1085733,4,1,2026-02-13
1085735,2,0,2025-06-01
1085773,2,1,2026-04-28
1085776,1,0,2025-11-07
1085778,1,0,2025-04-08
1085786,1,0,2026-04-20
1085789,1,1,2026-07-01
1085792,1,1,2025-04-15
1085794,1,1,2026-07-06
1085805,2,1,2026-06-10
1085820,3,0,2026-04-20
1085873,1,1,2025-04-02
1085877,2,1,2025-11-19
1085931,3,2,2026-06-02
1085950,3,1,2025-04-04
1085951,1,0,2025-10-28
1085975,3,2,2026-03-14
1085979,1,0,2026-05-23
1086001,2,2,2026-06-03
1086030,1,0,2026-01-07
1086069,1,1,2026-07-14
1086071,2,0,2025-01-08
1086073,1,1,2026-01-08
1086085,1,0,2026-03-17
1086089,2,1,2025-04-08
1086093,2,0,2025-07-01
1086106,1,1,2026-06-16
1086107,3,1,2026-05-30
1086143,1,0,2025-04-17
1086145,3,2,2026-08-07
1086164,2,1,2025-05-02
1086165,1,0,2025-08-20
1086170,1,1,2025-04-20
1086172,3,1,2026-05-14
1086183,4,4,2025-12-12
1086186,1,0,2025-05-12
1086205,5,3,2026-04-02
1086214,1,1,2025-07-21
1086215,2,2,2025-09-18
1086216,1,1,2025-12-03
1086220,6,2,2025-02-26
1086225,9,8,2026-08-27
1086230,7,2,2026-04-20
1086247,1,1,2026-01-08
1086250,3,0,2025-02-07
1086285,1,1,2025-11-12
1086340,9,0,2026-06-03
1086346,1,0,2025-08-11
1086435,3,0,2026-06-25
1086443,1,0,2025-09-09
1086470,1,0,2025-12-10
1086515,4,4,2026-02-11
1086518,2,0,2026-03-31
1086525,1,1,2026-03-31
1086533,1,0,2026-06-03
1086547,1,1,2026-07-01
1086554,1,0,2026-05-12
1086559,1,0,2025-04-08
1086569,1,0,2025-10-29
1086601,1,1,2026-03-06
1086606,1,0,2025-04-22
1086750,2,0,2025-06-04
1086764,1,0,2025-04-08
1086807,2,0,2025-06-12
1086826,1,0,2026-01-13
1086838,2,0,2025-11-10
1087059,1,1,2026-01-15
1087061,3,2,2025-04-15
1087072,1,0,2026-05-18
1087074,3,3,2026-04-21
1087082,1,1,2026-01-28
1087083,1,0,2025-05-21
1087087,1,1,2025-08-12
1087111,1,1,2026-06-24
1087126,1,0,2026-04-20
1087128,1,0,2026-04-20
1087129,1,0,2026-04-20
1087146,1,0,2026-06-26
1087150,4,2,2026-06-02
1087167,1,0,2025-12-05
1087184,1,0,2025-08-18
1087186,1,0,2025-02-25
1087187,2,1,2026-06-05
1087190,1,1,2025-11-14
1087201,13,5,2026-05-18
1087213,1,1,2025-06-23
1087220,1,1,2025-03-22
1087239,3,3,2025-08-25
1087241,1,0,2025-03-25
1087243,2,0,2026-05-21
1087264,2,2,2025-01-06
1087265,1,1,2026-07-21
1087268,3,3,2025-08-20
1087280,1,0,2025-10-29
1087284,1,0,2025-04-08
1087292,6,1,2026-06-20
1087298,6,3,2025-06-26
1087314,1,0,2026-06-20
1087325,2,2,2026-02-27
1087328,1,0,2025-02-22
1087331,1,0,2025-04-23
1087333,1,1,2026-02-10
1087334,9,8,2026-08-26
1087335,4,0,2026-07-31
1087337,1,0,2025-07-01
1087339,3,3,2025-11-17
1087340,1,0,2025-12-13
1087341,1,1,2025-04-03
1087343,6,0,2026-05-29
1087357,7,4,2026-01-21
1087358,1,0,2026-08-04
1087360,1,0,2025-12-09
1087381,2,1,2026-09-01
1087384,2,1,2025-08-04
1087388,2,0,2025-07-23
1087428,2,0,2026-01-14
1087429,1,1,2026-07-06
1087430,6,5,2026-08-12
1087437,2,0,2026-05-29
1087440,3,0,2026-02-17
1087445,1,0,2026-01-29
1087460,1,0,2026-06-24
1087464,4,1,2025-10-01
1087475,2,2,2026-07-10
1087480,2,0,2026-04-02
1087481,1,1,2026-07-13
1087484,1,1,2026-02-24
1087485,5,3,2026-09-02
1087499,2,2,2026-05-04
1087510,1,0,2026-01-12
1087513,1,0,2025-07-17
1087516,3,2,2026-08-04
1087518,2,0,2026-03-28
1087523,1,1,2025-10-23
1087533,1,0,2025-10-09
1087535,8,4,2026-08-06
1087537,5,0,2026-06-22
1087539,2,0,2025-08-26
1087549,2,0,2026-05-28
1087569,3,2,2026-07-17
1087589,1,0,2025-05-28
1087596,1,1,2025-04-17
1087613,2,1,2025-07-11
1087624,2,2,2026-05-04
1087633,1,1,2026-05-14
1087664,1,1,2025-06-27
1087666,2,0,2025-10-07
1087672,1,1,2025-07-11
1087676,10,7,2026-09-04
1087680,4,0,2026-02-20
1087698,1,1,2025-08-05
1087705,1,0,2025-02-11
1087712,1,0,2025-01-29
1087716,1,0,2025-06-26
1087719,1,0,2026-06-10
1087720,1,0,2025-05-27
1087726,3,0,2025-01-28
1087728,1,0,2025-04-08
1087734,1,0,2025-10-21
1087744,1,1,2026-08-04
1087753,4,2,2026-04-20
1087758,3,2,2025-11-07
1087777,9,1,2026-04-01
1087782,2,2,2025-09-20
1087784,4,1,2026-04-17
1087785,2,1,2026-04-02
1087817,8,8,2026-06-23
1087823,1,1,2025-03-28
1087824,2,0,2026-07-16
1087835,2,2,2026-03-18
1087836,3,1,2026-06-03
1087841,1,1,2025-12-31
1087846,1,0,2025-06-10
1087857,2,2,2025-03-03
1087867,1,1,2026-01-15
1087870,1,1,2026-07-29
1087887,5,4,2025-10-21
1087893,1,0,2025-04-08
1087945,4,0,2026-06-09
1087947,1,0,2025-12-23
1087948,2,0,2026-03-27
1087954,1,0,2025-12-09
1087960,1,0,2025-02-21
1087976,1,1,2026-06-10
1087980,7,3,2026-05-14
1087981,1,0,2026-08-27
1087982,6,1,2026-08-13
1087984,7,3,2026-06-01
1087991,1,0,2026-06-15
1088065,2,1,2026-04-20
1088074,7,2,2025-12-30
1088087,6,4,2026-06-29
1088090,1,1,2026-06-29
1088109,3,1,2026-07-31
1088110,6,1,2026-09-04
1088111,3,1,2026-04-20
1088112,4,1,2026-03-10
1088114,3,1,2026-08-06
1088117,3,2,2026-09-08
1088120,1,0,2025-02-12
1088133,1,0,2026-05-27
1088144,4,0,2026-08-20
1088161,2,0,2025-10-24
1088177,29,14,2026-08-31
1088178,1,0,2026-07-18
1088180,5,1,2026-08-05
1088209,1,1,2026-06-02
1088213,3,1,2026-04-20
1088214,1,0,2026-01-21
1088270,1,1,2025-04-18
1088274,1,1,2025-06-05
1088288,1,0,2025-04-08
1088305,1,1,2025-09-20
1088322,3,1,2026-03-18
1088333,1,0,2025-08-07
1088352,1,0,2026-08-06
1088394,1,0,2026-06-03
1088432,1,1,2025-12-03
1088442,16,8,2026-09-02
1088444,5,1,2026-07-24
1088445,2,1,2026-08-25
1088454,1,0,2025-04-15
1088461,1,0,2026-03-12
1088475,8,1,2026-07-17
1088478,4,4,2026-09-04
1088494,3,1,2026-06-08
1088524,7,2,2025-11-19
1088533,7,7,2026-05-05
1088576,1,1,2026-06-25
1088616,1,0,2025-04-08
1088619,6,4,2026-06-01
1088632,1,0,2025-04-15
1088641,1,0,2025-04-08
1088655,1,1,2025-05-19
1088671,2,2,2025-11-12
1088682,1,0,2025-08-29
1088687,1,0,2025-04-08
1088708,1,0,2025-04-08
1088713,2,1,2025-02-07
1088715,4,3,2026-05-19
1088726,5,0,2026-04-25
1088745,3,1,2026-02-19
1088746,1,0,2026-04-07
1088750,1,0,2026-07-15
1088751,1,1,2026-02-09
1088758,1,0,2025-07-01
1088760,3,0,2026-02-07
1088783,1,1,2026-01-12
1088794,1,1,2025-06-02
1088814,5,1,2025-08-12
1088816,2,0,2026-01-22
1088822,2,1,2025-04-23
1088824,2,0,2026-03-17
1088826,1,1,2025-11-19
1088830,2,2,2025-04-28
1088832,1,0,2026-03-25
1088863,3,0,2025-12-15
1088869,3,1,2026-08-27
1088870,4,0,2026-03-02
1088892,6,0,2026-04-08
1088906,4,1,2026-04-24
1088910,7,3,2026-09-09
1088961,1,1,2025-03-20
1088967,5,4,2026-03-10
1089024,1,0,2025-05-14
1089025,1,0,2025-04-08
1089027,1,0,2026-05-09
1089033,2,1,2026-06-10
1089057,3,2,2025-11-24
1089077,1,1,2025-07-09
1089103,1,1,2025-11-25
1089152,1,0,2026-04-25
1089154,1,1,2026-08-17
1089192,1,0,2025-04-03
1089242,2,0,2026-02-11
1089248,1,1,2025-10-20
1089288,3,0,2026-09-10
1089312,1,1,2026-07-17
1089321,3,2,2026-08-10
1089326,1,0,2025-04-08
1089333,1,0,2025-11-07
1089340,2,1,2026-06-12
1089341,4,2,2026-05-19
1089346,1,0,2025-04-08
1089352,2,0,2025-08-25
1089379,4,2,2025-09-25
1089381,2,2,2025-02-25
1089385,2,0,2026-04-15
1089395,1,1,2025-09-11
1089398,1,1,2026-01-02
1089400,2,2,2026-06-29
1089412,1,1,2025-08-04
1089414,1,0,2025-04-08
1089418,4,0,2026-04-16
1089428,1,0,2025-04-14
1089434,1,0,2026-04-15
1089437,2,2,2026-04-23
1089438,5,2,2026-03-11
1089444,1,0,2026-06-17
1089447,3,0,2026-04-29
1089452,5,3,2026-06-15
1089455,8,5,2026-08-20
1089481,3,2,2025-10-30
1089492,1,0,2026-06-24
1089625,1,0,2025-07-16
1089658,1,1,2026-08-25
1089660,1,1,2026-04-14
1089662,3,1,2026-07-28
1089663,1,1,2025-02-10
1089664,2,1,2026-06-29
1089690,1,0,2026-04-20
1089691,6,0,2026-07-22
1089693,1,1,2026-03-30
1089695,1,1,2025-09-25
1089696,8,2,2026-09-02
1089698,1,0,2025-06-11
1089702,1,0,2025-04-08
1089704,6,3,2026-08-13
1089706,2,0,2026-07-15
1089717,1,0,2026-04-30
1089722,2,1,2025-12-03
1089723,1,1,2026-03-24
1089726,2,0,2026-07-23
1089729,1,0,2025-02-05
1089736,1,0,2026-03-11
1089742,1,0,2025-10-01
1089772,4,2,2026-07-29
1089780,3,3,2026-04-22
1089788,1,1,2026-02-14
1089790,1,1,2026-02-20
1089794,1,0,2025-01-19
1089806,1,0,2025-03-19
1089807,7,3,2026-07-14
1089808,1,0,2026-08-19
1089823,3,1,2025-07-21
1089831,1,0,2025-04-08
1089833,1,0,2025-04-08
1089838,1,0,2025-04-08
1089849,5,5,2026-06-24
1089853,2,1,2026-04-20
1089857,2,2,2025-10-17
1089859,3,0,2026-07-06
1089862,3,0,2026-05-11
1089871,1,1,2025-08-11
1089881,1,0,2025-04-08
1089889,1,1,2025-11-06
1089904,1,0,2025-02-25
1089911,1,1,2025-04-30
1089945,2,1,2025-01-03
1089954,2,2,2026-09-03
1089965,1,1,2026-01-08
1090003,2,1,2025-04-03
1090088,1,0,2025-04-08
1090103,2,1,2026-09-01
1090115,2,1,2026-03-28
1090129,6,0,2025-09-17
1090139,3,1,2026-07-15
1090142,2,1,2026-09-08
1090147,2,0,2025-04-22
1090161,8,3,2025-02-26
1090162,2,1,2025-12-30
1090164,1,0,2026-03-09
1090180,1,0,2026-03-26
1090181,1,1,2025-11-13
1090183,2,0,2026-07-09
1090187,1,0,2025-04-08
1090190,1,0,2025-08-11
1090194,1,0,2025-09-09
1090197,3,0,2026-02-03
1090199,5,0,2026-06-05
1090205,1,1,2026-04-07
1090211,1,0,2026-05-12
1090229,2,2,2026-07-29
1090231,1,0,2025-04-08
1090257,1,1,2025-11-19
1090331,3,0,2026-04-20
1090354,2,2,2025-07-18
1090374,1,1,2025-04-08
1090375,1,1,2026-05-28
1090397,6,0,2026-05-21
1090398,1,0,2025-04-08
1090451,1,0,2025-04-08
1090453,2,2,2026-05-28
1090456,2,1,2025-06-07
1090458,1,0,2025-03-10
1090459,3,0,2025-04-30
1090460,1,0,2025-04-08
1090463,1,0,2026-06-10
1090472,1,0,2025-02-07
1090476,1,0,2025-01-14
1090478,2,1,2026-06-17
1090484,1,0,2026-08-28
1090486,1,0,2025-07-15
1090489,4,1,2026-02-06
1090492,1,1,2025-04-15
1090493,10,1,2026-08-04
1090528,1,0,2025-03-24
1090554,2,0,2025-04-08
1090562,1,0,2025-05-24
1090563,3,3,2025-02-19
1090567,1,1,2026-07-14
1090571,1,0,2025-12-24
1090574,5,0,2026-04-20
1090584,1,0,2025-04-08
1090587,1,0,2025-04-08
1090600,1,1,2025-02-03
1090614,1,0,2026-05-23
1090627,21,10,2026-02-07
1090629,5,0,2025-07-01
1090634,3,1,2025-10-30
1090640,1,0,2026-04-14
1090646,2,2,2025-04-15
1090654,4,0,2026-03-18
1090671,3,2,2025-06-03
1090672,1,0,2026-04-27
1090675,1,0,2025-04-08
1090693,1,0,2025-08-11
1090695,14,7,2026-06-07
1090697,3,0,2025-11-17
1090706,1,0,2025-04-08
1090713,3,3,2026-01-07
1090717,1,0,2025-04-08
1090729,1,1,2025-07-15
1090749,3,0,2025-12-15
1090761,7,2,2026-07-21
1090771,1,0,2025-07-23
1090786,2,2,2026-05-21
1090819,1,0,2025-10-04
1090820,2,1,2026-08-20
1090823,1,1,2026-02-19
1090860,24,18,2025-09-08
1090861,9,0,2026-02-03
1090905,1,0,2025-10-31
1090911,5,0,2026-08-11
1090919,1,0,2025-04-08
1090920,2,1,2026-06-30
1090922,8,0,2025-08-23
1090926,1,0,2025-11-14
1090930,2,2,2025-07-24
1090939,1,0,2025-06-04
1090940,4,1,2026-08-05
1090946,3,0,2025-09-22
1090972,4,1,2025-06-09
1091000,3,0,2026-03-25
1091010,11,9,2025-12-03
1091032,11,11,2026-07-09
1091033,8,8,2026-07-01
1091034,5,5,2026-07-01
1091036,2,0,2025-04-08
1091054,1,0,2025-01-27
1091056,2,1,2026-02-12
1091067,10,10,2025-12-24
1091070,16,6,2025-07-12
1091079,1,0,2025-03-21
1091084,10,4,2026-05-09
1091089,2,0,2026-02-07
1091090,6,4,2026-06-04
1091095,1,0,2025-08-23
1091572,1,0,2026-06-30
1091576,3,1,2026-01-06
1091577,1,0,2026-01-14
1091579,1,1,2026-07-23
1091586,10,6,2026-06-22
1091597,1,0,2025-04-08
1091599,1,0,2025-11-19
1091602,1,0,2025-03-19
1091605,3,0,2025-03-20
1091619,1,1,2026-06-29
1091621,9,0,2026-06-11
1091630,13,4,2026-09-03
1091638,16,1,2026-05-15
1091641,1,0,2026-01-31
1091643,1,0,2025-03-05
1091645,1,0,2026-03-05
1091647,1,1,2025-11-17
1091654,7,4,2025-06-09
1091660,1,0,2025-01-29
1091668,2,0,2025-04-15
1091673,18,11,2026-08-12
1091677,16,4,2026-07-10
1091680,1,0,2025-02-28
1091684,1,0,2025-06-05
1091688,1,1,2026-02-19
1091692,1,1,2025-06-12
1091693,2,1,2025-05-07
1091703,1,1,2026-02-27
1091704,6,0,2026-01-03
1091708,3,0,2025-08-06
1091715,1,0,2025-12-09
1091716,2,0,2025-02-18
1091728,4,1,2025-04-16
1091731,7,3,2025-10-20
1091736,10,4,2026-08-17
1091738,2,0,2026-05-29
1091739,3,0,2025-05-24
1091740,2,0,2026-01-03
1091743,4,1,2026-05-23
1091744,1,0,2025-07-31
1091745,17,8,2026-09-02
1091746,5,0,2025-11-07
1091747,6,2,2025-08-23
1091748,6,4,2026-08-28
1091754,1,0,2025-02-12
1091755,4,2,2025-05-13
1091768,5,4,2025-06-16
1091773,2,0,2025-08-29
1091776,4,1,2026-03-02
1091777,13,7,2026-06-05
1091779,4,2,2026-04-25
1091781,9,1,2025-10-08
1091782,8,5,2026-08-18
1091783,14,8,2025-12-01
1091784,2,0,2026-03-28
1091785,2,1,2025-02-26
1091786,27,13,2026-05-09
1091787,30,24,2025-12-17
1091788,7,3,2025-10-08
1091789,2,1,2025-04-23
1091791,11,6,2026-06-14
1091792,6,2,2026-09-10
1091794,9,4,2025-07-31
1091796,7,3,2026-08-11
1091797,10,5,2026-08-08
1091798,7,3,2026-01-04
1091801,7,2,2026-07-29
1091805,11,2,2025-12-29
1091809,6,2,2026-05-07
1091812,5,0,2026-04-28
1091813,14,6,2026-08-03
1091815,2,2,2026-04-04
1091816,11,6,2026-08-18
1091817,14,8,2026-07-16
1091824,15,6,2026-04-07
1091825,4,1,2025-05-10
1091828,8,1,2025-08-16
1091830,10,4,2026-07-10
1091831,7,2,2025-12-26
1091832,1,0,2025-05-31
1091835,6,0,2026-08-10
1091838,2,0,2025-02-27
1091840,2,0,2026-06-22
1091842,21,12,2026-07-24
1091844,23,17,2026-08-17
1091853,8,6,2026-06-15
1091854,2,2,2026-07-13
1091855,6,1,2025-11-14
1091857,2,0,2025-01-10
1091862,2,0,2026-09-09
1091865,14,2,2026-07-21
1091866,4,3,2025-09-27
1091871,1,0,2025-01-22
1091872,2,2,2025-08-30
1091874,16,9,2026-07-22
1091876,8,4,2026-03-02
1091879,3,2,2026-08-31
1091880,5,1,2026-08-26
1091883,2,1,2026-09-03
1091884,6,2,2026-05-07
1091887,8,3,2025-04-03
1091892,1,0,2026-02-23
1091896,1,0,2025-04-22
1091905,15,9,2026-08-28
1091906,6,0,2025-09-09
1091917,3,1,2025-06-26
1091923,2,2,2026-09-08
1091924,1,0,2025-02-18
1091925,2,2,2026-05-08
1091929,4,0,2026-07-16
1091932,4,3,2026-08-27
1091941,2,0,2026-07-30
1091942,1,0,2026-02-25
1091943,1,0,2025-07-01
1091944,1,0,2025-02-25
1091945,1,1,2026-04-24
1091948,6,5,2026-08-08
1091949,2,0,2026-07-01
1091951,2,0,2025-04-12
1091952,5,1,2026-07-02
1091953,8,1,2026-05-16
1800471,1,0,2025-04-08
1800659,1,0,2026-06-01
1800697,1,0,2025-08-01
1801693,1,1,2026-03-20
1802685,1,1,2025-09-20
1802897,2,1,2026-07-22
1803087,6,6,2025-12-16
1803104,3,0,2026-08-28
1803657,1,0,2026-04-25
1803932,3,1,2026-06-02
1804241,2,2,2026-08-26
1804255,2,0,2026-02-04
1805610,1,0,2025-09-25
1805781,1,0,2025-04-08
1805914,1,1,2025-04-22
1807804,1,0,2026-02-09
1808199,1,1,2025-01-08
1809171,1,1,2026-07-23
1809494,2,1,2025-08-04
1811452,2,2,2025-01-14
1812225,2,1,2025-10-08
1812323,2,0,2026-02-21
1813136,1,1,2025-02-01
1813210,1,0,2025-02-11
1813295,5,2,2026-08-26
1813361,4,3,2025-09-12
1813413,3,3,2026-01-26
1813886,1,0,2025-04-08
1813994,1,0,2026-07-28
2000002,2,1,2025-06-10
2000005,1,1,2026-09-01
2000007,1,0,2026-06-18
2000011,4,2,2026-03-04
2000019,1,0,2026-03-18
2000028,1,0,2026-01-06
2000031,3,1,2025-04-09
2000040,1,1,2025-07-10
2000042,1,0,2025-06-27
2000054,2,1,2026-03-11
2000055,1,0,2026-08-26
2000060,2,1,2026-02-06
2000061,1,0,2025-04-09
2000076,4,2,2026-07-17
2000077,6,0,2026-06-11
2000095,1,0,2025-07-30
2000101,1,0,2025-05-14
2000103,1,0,2026-06-24
2000104,1,0,2025-04-08
2000106,1,0,2025-03-04
2000114,5,0,2026-07-06
2000117,5,4,2026-03-02
2000123,6,5,2026-07-10
2000130,1,0,2025-04-07
2000133,3,0,2026-06-18
2000136,2,0,2026-06-25
2000137,1,1,2026-07-29
2000160,1,0,2025-02-25
2000186,1,1,2025-04-07
2000205,7,2,2026-07-06
2000207,1,1,2026-06-04
2000208,2,0,2025-04-08
2000212,4,1,2026-08-17
2000214,7,0,2025-02-26
2000226,1,1,2025-10-31
2000245,3,3,2026-08-31
2000257,1,0,2025-12-31
2000270,2,1,2026-01-20
2000271,2,0,2025-07-01
2000273,1,0,2025-10-27
2000284,2,1,2025-04-08
2000296,1,1,2025-04-04
2000308,5,0,2026-06-12
2000324,2,0,2025-08-29
2000334,8,8,2026-09-01
2000349,3,0,2026-06-02
2000362,4,1,2026-07-29
2000363,1,0,2025-09-19
2000391,4,0,2026-06-12
2000415,1,0,2025-04-08
2000418,1,0,2025-04-08
2000420,1,0,2025-04-08
2000431,2,0,2025-10-01
2000432,1,0,2025-05-27
2000445,1,0,2025-09-15
2000472,1,1,2025-01-14
2000491,4,2,2026-02-27
2000508,1,0,2026-02-26
2000513,2,0,2026-07-20
2000515,1,1,2025-04-10
2000522,1,0,2025-03-18
2000534,19,2,2026-05-22
2000563,1,1,2026-08-30
2000572,1,1,2025-04-10
2000573,1,1,2025-07-16
2000587,3,0,2026-07-30
2000594,8,7,2026-08-15
2000606,5,3,2026-07-16
2000609,1,0,2026-05-28
2000612,2,0,2026-03-09
2000626,3,1,2026-06-15
2000643,1,1,2025-05-15
2000644,1,1,2025-08-04
2000672,7,5,2026-04-06
2000675,2,0,2025-10-28
2000688,3,0,2026-08-25
2000704,3,3,2026-05-06
2000742,4,3,2026-05-06
2000745,5,5,2026-03-23
2000752,11,7,2026-07-28
2000756,1,0,2026-03-27
2000757,1,0,2026-03-23
2000773,3,1,2026-02-11
2000780,1,1,2025-03-31
2000782,1,1,2025-04-28
2000783,6,1,2025-04-29
2000814,6,0,2026-08-18
2000816,8,0,2026-06-15
2000826,2,2,2025-05-31
2000844,4,3,2026-02-09
2000855,2,0,2025-04-03
2000866,1,0,2025-07-01
2000880,6,2,2026-03-03
2000881,8,3,2026-03-03
2000882,4,1,2026-03-03
2000883,5,2,2026-03-03
2000884,5,3,2025-12-18
2000888,3,2,2026-01-08
2000889,4,3,2026-01-08
2000890,7,1,2025-08-23
2000895,1,0,2026-08-24
2000902,1,1,2026-03-13
2000917,1,1,2026-06-19
2000922,3,1,2025-09-13
2000923,1,1,2026-03-05
2000926,1,0,2026-03-18
2000927,2,0,2026-06-17
2000947,8,2,2025-09-23
2000954,7,0,2025-06-10
2000957,4,0,2026-06-16
2000999,9,8,2026-07-22
2001002,1,0,2025-01-27
2001005,1,0,2025-02-25
2001008,1,1,2026-05-28
2001019,3,3,2025-11-08
2001020,4,1,2026-02-24
2001026,1,1,2026-05-22
2001027,1,0,2025-08-01
2001040,1,0,2025-07-02
2001077,4,2,2025-06-26
2001078,1,0,2025-04-17
2001079,27,12,2026-05-29
2001085,1,0,2025-02-25
2001110,2,1,2026-05-22
2001112,1,0,2025-04-15
2001115,6,2,2026-01-22
2001153,9,1,2026-06-18
2001176,9,4,2026-09-03
2001186,17,10,2025-11-14
2001203,1,0,2025-02-25
2001213,1,0,2026-04-27
2001214,3,2,2026-09-03
2001224,1,1,2025-04-22
2001257,1,0,2026-06-18
2001261,3,0,2026-09-02
2001268,1,0,2026-04-27
2001283,2,2,2026-08-14
2001292,3,0,2026-06-16
2001296,1,0,2026-04-24
2001316,5,2,2025-10-22
2001327,1,0,2025-11-24
2001348,1,0,2026-02-25
2001352,1,0,2025-05-06
2001357,2,0,2026-02-27
2001372,3,0,2026-04-15
2001374,12,12,2026-04-23
2001386,3,1,2026-07-17
2001396,1,0,2025-02-25
2001415,1,1,2025-08-03
2001423,1,1,2026-06-09
2001431,2,0,2026-01-27
2001432,4,0,2026-06-09
2001441,1,0,2025-01-29
2001454,2,0,2025-07-01
2001467,3,1,2026-08-13
2001482,10,2,2026-04-24
2001501,1,0,2025-10-15
2001504,1,1,2026-04-27
2001518,3,1,2026-04-15
2001537,2,1,2026-04-15
2001549,1,1,2026-04-14
2001570,2,1,2026-04-09
2001581,1,1,2026-06-17
2001597,2,2,2025-12-30
2001605,3,2,2026-03-30
2001610,7,3,2026-07-29
2001619,11,0,2026-08-05
2001628,1,0,2025-02-25
2001629,1,0,2025-02-25
2001632,1,0,2025-02-25
2001633,2,0,2025-07-07
2001634,1,0,2025-02-25
2001638,1,0,2025-02-25
2001660,1,0,2025-01-29
2001665,2,2,2026-02-09
2001674,2,1,2025-10-09
2001681,7,6,2026-07-07
2001684,3,0,2025-07-15
2001694,1,0,2025-02-28
2001710,1,0,2026-03-19
2001712,1,0,2026-02-27
2001720,1,1,2025-12-22
2001736,4,0,2026-06-18
2001749,5,0,2025-02-12
2001759,1,1,2026-03-09
2001769,2,1,2026-05-22
2001792,1,0,2025-06-27
2001822,1,0,2026-02-24
2001827,1,0,2025-12-12
2001831,2,2,2026-03-12
2001835,7,5,2026-07-28
2001846,5,2,2026-05-28
2001870,1,0,2025-02-25
2001871,1,0,2025-07-01
2001874,10,0,2026-06-22
2001881,5,0,2026-06-18
2001886,4,3,2026-04-17
2001887,1,1,2026-08-22
2001890,7,1,2026-03-18
2001897,10,3,2026-07-20
2001898,1,1,2025-07-18
2001903,1,0,2026-06-17
2001913,4,2,2026-05-06
2001921,1,1,2025-10-29
2001922,6,2,2026-07-13
2001928,1,0,2026-03-09
2001939,1,1,2025-08-18
2001948,1,1,2026-04-02
2001966,1,0,2025-05-16
2001970,4,4,2026-01-02
2001979,5,2,2026-05-28
2001980,1,0,2026-06-02
2001989,3,1,2026-06-08
2002006,2,1,2026-05-25
2002016,2,0,2026-06-23
2002041,1,1,2026-02-10
2002046,1,0,2025-02-26
2002059,3,0,2026-07-22
2002062,1,0,2026-06-25
2002066,1,1,2025-12-09
2002072,15,13,2026-07-18
2002111,1,1,2026-05-15
2002112,3,2,2025-12-01
2002113,1,0,2026-05-15
2002114,3,2,2025-12-01
2002115,4,2,2025-12-01
2002140,1,1,2025-06-11
2002150,1,1,2025-07-07
2002160,2,2,2025-06-10
2002169,4,2,2026-07-23
2002170,3,3,2026-04-21
2002174,1,0,2026-06-15
2002195,6,4,2026-06-04
2002211,2,1,2026-07-09
2002218,2,2,2026-01-12
2002219,2,0,2026-01-05
2002229,5,2,2026-04-30
2002242,2,1,2026-04-28
2002245,5,2,2025-09-24
2002254,1,0,2026-03-12
2002260,2,0,2025-07-15
2002261,3,2,2026-05-29
2002262,1,0,2025-07-15
2002267,2,1,2026-06-02
2002272,1,0,2025-07-15
2002280,1,1,2025-05-19
2002283,1,1,2025-05-19
2002287,2,2,2026-06-08
2002292,2,1,2026-03-20
2002293,2,1,2026-08-30
2002295,4,2,2026-06-22
2002296,1,1,2025-12-09
2002298,1,0,2026-04-20
2002299,10,0,2026-03-31
2002317,1,0,2026-02-10
2002327,2,1,2026-06-22
2002329,2,1,2025-10-24
2002337,3,2,2026-04-10
2002343,6,3,2025-01-30
2002361,11,8,2026-04-02
2002367,1,0,2026-04-20
2002380,5,5,2026-02-03
2002381,1,1,2026-05-21
2002404,3,2,2026-09-03
2002408,5,4,2026-04-13
2002409,4,3,2026-04-13
2002410,6,2,2026-03-25
2002411,1,0,2026-03-19
2002412,1,0,2026-01-05
2002413,2,0,2026-04-10
2002434,1,0,2025-07-01
2002437,2,2,2026-04-04
2002439,1,1,2026-09-01
2002440,4,4,2026-04-14
2002441,2,0,2026-07-07
2002454,3,0,2026-03-26
2002458,6,0,2026-03-26
2002478,6,6,2026-05-27
2002483,1,1,2025-03-12
2002493,2,1,2026-05-14
2002497,3,0,2026-04-10
2002500,1,0,2026-06-02
2002503,7,4,2026-05-12
2002514,6,6,2026-03-19
2002529,1,0,2025-09-21
2002534,1,1,2026-05-12
2002549,1,0,2026-07-14
2002567,1,1,2025-12-09
2002568,1,1,2026-05-29
2002574,1,1,2025-11-21
2002576,10,2,2025-07-17
2002577,1,1,2025-12-10
2002584,1,0,2025-01-03
2002602,8,6,2026-08-05
2002603,5,3,2026-03-24
2002607,1,0,2026-04-15
2002622,5,2,2026-07-15
2002626,9,2,2026-04-20
2002636,1,0,2025-02-07
2002638,1,0,2026-05-20
2002655,4,3,2025-05-01
2002660,3,3,2025-06-16
2002661,1,0,2025-07-02
2002665,1,0,2025-04-08
2002673,9,4,2025-09-17
2002689,1,0,2025-09-16
2002691,1,1,2025-11-17
2002692,5,4,2026-01-05
2002693,4,1,2026-06-16
2002694,1,0,2025-03-04
2002705,1,0,2026-05-18
2002708,6,4,2026-01-05
2002709,4,4,2025-11-17
2002710,7,3,2026-08-05
2002711,1,0,2026-01-05
2002721,2,0,2025-04-18
2002722,2,0,2025-07-31
2002726,8,6,2026-05-06
2002727,3,2,2026-05-04
2002728,2,2,2026-04-30
2002729,2,2,2026-05-01
2002742,3,1,2026-07-21
2002745,6,0,2026-03-27
2002746,4,0,2026-04-20
2002747,5,1,2026-06-17
2002749,2,2,2026-06-08
2002751,3,1,2026-05-06
2002754,1,1,2026-04-29
2002759,1,1,2026-05-29
2002764,1,0,2026-01-16
2002768,1,0,2025-06-10
2002771,1,1,2026-02-14
2002772,5,1,2026-08-21
2002773,1,0,2026-03-20
2002777,2,0,2025-02-11
2002780,16,12,2026-05-22
2002783,1,0,2025-12-08
2002784,19,14,2026-08-26
2002788,3,2,2026-07-28
2002789,1,1,2026-06-02
2002796,2,0,2026-04-20
2002801,5,2,2026-04-14
2002802,7,0,2026-08-11
2002806,3,3,2026-05-18
2002808,5,0,2026-06-02
2002809,3,0,2026-06-02
2002810,5,2,2025-11-10
2002811,4,3,2026-05-18
2002812,2,0,2025-04-08
2002813,1,0,2025-04-08
2002814,3,1,2026-02-03
2002815,14,12,2026-05-15
2002817,15,13,2026-08-19
2002818,15,6,2026-08-12
2002821,4,2,2026-05-11
2002822,24,15,2026-06-18
2002823,8,2,2026-06-16
2002824,10,5,2026-05-12
2002825,9,5,2026-08-12
2002826,3,1,2025-07-07
2002827,1,0,2025-04-08
2002833,1,1,2025-06-20
2002835,1,1,2025-02-03
2002840,2,0,2026-08-20
2002844,8,6,2026-06-24
2002845,2,1,2025-11-21
2002846,2,2,2025-10-23
2002847,21,15,2026-05-14
2002848,3,0,2026-04-24
2002849,1,0,2026-02-04
2002850,7,3,2026-06-22
2002851,2,1,2025-12-31
2002852,8,2,2026-05-14
2002854,1,1,2025-03-26
2002856,6,3,2025-12-16
2002862,1,0,2025-02-14
2002864,4,1,2026-07-14
2002869,1,0,2026-04-23
2002870,1,0,2025-12-20
2002871,4,4,2026-01-22
2002872,2,1,2026-08-19
2002874,1,0,2025-04-08
2002878,1,0,2026-08-17
2002890,1,1,2026-05-05
2002893,8,2,2026-06-25
2002894,6,3,2026-04-22
2002896,2,1,2025-11-17
2002897,8,2,2026-06-02
2002898,10,5,2026-04-20
2002899,2,1,2026-08-06
2002901,4,3,2026-05-26
2002903,4,2,2026-09-04
2002904,11,6,2026-06-24
2002905,2,2,2026-05-30
2002910,3,1,2026-08-19
2002913,4,0,2026-06-24
2002915,5,3,2026-05-22
2002916,1,1,2025-01-21
2002918,1,1,2025-03-20
2002920,2,2,2026-05-20
2002924,4,2,2026-08-13
2002925,1,1,2026-01-07
2002936,15,5,2026-05-14
2002939,4,3,2026-05-06
2002941,3,1,2026-07-28
2002942,1,1,2025-07-14
2002945,1,1,2026-04-29
2002952,3,3,2026-05-21
2002954,8,2,2026-07-28
2002961,4,4,2026-01-09
2002962,2,2,2026-02-02
2002963,2,1,2026-06-05
2002968,7,3,2026-04-06
2002971,33,16,2026-06-17
2002973,8,2,2026-08-12
2002974,4,1,2026-05-26
2002977,40,21,2026-06-30
2002978,15,6,2026-06-25
2002985,2,0,2026-02-04
2002986,1,1,2025-03-21
2002993,2,2,2025-09-10
2003009,2,1,2026-04-23
2003022,9,0,2026-04-02
2003024,1,1,2026-06-26
2003025,1,1,2025-11-25
2003027,2,2,2026-06-16
2003029,1,0,2026-01-22
2003040,4,2,2026-03-16
2003042,1,0,2025-07-01
2003050,3,3,2026-09-08
2003051,10,0,2026-04-02
2003052,1,1,2026-06-15
2003053,6,4,2026-04-20
2003054,3,2,2026-02-09
2003056,2,1,2025-11-29
2003057,2,1,2025-11-07
2003058,1,0,2025-02-25
2003062,2,2,2026-01-13
2003065,17,5,2026-06-15
2003068,3,0,2026-03-09
2003069,4,4,2026-04-05
2003072,2,0,2025-09-25
2003077,2,1,2026-08-03
2003080,1,0,2026-06-02
2003083,2,1,2026-06-02
2003093,1,1,2026-01-05
2003099,1,0,2025-05-13
2003100,1,0,2025-02-17
2003102,8,4,2026-04-07
2003109,1,1,2026-01-16
2003113,1,1,2026-05-02
2003117,2,0,2025-11-28
2003121,1,0,2025-07-01
2003127,5,1,2026-02-24
2003135,2,0,2026-01-16
2003140,2,1,2025-07-24
2003142,3,2,2026-08-05
2003146,1,0,2025-02-18
2003148,3,1,2026-08-03
2003150,3,1,2026-05-05
2003152,3,0,2025-06-05
2003154,1,1,2025-11-05
2003155,5,2,2025-02-03
2003158,2,2,2026-08-03
2003159,1,1,2025-12-31
2003161,3,0,2026-04-20
2003170,4,2,2026-01-22
2003172,1,0,2026-04-02
2003173,2,2,2026-01-15
2003174,3,1,2026-07-01
2003176,1,0,2025-10-20
2003187,8,2,2026-02-20
2003188,1,0,2025-05-12
2003194,2,1,2026-07-07
2003195,5,3,2026-08-28
2003203,2,0,2026-05-07
2003232,3,1,2026-05-05
2003234,6,4,2026-06-23
2003253,16,8,2026-09-01
2003259,1,1,2025-06-03
2003262,6,1,2026-08-19
2003264,1,0,2026-05-14
2003265,3,0,2025-06-20
2003284,3,3,2026-08-03
2003285,1,1,2026-04-06
2003293,2,0,2025-09-15
2003301,1,0,2026-02-19
2003303,1,0,2025-03-05
2003305,3,3,2025-10-16
2003314,3,0,2026-04-20
2003316,1,1,2026-09-06
2003324,1,1,2025-01-22
2003325,4,4,2026-07-02
2003332,5,4,2026-03-31
2003335,1,0,2025-02-25
2003347,2,0,2026-07-15
2003348,1,0,2026-06-22
2003360,1,1,2026-06-18
2003376,2,1,2026-03-31
2003378,7,3,2026-04-14
2003379,3,3,2026-03-24
2003381,2,1,2025-11-20
2003383,1,0,2025-04-08
2003405,3,3,2026-07-11
2003406,6,2,2026-06-24
2003408,2,1,2026-05-18
2003413,3,2,2026-01-08
2003424,1,0,2025-01-29
2003430,1,1,2026-01-28
2003439,2,1,2025-10-23
2003440,1,1,2025-08-15
2003445,4,1,2026-05-18
2003446,2,0,2025-12-12
2003447,3,1,2025-02-18
2003454,1,0,2026-02-04
2003455,3,2,2026-05-13
2003456,9,1,2026-01-05
2003457,2,0,2025-07-01
2003467,1,1,2026-05-07
2003468,1,1,2026-02-05
2003475,5,4,2026-07-07
2003477,1,0,2026-05-04
2003493,2,1,2025-12-08
2003495,2,0,2026-03-31
2003496,2,0,2025-10-17
2003497,14,6,2026-05-26
2003509,7,6,2026-05-01
2003518,1,0,2026-04-20
2003519,8,0,2026-03-30
2003521,2,1,2026-04-21
2003523,2,1,2026-04-21
2003530,1,1,2026-02-20
2003531,3,0,2026-04-17
2003543,11,7,2026-08-04
2003554,3,2,2026-03-30
2003555,3,1,2026-08-20
2003556,2,0,2026-02-12
2003560,1,0,2026-04-22
2003564,1,0,2025-12-02
2003566,8,5,2026-02-12
2003568,1,1,2025-10-07
2003569,1,1,2025-10-07
2003599,3,1,2025-12-16
2003619,3,1,2025-07-31
2003635,1,0,2026-04-20
2003638,1,0,2025-05-22
2003640,1,1,2026-05-10
2003643,1,0,2025-02-21
2003645,1,0,2025-04-15
2003646,3,0,2026-06-22
2003653,1,0,2025-11-01
2003662,5,1,2026-07-21
2003664,3,3,2026-02-13
2003665,4,2,2026-02-13
2003677,1,0,2026-01-09
2003685,2,0,2025-10-28
2003686,4,1,2026-05-06
2003692,3,2,2025-09-29
2003695,2,0,2025-12-10
2003696,1,0,2025-11-18
2003717,1,0,2025-03-17
2003722,1,0,2025-12-19
2003724,2,0,2026-02-04
2003725,1,0,2026-02-04
2003747,9,5,2026-02-09
2003748,1,0,2026-02-09
2003766,2,2,2026-01-10
2003805,1,1,2026-02-05
2003811,2,1,2026-07-29
2003820,4,3,2025-11-20
2003834,11,0,2026-06-24
2003857,2,0,2026-03-12
2003858,2,2,2026-07-14
2003864,4,4,2026-02-04
2003865,1,0,2025-02-25
2003878,9,6,2026-08-14
2003883,7,0,2026-07-06
2003892,3,2,2026-05-14
2003893,3,2,2026-06-08
2003900,3,0,2026-09-02
2003905,2,1,2025-12-17
2003910,11,0,2026-07-06
2003913,1,0,2025-01-06
2003918,1,0,2025-08-02
2003924,5,2,2026-03-12
2003948,3,2,2026-05-14
2003954,1,0,2025-01-29
2003969,1,0,2026-02-25
2003970,1,1,2026-01-09
2003971,1,1,2026-04-30
2003972,2,0,2026-03-31
2003989,7,5,2026-03-20
2003998,5,1,2026-02-05
2004002,3,1,2025-06-04
2004014,3,0,2026-04-13
2004020,1,1,2025-12-04
2004021,1,1,2026-01-02
2004022,1,1,2026-01-29
2004023,1,1,2025-12-04
2004035,2,0,2025-12-18
2004048,1,1,2026-04-29
2004081,1,0,2025-05-28
2004091,1,1,2025-03-10
2004095,7,7,2026-05-18
2004096,6,5,2026-05-18
2004107,1,0,2026-02-19
2004121,1,0,2026-07-30
2004128,1,0,2025-07-01
2004133,1,0,2025-06-16
2004136,5,3,2025-09-02
2004137,1,1,2025-12-05
2004142,2,1,2025-12-30
2004144,1,0,2025-01-29
2004149,3,2,2026-02-17
2004180,1,0,2025-02-25
2004181,1,0,2025-02-25
2004187,1,1,2025-06-25
2004202,1,1,2026-05-13
2004203,1,1,2026-05-12
2004212,1,0,2025-02-25
2004213,1,0,2026-05-05
2004218,3,3,2026-06-26
2004220,2,2,2026-03-27
2004222,1,0,2025-12-18
2004223,16,8,2026-08-31
2004227,1,0,2025-02-25
2004241,1,1,2025-10-12
2004244,1,1,2026-03-16
2004246,2,1,2026-02-06
2004257,7,5,2026-08-25
2004260,4,2,2025-10-20
2004263,2,1,2025-12-04
2004266,1,1,2025-01-21
2004267,2,1,2025-11-13
2004268,6,3,2026-04-07
2004269,2,1,2026-04-28
2004271,1,0,2026-06-20
2004274,1,0,2025-02-25
2004275,1,1,2026-04-24
2004278,7,3,2026-08-12
2004283,2,1,2026-07-11
2004284,2,1,2026-07-11
2004291,1,1,2026-03-30
2004297,1,0,2026-06-19
2004300,3,0,2026-06-26
2004302,10,0,2026-07-07
2004304,4,4,2026-07-20
2004314,6,0,2026-06-30
2004320,2,0,2026-03-27
2004322,2,2,2026-05-19
2004324,2,0,2026-02-03
2004339,1,1,2026-05-31
2004340,5,4,2026-01-08
2004357,2,2,2026-02-05
2004367,4,2,2026-01-27
2004369,3,1,2026-02-06
2004370,1,0,2026-01-27
2004388,1,1,2026-07-23
2004395,1,0,2025-07-16
2004398,1,0,2026-04-13
2004403,2,1,2026-04-09
2004406,2,0,2025-04-08
2004408,4,1,2026-07-13
2004410,1,1,2026-02-25
2004411,3,0,2026-02-20
2004415,3,1,2026-02-17
2004417,5,3,2026-07-17
2004419,5,3,2026-02-12
2004420,8,4,2026-07-04
2004422,2,0,2025-09-09
2004425,3,1,2026-05-04
2004426,6,0,2026-04-20
2004458,3,1,2026-01-14
2004460,4,3,2026-04-22
2004461,4,2,2026-04-03
2004464,4,0,2026-06-29
2004469,7,1,2026-07-08
2004482,1,0,2025-02-25
2004495,1,0,2025-02-25
2004496,5,0,2026-07-08
2004498,12,0,2026-07-08
2004501,1,0,2025-01-31
2004512,5,3,2026-07-27
2004513,5,4,2026-09-09
2004526,11,0,2026-07-09
2004542,1,0,2026-06-11
2004544,4,2,2026-05-21
2004546,1,0,2025-02-25
2004547,1,1,2026-07-06
2004548,6,0,2026-06-25
2004553,1,0,2025-12-04
2004554,2,0,2025-03-21
2004563,1,1,2026-07-07
2004587,1,1,2025-09-04
2004588,1,0,2025-07-03
2004589,2,0,2026-09-09
2004594,1,0,2026-05-04
2004595,1,1,2026-02-06
2004607,1,1,2026-06-12
2004631,4,2,2026-04-10
2004633,2,1,2026-04-07
2004672,8,2,2025-08-23
2004690,3,0,2026-06-25
2004707,2,2,2026-04-21
2004708,2,1,2026-04-16
2004745,3,1,2026-01-28
2004751,1,1,2026-07-21
2004766,3,1,2025-01-14
2004772,1,0,2025-08-07
2004773,9,0,2026-07-01
2004786,1,1,2026-06-21
2004791,6,5,2026-05-28
2004792,1,1,2026-08-26
2004793,1,1,2026-08-26
2004794,1,1,2026-08-26
2004807,6,0,2026-07-09
2004823,4,0,2026-08-12
2004846,1,1,2025-08-09
2004856,1,1,2026-04-16
2004868,6,0,2026-07-09
2004869,6,0,2026-07-09
2004871,1,1,2025-10-01
2004873,8,1,2026-03-24
2004891,2,2,2026-03-23
2004892,3,1,2026-06-25
2004896,2,0,2025-12-01
2004915,2,2,2026-06-04
2004918,1,0,2025-02-25
2004919,1,1,2026-05-28
2004920,2,2,2026-07-31
2004923,2,0,2025-12-30
2004925,1,0,2025-12-28
2004933,1,1,2026-01-09
2004938,1,0,2026-02-10
2004958,3,1,2026-07-27
2004999,5,0,2026-02-10
2005003,1,1,2026-03-03
2005004,2,0,2026-06-25
2005006,1,0,2025-02-11
2005009,3,1,2026-03-04
2005012,4,3,2026-07-21
2005040,1,1,2025-08-14
2005046,1,1,2026-04-19
2005048,1,0,2025-01-15
2005049,5,4,2026-04-24
2005051,1,0,2025-01-29
2005055,3,1,2025-12-06
2005056,1,1,2026-04-29
2005066,1,0,2025-09-15
2005084,2,2,2025-12-30
2005085,1,1,2025-12-30
2005088,1,0,2025-05-21
2005089,7,4,2026-07-13
2005092,1,1,2026-02-25
2005093,11,4,2026-07-14
2005096,1,0,2026-06-15
2005097,1,1,2026-07-14
2005100,1,0,2025-07-01
2005117,1,0,2026-03-04
2005123,3,0,2026-02-26
2005133,6,0,2026-07-30
2005142,2,1,2025-04-16
2005150,15,9,2025-12-18
2005151,7,4,2026-08-07
2005159,4,0,2025-05-15
2005168,8,0,2026-07-20
2005169,5,4,2026-03-05
2005170,5,2,2025-09-23
2005171,1,1,2025-12-30
2005172,1,0,2026-03-03
2005182,1,0,2025-02-25
2005183,1,0,2026-03-11
2005195,1,0,2025-11-07
2005202,2,2,2025-11-14
2005205,3,2,2025-02-18
2005206,1,0,2026-07-29
2005210,3,1,2026-01-08
2005213,9,6,2026-09-04
2005215,1,1,2026-03-05
2005221,1,0,2026-03-05
2005222,8,2,2026-05-07
2005231,1,1,2026-02-19
2005237,1,1,2026-04-07
2005240,1,0,2025-02-25
2005269,2,0,2025-12-20
2005272,2,1,2025-05-16
2005276,13,0,2026-07-21
2005277,1,0,2025-07-15
2005282,2,0,2026-06-09
2005283,7,4,2026-03-05
2005285,1,0,2025-05-16
2005291,3,2,2026-05-20
2005324,1,0,2025-11-13
2005325,1,1,2026-03-05
2005328,5,4,2026-04-14
2005329,1,0,2026-07-20
2005338,11,7,2026-03-02
2005347,1,0,2025-01-16
2005348,10,1,2026-07-21
2005356,3,2,2026-02-26
2005359,2,1,2026-01-08
2005361,4,2,2025-01-14
2005366,13,0,2026-07-22
2005370,2,1,2025-12-22
2005371,1,1,2026-04-22
2005384,8,0,2026-07-22
2005386,2,2,2025-12-30
2005398,4,2,2026-07-10
2005412,1,0,2025-06-20
2005421,2,2,2026-02-09
2005446,3,1,2026-09-01
2005452,11,6,2026-06-02
2005456,1,0,2025-04-08
2005463,1,1,2026-01-07
2005470,1,0,2025-02-10
2005490,6,0,2026-02-25
2005504,1,0,2025-02-25
2005506,6,3,2026-06-17
2005517,1,0,2026-04-28
2005518,3,0,2025-09-12
2005519,1,0,2025-09-19
2005542,1,1,2025-09-11
2005543,1,0,2026-03-19
2005544,1,0,2025-08-04
2005546,2,1,2025-08-04
2005558,1,1,2026-02-09
2005559,4,0,2026-05-06
2005569,4,1,2026-03-09
2005611,1,1,2026-03-06
2005616,7,0,2026-07-23
2005619,1,0,2026-09-09
2005625,1,0,2025-02-25
2005626,1,0,2025-02-25
2005634,2,1,2025-01-06
2005660,12,0,2026-07-23
2005662,2,0,2025-06-16
2005664,1,1,2026-01-22
2005676,2,1,2025-10-24
2005681,7,0,2026-07-24
2005682,2,2,2026-07-21
2005691,5,0,2026-08-19
2005701,2,2,2026-04-28
2005702,17,11,2026-05-22
2005705,1,1,2026-01-02
2005720,1,0,2025-02-25
2005725,1,1,2026-03-09
2005731,2,1,2026-02-25
2005735,1,1,2026-08-06
2005737,1,0,2025-09-24
2005743,1,0,2026-07-29
2005752,2,1,2026-04-20
2005759,1,0,2025-12-08
2005761,1,0,2025-10-23
2005764,1,1,2025-05-26
2005779,1,1,2026-05-15
2005787,3,3,2026-02-17
2005798,1,0,2025-02-27
2005830,2,2,2026-06-02
2005835,12,5,2025-05-13
2005847,3,2,2026-08-06
2005872,10,8,2026-02-27
2005873,5,5,2025-12-23
2005893,1,0,2025-07-01
2005917,1,0,2025-07-01
2005930,4,1,2026-02-27
2005934,1,0,2026-07-13
2005939,1,0,2025-09-05
2005943,1,0,2026-03-03
2005989,3,2,2025-04-03
2006002,2,1,2025-11-20
2006003,1,1,2026-02-27
2006018,1,1,2026-08-26
2006022,1,0,2026-02-20
2006048,1,0,2025-02-25
2006051,1,0,2025-01-08
2006056,3,1,2026-04-07
2006064,1,0,2026-03-30
2006069,1,0,2026-08-05
2006072,3,0,2025-09-05
2006076,1,0,2026-04-20
2006078,1,1,2025-12-08
2006079,7,0,2026-07-24
2006081,1,0,2025-06-16
2006104,4,2,2026-04-29
2006105,3,0,2026-07-02
2006133,1,0,2026-02-19
2006136,1,1,2025-12-08
2006147,1,0,2026-05-20
2006149,5,2,2026-08-25
2006173,1,0,2026-04-03
2006185,1,1,2026-04-03
2006196,1,0,2026-01-17
2006214,2,1,2026-09-09
2006215,10,7,2026-02-20
2006217,4,2,2026-06-23
2006225,1,0,2025-02-25
2006227,1,0,2025-11-25
2006232,6,3,2026-05-20
2006246,1,0,2026-01-15
2006269,1,0,2026-01-11
2006279,1,1,2026-07-24
2006282,2,0,2025-10-07
2006285,1,1,2025-11-12
2006293,2,1,2026-07-29
2006299,1,1,2026-06-25
2006300,1,1,2026-06-25
2006307,13,9,2026-05-01
2006310,1,0,2025-12-02
2006318,1,0,2026-03-03
2006320,1,0,2026-03-03
2006322,8,3,2026-08-07
2006337,8,6,2026-06-08
2006342,1,0,2026-07-15
2006356,4,2,2026-04-15
2006366,1,0,2026-08-06
2006367,4,3,2026-02-19
2006371,2,1,2025-07-11
2006372,1,0,2025-02-25
2006384,2,0,2026-02-24
2006393,2,2,2026-08-19
2006408,2,1,2025-04-11
2006410,1,0,2025-04-04
2006411,1,0,2025-04-04
2006414,10,8,2025-08-24
2006421,1,0,2025-04-08
2006439,1,0,2026-01-08
2006442,1,1,2026-03-06
2006451,2,0,2025-12-07
2006452,6,1,2026-04-06
2006453,2,1,2026-02-20
2006458,3,0,2025-12-23
2006460,7,5,2026-07-20
2006470,1,0,2025-07-01
2006471,2,1,2026-03-06
2006476,1,0,2025-02-25
2006477,3,0,2026-07-21
2006501,2,2,2025-11-10
2006521,1,1,2026-05-20
2006524,8,4,2026-03-09
2006533,1,0,2026-03-18
2006534,1,0,2025-02-11
2006556,5,1,2026-04-22
2006558,1,0,2026-03-10
2006562,11,1,2026-09-08
2006563,3,1,2026-08-26
2006564,1,1,2026-03-10
2006566,13,0,2026-07-24
2006567,7,2,2026-08-27
2006570,2,0,2026-03-09
2006595,3,1,2026-04-28
2006596,1,1,2026-03-11
2006614,1,0,2026-07-03
2006625,5,5,2025-09-29
2006634,5,5,2026-07-22
2006638,1,0,2025-02-20
2006642,1,0,2026-05-29
2006653,1,0,2025-02-25
2006654,5,0,2026-07-21
2006656,1,1,2025-07-19
2006665,1,0,2025-07-01
2006679,1,0,2025-01-15
2006680,5,0,2026-07-21
2006682,1,0,2026-04-04
2006703,5,2,2025-08-20
2006706,6,4,2026-02-19
2006737,1,0,2025-12-06
2006741,1,0,2026-05-13
2006751,1,1,2025-12-05
2006789,3,0,2026-01-29
2006794,1,0,2026-01-06
2006815,2,1,2026-01-16
2006837,1,0,2025-02-25
2006846,3,2,2026-03-12
2006861,4,0,2025-12-29
2006863,3,0,2025-10-20
2006879,5,0,2026-06-22
2006917,1,0,2025-02-20
2006919,1,0,2025-09-04
2007011,3,2,2026-02-14
2007043,2,0,2026-04-21
2007065,3,3,2026-05-19
2007066,1,1,2026-08-13
2007097,7,5,2025-10-09
2007103,7,1,2026-04-15
2007114,1,0,2026-05-18
2007127,6,3,2025-07-09
2007152,1,1,2025-05-05
2007168,1,0,2025-01-14
2007175,1,1,2026-04-20
2007184,1,1,2026-02-27
2007199,3,0,2026-03-17
2007204,1,1,2026-03-31
2007206,2,0,2026-05-20
2007216,8,4,2026-08-10
2007237,4,1,2026-08-14
2007239,3,3,2026-08-19
2007240,1,0,2025-04-04
2007249,3,2,2025-08-28
2007250,2,0,2025-07-03
2007260,1,0,2025-04-14
2007263,9,6,2025-09-10
2007274,1,0,2025-07-16
2007275,7,2,2026-08-10
2007276,7,2,2026-04-16
2007283,1,1,2025-05-14
2007284,1,1,2025-05-14
2007287,1,0,2025-10-09
2007293,2,0,2026-07-30
2007297,2,2,2026-01-22
2007304,2,1,2026-08-18
2007314,11,8,2026-01-22
2007315,1,0,2025-07-01
2007319,4,2,2026-05-05
2007322,2,0,2025-04-11
2007333,3,2,2026-01-15
2007334,4,0,2025-12-04
2007337,4,2,2025-11-12
2007344,1,0,2026-08-18
2007349,2,0,2025-06-18
2007354,1,0,2026-04-20
2007360,6,0,2026-05-07
2007361,1,0,2025-04-08
2007371,13,6,2025-09-09
2007374,1,1,2026-01-07
2007387,5,0,2026-04-02
2007392,2,2,2025-11-13
2007395,4,3,2025-09-18
2007398,2,2,2025-01-08
2007400,3,3,2026-07-29
2007403,1,1,2026-03-11
2007404,9,4,2026-05-07
2007405,3,3,2026-06-18
2007423,5,4,2026-06-01
2007432,1,0,2025-05-02
2007433,2,0,2026-08-08
2007440,5,4,2026-08-11
2007446,1,1,2026-01-08
2007449,6,4,2026-07-06
2007450,6,4,2026-06-16
2007451,1,0,2026-06-09
2007455,6,1,2026-03-24
2007466,2,2,2025-05-07
2007470,4,1,2026-04-20
2007492,2,0,2026-02-05
2007499,1,0,2025-12-13
2007501,3,3,2026-05-29
2007503,1,1,2025-04-21
2007505,2,0,2026-07-22
2007509,1,0,2025-05-21
2007512,1,1,2025-05-21
2007515,1,0,2025-03-10
2007516,1,1,2026-07-22
2007529,2,0,2026-08-11
2007537,2,2,2026-05-29
2007539,4,2,2025-04-23
2007544,1,0,2025-04-08
2007545,5,4,2025-12-30
2007547,3,0,2026-04-16
2007560,1,0,2025-04-08
2007561,4,0,2025-12-01
2007566,4,1,2026-09-04
2007569,1,0,2026-05-30
2007580,1,1,2026-01-08
2007583,1,1,2025-07-15
2007588,3,2,2026-06-09
2007589,3,1,2026-08-05
2007592,3,2,2026-08-04
2007596,1,0,2026-02-19
2007601,1,1,2026-02-19
2007603,6,0,2026-07-24
2007604,1,1,2025-03-07
2007611,3,1,2026-07-22
2007612,10,7,2025-09-29
2007618,1,1,2026-06-18
2007619,2,2,2025-09-09
2007622,1,1,2026-04-29
2007626,10,8,2026-06-11
2007627,12,5,2026-07-17
2007631,2,1,2026-01-14
2007632,14,10,2026-09-08
2007633,8,4,2025-09-10
2007634,2,2,2026-07-22
2007635,6,0,2026-07-30
2007648,6,3,2025-08-18
2007652,1,1,2025-03-17
2007655,3,1,2025-07-01
2007666,2,0,2025-04-09
2007671,13,8,2026-05-12
2007682,1,1,2026-05-02
2007683,3,2,2026-09-08
2007686,1,0,2026-02-20
2007689,9,2,2026-08-20
2007694,1,0,2025-01-29
2007700,3,1,2026-07-07
2007728,4,2,2026-06-15
2007730,2,2,2026-03-05
2007732,5,1,2026-04-22
2007737,12,0,2026-08-24
2007764,3,2,2026-04-29
2007778,3,2,2026-06-01
2007779,11,8,2026-08-04
2007781,1,0,2025-09-15
2007786,1,1,2026-08-08
2007787,1,1,2025-01-15
2007805,1,0,2026-06-22
2007806,8,0,2026-04-01
2007807,4,2,2026-04-20
2007808,1,1,2025-08-05
2007809,6,3,2025-08-06
2007814,2,1,2025-04-07
2007820,2,1,2026-06-18
2007821,1,0,2025-07-30
2007822,1,0,2025-11-28
2007823,1,1,2026-08-15
2007824,3,2,2026-01-05
2007827,8,8,2026-05-13
2007830,8,3,2025-05-12
2007838,12,3,2026-04-02
2007849,12,5,2026-08-14
2007852,1,0,2026-08-05
2007854,4,4,2025-08-11
2007856,2,1,2025-04-08
2007857,6,1,2026-08-13
2007858,3,2,2025-11-20
2007860,1,1,2026-08-14
2007867,1,0,2025-04-08
2007868,1,1,2026-08-31
2007871,3,2,2026-08-10
2007873,5,3,2025-05-20
2007874,2,0,2026-08-15
2007875,2,0,2026-08-27
2007883,3,3,2026-04-16
2007885,3,1,2026-03-19
2007890,15,3,2026-08-14
2007894,8,4,2025-10-31
2007897,7,1,2026-07-07
2007901,4,1,2025-07-24
2007902,8,0,2026-07-29
2007904,3,2,2025-04-02
2007905,3,1,2026-02-04
2007907,2,1,2026-04-23
2007908,7,7,2025-07-31
2007909,3,1,2026-07-22
2007917,2,1,2026-05-20
2007924,1,1,2026-04-11
2007941,2,0,2026-05-28
2007944,3,2,2026-08-24
2007956,1,1,2026-08-28
2007957,5,2,2026-08-14
2007963,3,1,2026-04-29
2007966,1,1,2026-01-05
2007974,1,1,2026-07-15
2007983,5,3,2026-06-22
2007987,2,1,2025-12-01
2007988,1,0,2026-02-04
2007991,1,0,2025-12-01
2007994,2,1,2026-01-20
2007995,1,0,2025-06-10
2007998,1,0,2025-01-29
2008001,1,1,2026-03-17
2008006,2,0,2025-12-09
2008009,9,0,2026-06-17
2008010,1,1,2026-02-18
2008012,1,0,2026-03-17
2008016,1,0,2026-04-08
2008017,2,0,2026-04-02
2008022,1,0,2026-03-17
2008023,3,3,2026-04-24
2008024,3,2,2025-09-22
2008026,1,1,2025-06-04
2008030,4,1,2026-06-11
2008035,4,3,2026-05-11
2008037,2,2,2026-02-17
2008038,1,0,2026-07-14
2008039,23,10,2026-06-10
2008042,2,2,2026-06-24
2008050,2,2,2025-11-19
2008053,2,1,2026-08-20
2008055,1,0,2025-01-29
2008059,11,6,2026-05-14
2008060,1,0,2026-05-05
2008066,3,0,2025-07-09
2008074,2,2,2026-09-10
2008084,3,2,2026-09-10
2008087,5,1,2026-04-01
2008088,5,2,2026-04-01
2008098,5,0,2026-04-01
2008104,1,1,2026-06-08
2008109,2,2,2025-03-08
2008110,1,0,2026-04-20
2008116,7,5,2026-07-14
2008117,1,1,2026-07-29
2008120,4,1,2025-08-12
2008127,1,1,2026-08-15
2008128,1,1,2026-03-14
2008129,5,0,2026-07-07
2008130,1,0,2026-04-20
2008131,1,0,2025-12-08
2008137,2,0,2026-04-17
2008141,4,4,2026-06-15
2008142,3,3,2026-04-14
2008143,1,0,2026-04-20
2008145,3,2,2026-04-17
2008147,1,0,2026-04-20
2008150,1,1,2025-02-10
2008151,2,1,2026-03-10
2008159,1,0,2025-12-26
2008177,2,0,2026-08-03
2008205,24,4,2026-07-06
2008210,2,2,2026-01-27
2008213,1,1,2025-04-15
2008216,11,4,2026-07-01
2008217,2,0,2025-10-30
2008221,1,1,2026-02-19
2008222,1,0,2026-06-14
2008223,1,0,2026-06-14
2008226,4,1,2026-07-31
2008228,2,0,2026-08-14
2008238,1,1,2026-01-05
2008240,7,4,2026-08-05
2008241,6,2,2026-08-04
2008244,11,4,2026-08-17
2008251,1,0,2025-03-28
2008265,1,0,2025-07-29
2008266,1,0,2026-04-30
2008269,1,1,2026-07-27
2008275,1,1,2026-04-23
2008284,14,8,2026-07-29
2008288,3,2,2026-01-15
2008290,2,1,2025-11-18
2008301,1,0,2025-12-31
2008307,1,1,2026-04-01
2008309,1,1,2026-06-11
2008313,2,1,2026-08-07
2008319,2,0,2025-11-28
2008326,2,2,2026-05-18
2008327,1,0,2025-12-05
2008336,8,1,2026-06-05
2008337,14,9,2026-06-24
2008338,2,1,2026-04-28
2008344,4,3,2026-08-26
2008347,13,8,2025-12-30
2008359,1,1,2026-03-31
2008361,3,3,2025-07-24
2008362,2,0,2026-07-28
2008367,1,1,2025-03-29
2008369,1,1,2026-04-17
2008378,3,1,2025-12-05
2008383,1,0,2025-04-08
2008386,2,2,2026-04-08
2008388,3,3,2026-02-03
2008390,1,1,2026-02-09
2008391,2,1,2026-06-27
2008393,1,1,2026-01-12
2008394,1,1,2026-04-07
2008395,1,0,2026-05-25
2008396,6,5,2026-07-28
2008397,1,1,2025-12-30
2008409,2,1,2025-06-23
2008415,1,0,2025-07-05
2008427,4,1,2025-12-27
2008431,3,2,2025-07-21
2008433,3,1,2026-01-04
2008438,10,2,2026-02-03
2008443,1,1,2025-06-21
2008448,2,1,2026-09-08
2008449,1,1,2026-02-27
2008453,3,2,2025-09-23
2008460,11,0,2026-07-28
2008466,1,0,2025-07-08
2008470,7,0,2026-07-30
2008471,3,1,2026-08-24
2008479,2,2,2025-01-07
2008483,6,4,2026-01-06
2008497,1,0,2025-02-25
2008512,14,8,2026-04-06
2008513,2,1,2026-09-09
2008514,1,0,2025-02-25
2008519,17,13,2026-08-26
2008520,2,2,2025-10-15
2008521,3,0,2026-06-10
2008552,6,4,2026-03-18
2008553,1,0,2025-04-30
2008579,2,2,2025-01-08
2008581,2,2,2025-04-02
2008584,1,0,2025-07-14
2008585,1,0,2026-08-27
2008586,1,0,2025-01-08
2008601,1,1,2026-08-21
2008602,1,1,2025-11-18
2008604,1,1,2025-11-14
2008611,1,0,2025-07-01
2008619,2,1,2025-07-03
2008621,3,3,2026-01-23
2008628,6,5,2026-06-02
2008629,1,0,2025-06-03
2008633,3,3,2026-08-20
2008634,1,1,2026-06-15
2008635,5,5,2026-06-08
2008636,2,1,2026-08-17
2008641,1,1,2026-08-19
2008642,1,0,2026-02-12
2008644,2,1,2026-02-02
2008645,5,1,2026-03-31
2008646,1,1,2025-10-17
2008651,3,2,2025-07-02
2008658,2,2,2025-02-10
2008671,1,1,2026-02-05
2008679,1,0,2025-10-23
2008697,1,0,2025-04-08
2008698,3,1,2025-10-17
2008717,1,1,2026-02-18
2008718,2,1,2026-01-10
2008729,1,0,2026-03-02
2008731,1,1,2026-08-31
2008733,1,0,2026-06-05
2008741,1,0,2026-07-21
2008749,1,1,2026-08-31
2008753,4,2,2025-03-05
2008754,3,1,2025-03-05
2008760,1,0,2025-02-25
2008774,1,0,2025-01-10
2008793,4,1,2025-08-13
2008794,8,0,2026-07-28
2008802,1,1,2026-04-09
2008803,1,1,2025-07-31
2008821,1,0,2025-11-09
2008824,1,1,2026-06-25
2008829,1,0,2025-01-29
2008831,1,0,2026-05-12
2008835,4,0,2026-08-17
2008836,9,1,2026-08-10
2008837,3,3,2026-03-10
2008838,22,7,2026-08-04
2008839,7,7,2026-04-14
2008845,10,2,2025-12-22
2008846,1,0,2026-01-22
2008849,1,1,2026-08-21
2008853,1,1,2026-07-28
2008858,1,0,2026-05-12
2008862,1,0,2025-04-28
2008865,1,0,2026-01-22
2008867,1,1,2026-06-08
2008869,5,0,2025-05-06
2008873,9,0,2026-06-02
2008874,1,1,2026-01-27
2008890,2,2,2026-04-23
2008919,4,3,2026-08-25
2008922,1,1,2025-12-01
2008923,2,0,2026-05-23
2008926,2,2,2026-05-26
2008928,4,4,2025-12-09
2008954,1,0,2026-05-19
2008964,3,1,2026-07-27
2008981,2,0,2026-04-29
2008985,1,0,2026-01-13
2009006,1,1,2026-01-14
2009009,1,1,2026-04-15
2009011,7,0,2026-08-20
2009012,2,1,2026-08-06
2009015,2,1,2026-09-08
2009016,2,0,2025-12-11
2009043,1,0,2025-03-09
2009054,3,0,2026-07-15
2009070,1,1,2026-07-09
2009071,4,1,2025-07-11
2009077,4,1,2026-03-27
2009088,4,1,2025-06-27
2009099,6,4,2026-04-21
2009106,1,1,2025-01-17
2009110,8,5,2026-06-04
2009112,8,1,2026-04-20
2009136,5,2,2025-02-05
2009137,4,1,2025-02-05
2009146,1,1,2025-02-25
2009147,4,3,2026-08-18
2009149,1,0,2025-09-23
2009150,1,1,2026-05-27
2009158,4,4,2026-05-22
2009171,4,0,2026-04-08
2009174,2,1,2026-08-17
2009175,3,3,2026-06-23
2009176,1,0,2026-06-23
2009182,1,1,2026-07-21
2009188,3,2,2026-05-20
2009189,3,1,2026-07-20
2009235,1,0,2025-07-17
2009239,2,0,2026-01-27
2009253,7,0,2026-07-29
2009264,1,0,2025-02-25
2009275,1,0,2025-08-28
2009276,1,0,2025-08-28
2009277,1,0,2025-08-28
2009278,1,0,2025-08-28
2009279,3,0,2025-08-28
2009288,1,0,2025-08-28
2009289,1,0,2025-08-28
2009290,1,0,2025-08-28
2009291,1,0,2025-08-28
2009292,1,0,2025-08-28
2009293,1,0,2025-08-28
2009295,1,0,2025-05-30
2009296,3,0,2026-07-09
2009297,18,13,2026-05-07
2009298,2,1,2026-05-19
2009302,2,0,2025-12-01
2009306,5,2,2026-07-06
2009308,2,0,2025-09-05
2009313,10,5,2026-09-08
2009321,2,1,2026-06-30
2009327,4,4,2026-01-06
2009328,3,3,2026-01-06
2009331,1,0,2025-02-25
2009332,1,0,2026-07-21
2009335,2,0,2025-12-03
2009340,6,2,2026-03-11
2009342,5,5,2026-09-10
2009343,4,4,2026-05-29
2009351,2,0,2025-04-08
2009360,1,0,2025-04-08
2009361,1,0,2025-06-04
2009368,4,2,2025-10-14
2009369,23,7,2026-05-21
2009371,1,0,2025-04-08
2009372,6,2,2025-08-16
2009382,1,1,2026-08-29
2009385,1,1,2026-05-08
2009400,5,0,2026-07-10
2009417,1,0,2025-02-25
2009418,2,0,2026-01-08
2009428,4,2,2026-03-30
2009438,1,1,2025-06-04
2009462,2,1,2026-03-11
2009463,9,0,2026-07-10
2009466,3,0,2026-07-10
2009474,6,5,2026-07-16
2009491,1,1,2026-04-15
2009497,2,1,2025-12-02
2009498,1,1,2025-07-29
2009515,1,0,2025-02-25
2009523,2,1,2026-02-20
2009540,4,0,2026-05-12
2009555,10,0,2026-07-10
2009557,1,0,2026-04-29
2009561,3,2,2025-04-22
2009562,2,1,2025-08-01
2009572,5,0,2026-05-11
2009582,1,0,2025-09-03
2009586,9,5,2026-03-02
2009595,5,2,2026-06-11
2009597,1,0,2025-01-08
2009606,6,0,2026-05-06
2009610,1,0,2025-02-11
2009611,4,0,2026-07-07
2009612,12,5,2026-04-29
2009615,2,2,2026-08-25
2009616,2,1,2026-03-30
2009617,9,0,2026-07-07
2009619,1,0,2025-09-15
2009623,2,1,2026-04-22
2009625,4,2,2026-06-25
2009629,1,1,2026-08-07
2009640,7,1,2025-07-24
2009646,5,4,2026-08-24
2009650,1,0,2025-12-18
2009656,2,0,2025-02-25
2009657,3,1,2025-04-25
2009658,1,0,2025-12-01
2009659,9,0,2026-07-08
2009661,2,2,2026-03-19
2009662,3,3,2026-03-16
2009663,3,3,2026-03-31
2009664,4,4,2026-03-31
2009665,2,2,2026-03-31
2009666,2,2,2026-04-06
2009667,3,2,2026-04-06
2009668,3,3,2026-04-01
2009669,6,4,2026-04-01
2009679,1,0,2025-07-01
2009683,1,0,2026-03-27
2009693,1,0,2025-02-25
2009702,1,1,2026-03-20
2009716,3,2,2026-08-03
2009718,5,0,2026-07-14
2009719,5,5,2026-03-31
2009729,1,0,2025-07-29
2009730,6,2,2026-03-19
2009735,1,0,2026-04-20
2009742,1,0,2026-01-09
2009743,1,0,2025-06-09
2009747,1,1,2026-08-21
2009786,3,1,2025-01-28
2009793,3,2,2026-05-18
2009814,1,0,2025-04-14
2009825,2,2,2026-03-31
2009826,1,0,2025-02-25
2009828,2,0,2025-12-22
2009831,1,1,2026-03-19
2009836,2,0,2025-12-22
2009837,2,0,2025-12-22
2009844,1,0,2025-08-01
2009845,1,0,2025-09-08
2009846,4,2,2026-06-08
2009847,4,2,2026-06-08
2009865,7,0,2026-07-27
2009867,11,0,2026-07-16
2009869,9,0,2026-03-18
2009870,2,0,2026-08-05
2009871,1,0,2026-04-20
2009872,2,0,2025-08-12
2009874,9,4,2026-04-28
2009877,1,0,2025-09-09
2009881,8,6,2026-03-12
2009882,1,1,2025-12-04
2009884,1,0,2025-01-29
2009896,1,1,2026-04-04
2009910,1,1,2025-06-16
2009927,12,3,2026-07-08
2009930,1,0,2025-02-12
2009932,1,0,2025-02-21
2009945,1,0,2025-12-31
2009947,16,10,2026-08-14
2009949,2,0,2026-02-21
2009957,5,0,2026-05-07
2009958,1,1,2025-10-15
2009969,2,0,2025-03-12
2009970,2,1,2026-04-21
2009975,1,1,2026-04-04
2009989,2,2,2026-02-11
2010002,1,0,2025-08-06
2010007,1,0,2026-04-15
2010012,2,1,2025-11-21
2010014,6,2,2026-06-30
2010022,1,1,2026-03-13
2010038,1,0,2025-11-10
2010042,2,0,2025-04-02
2010050,1,1,2025-05-09
2010058,1,0,2025-05-08
2010062,1,1,2026-08-14
2010063,2,1,2026-08-08
2010065,1,1,2025-08-31
2010085,2,1,2026-06-11
2010095,7,0,2025-06-24
2010098,3,2,2025-10-27
2010110,1,1,2026-01-05
2010111,1,1,2026-03-20
2010113,1,1,2026-01-08
2010114,4,3,2025-10-29
2010123,13,11,2026-08-29
2010139,4,1,2026-09-01
2010162,2,0,2026-07-10
2010184,1,0,2025-01-29
2010187,1,1,2025-09-26
2010188,4,2,2025-12-11
2010189,1,1,2026-03-20
2010190,2,1,2026-03-20
2010195,1,1,2025-04-29
2010197,7,5,2026-08-25
2010200,2,0,2026-01-03
2010201,3,2,2026-03-16
2010203,2,2,2025-09-12
2010216,1,0,2025-01-29
2010236,4,2,2026-07-21
2010246,1,1,2025-07-19
2010247,1,0,2026-03-20
2010256,6,2,2026-06-16
2010262,1,1,2026-07-15
2010271,6,5,2026-03-17
2010273,9,0,2026-07-13
2010275,2,1,2025-12-16
2010300,12,6,2026-07-01
2010308,3,0,2025-04-15
2010312,1,1,2025-12-29
2010315,6,4,2026-02-26
2010322,2,0,2026-01-03
2010340,1,1,2026-04-16
2010355,8,4,2026-09-04
2010358,4,3,2026-05-11
2010362,1,0,2026-01-02
2010372,2,1,2026-05-13
2010376,1,0,2025-04-01
2010379,1,1,2025-08-26
2010398,1,1,2026-05-20
2010399,1,0,2026-03-25
2010418,7,1,2025-07-03
2010421,2,0,2026-03-27
2010423,1,1,2026-04-23
2010448,5,3,2026-09-03
2010450,1,0,2025-04-30
2010454,3,2,2026-01-27
2010455,7,1,2026-03-23
2010459,1,0,2025-05-28
2010481,3,0,2026-02-10
2010492,3,2,2026-07-23
2010493,2,0,2026-05-06
2010519,3,2,2026-03-18
2010531,2,0,2025-02-25
2010541,5,0,2026-07-28
2010569,2,0,2025-12-30
2010594,4,1,2026-05-19
2010598,4,2,2026-04-29
2010602,2,0,2026-03-16
2010604,5,0,2026-07-14
2010617,1,0,2025-05-08
2010621,1,0,2025-03-06
2010622,1,1,2026-08-19
2010630,2,0,2026-04-23
2010632,1,1,2026-03-23
2010648,3,0,2026-03-17
2010669,1,0,2026-08-11
2010671,4,0,2026-07-14
2010674,1,0,2026-06-04
2010675,2,0,2026-06-25
2010686,2,0,2025-01-03
2010690,1,0,2025-03-31
2010697,1,0,2025-01-28
2010731,5,0,2025-09-25
2010734,11,4,2025-11-10
2010735,8,3,2026-04-17
2010741,4,1,2025-04-30
2010746,1,1,2025-06-06
2010770,8,4,2025-12-04
2010781,29,15,2026-03-18
2010786,8,0,2026-07-14
2010792,1,0,2025-03-06
2010803,1,0,2025-12-09
2010805,1,0,2026-04-14
2010809,2,1,2026-02-06
2010814,2,1,2026-04-19
2010821,1,0,2026-03-24
2010824,12,1,2026-04-20
2010827,2,2,2026-04-14
2010828,2,2,2026-03-18
2010839,1,1,2025-08-11
2010864,7,6,2025-01-27
2010869,5,2,2026-09-10
2010870,1,0,2025-07-01
2010874,13,10,2026-03-02
2010877,5,2,2025-10-01
2010880,3,2,2026-04-23
2010883,1,0,2025-11-24
2010885,3,1,2026-08-24
2010886,1,1,2026-04-11
2010890,5,3,2026-07-30
2010892,12,0,2026-05-11
2010894,1,0,2025-03-04
2010900,1,0,2026-04-20
2010903,2,1,2025-06-20
2010904,2,1,2025-01-13
2010905,1,1,2025-06-04
2010910,7,0,2026-07-15
2010916,8,0,2026-07-15
2010928,11,9,2026-02-24
2010933,1,1,2026-03-31
2010934,1,0,2026-05-27
2010949,7,3,2026-07-23
2010957,1,0,2025-06-02
2010959,1,0,2025-11-18
2010962,2,2,2025-09-11
2010964,8,4,2026-04-13
2010965,2,2,2025-08-06
2010970,1,0,2025-08-18
2010976,1,1,2025-11-13
2010979,2,1,2026-08-17
2010987,1,0,2026-01-13
2010993,5,3,2026-08-25
2010998,10,4,2025-08-07
2010999,2,2,2026-05-16
2011034,6,5,2026-07-21
2011035,10,7,2026-07-31
2011036,7,5,2026-07-21
2011041,1,1,2025-08-20
2011050,1,0,2025-04-07
2011052,1,0,2025-02-24
2011053,2,0,2026-02-10
2011054,8,0,2026-07-29
2011057,1,0,2026-06-25
2011060,2,1,2025-03-25
2011067,1,1,2026-07-01
2011088,3,1,2026-02-05
2011101,1,1,2026-01-27
2011106,3,0,2026-02-05
2011107,1,0,2026-02-05
2011108,2,0,2026-02-05
2011163,4,2,2026-07-30
2011178,2,1,2026-02-26
2011182,7,3,2026-08-10
2011183,6,2,2025-08-26
2011184,1,0,2025-12-16
2011200,1,0,2026-04-27
2011204,2,1,2026-09-10
2011210,1,0,2026-04-16
2011221,1,0,2026-04-20
2011229,2,0,2026-08-10
2011230,2,1,2026-02-18
2011233,2,1,2026-01-14
2011234,1,1,2025-08-12
2011247,1,0,2026-01-09
2011265,2,1,2026-04-20
2011291,1,1,2025-03-18
2011294,2,2,2026-02-18
2011297,1,1,2026-07-11
2011324,1,0,2025-02-07
2011326,4,4,2025-06-18
2011340,6,4,2026-07-30
2011348,1,0,2025-12-11
2011352,2,0,2026-07-14
2011369,1,1,2026-06-03
2011381,3,3,2026-09-10
2011399,2,1,2026-06-18
2011404,2,2,2025-05-31
2011411,10,2,2026-05-20
2011415,2,0,2026-06-13
2011418,2,0,2026-02-07
2011420,6,0,2026-03-17
2011437,3,0,2026-08-16
2011444,1,1,2026-08-20
2011466,1,0,2025-08-27
2011474,4,4,2025-11-14
2011503,1,1,2025-10-31
2011507,4,2,2025-07-10
2011508,1,0,2025-02-14
2011534,4,2,2025-06-03
2011538,14,0,2026-05-20
2011547,1,0,2026-06-18
2011551,1,0,2026-06-07
2011560,4,3,2026-09-03
2011572,9,8,2026-09-09
2011589,3,2,2026-04-06
2011622,3,0,2026-05-21
2011623,5,2,2026-08-21
2011629,1,1,2025-06-08
2011647,1,1,2026-04-21
2011653,1,0,2025-12-11
2011654,3,1,2025-12-11
2011670,4,0,2026-06-02
2011676,1,0,2025-07-25
2011689,1,1,2025-05-09
2011692,6,1,2026-07-31
2011695,3,0,2026-03-28
2011712,1,0,2025-07-01
2011720,1,1,2026-08-30
2011721,1,0,2025-02-11
2011744,2,0,2026-08-25
2011752,2,1,2025-10-01
2011753,16,9,2026-08-24
2011776,3,0,2025-09-17
2011810,10,1,2026-05-13
2011822,1,0,2025-02-04
2011827,4,2,2026-07-17
2011843,2,0,2026-01-20
2011844,13,1,2026-07-02
2011853,1,0,2025-12-06
2011867,36,20,2026-08-11
2011872,1,1,2025-03-26
2011901,2,2,2025-12-16
2011902,2,2,2025-12-16
2011904,2,0,2025-01-08
2011937,14,0,2026-05-19
2011940,6,3,2025-03-28
2011976,3,1,2026-08-04
2011979,6,0,2025-06-02
2011983,3,2,2026-08-30
2011984,1,0,2026-05-22
2011985,16,4,2026-08-16
2011986,1,0,2026-01-30
2011987,1,0,2026-01-30
2011989,7,4,2025-10-23
2011995,7,0,2026-05-12
2012006,2,2,2025-11-25
2012012,1,1,2025-11-24
2012018,3,1,2026-01-15
2012068,1,1,2026-01-02
2012072,2,2,2026-01-05
2012076,1,1,2025-04-05
2012077,1,1,2025-08-08
2012089,4,2,2025-10-31
2012094,1,0,2026-03-24
2012096,4,4,2026-06-04
2012121,2,0,2025-08-22
2012139,3,3,2026-08-12
2012140,1,0,2026-06-11
2012150,1,0,2026-01-28
2012166,6,1,2025-04-22
2012168,2,2,2026-03-19
2012173,6,4,2026-05-04
2012174,1,1,2026-05-04
2012175,2,2,2026-07-14
2012176,1,0,2026-06-28
2012213,2,2,2026-05-21
2012235,1,0,2025-08-05
2012238,1,1,2025-07-08
2012256,3,0,2025-02-24
2012257,1,0,2025-07-01
2012272,1,0,2025-01-21
2012324,2,2,2025-11-18
2012325,1,1,2026-05-06
2012349,12,8,2026-04-08
2012357,3,3,2026-03-23
2012359,10,0,2026-05-12
2012379,2,0,2025-05-01
2012402,6,0,2025-07-28
2012406,1,0,2025-04-08
2012409,13,0,2026-05-15
2012413,1,1,2025-07-08
2012424,5,2,2026-05-05
2012464,1,1,2025-12-30
2012471,1,0,2026-08-27
2012477,1,0,2026-03-21
2012478,3,1,2025-07-29
2012486,9,8,2025-07-29
2012487,7,4,2025-07-29
2012491,1,1,2025-11-24
2012500,5,3,2026-09-02
2012509,3,1,2026-04-14
2012518,1,0,2025-02-11
2012533,1,1,2025-06-13
2012535,1,0,2025-01-29
2012604,9,8,2026-08-10
2012606,1,1,2026-08-27
2012615,1,1,2026-04-04
2012617,5,3,2025-04-02
2012620,13,1,2026-05-07
2012632,2,0,2025-04-08
2012642,1,0,2025-04-08
2012644,1,0,2026-05-01
2012650,1,1,2025-09-10
2012651,1,1,2025-11-21
2012658,3,1,2026-04-20
2012659,6,1,2026-06-11
2012663,1,1,2025-10-15
2012677,6,0,2026-08-04
2012679,4,1,2026-04-10
2012680,4,1,2025-06-13
2012694,3,1,2026-01-08
2012695,2,1,2026-01-08
2012696,12,10,2026-07-30
2012701,1,1,2025-11-24
2012708,6,2,2025-08-07
2012737,1,0,2025-07-01
2012765,1,1,2026-04-24
2012767,6,5,2025-07-29
2012787,2,1,2026-08-05
2012798,2,0,2026-03-10
2012799,2,1,2025-06-20
2012806,4,3,2025-04-09
2012808,1,1,2025-05-04
2012816,1,0,2026-04-20
2012823,1,1,2026-09-02
2012824,1,1,2026-09-02
2012825,2,0,2026-08-25
2012828,1,0,2025-02-24
2012833,4,0,2025-04-07
2012841,1,1,2025-02-07
2012849,1,1,2026-01-12
2012850,8,7,2026-01-13
2012852,1,1,2025-09-05
2012853,4,1,2025-07-31
2012856,1,1,2025-11-19
2012861,4,1,2025-09-24
2012864,2,0,2026-01-22
2012872,2,0,2025-10-03
2012880,2,2,2026-09-10
2012882,1,0,2026-06-30
2012887,13,0,2026-05-21
2012888,1,1,2025-07-28
2012899,1,0,2025-12-14
2012900,1,1,2025-06-05
2012904,1,0,2026-04-08
2012912,1,1,2026-03-13
2012918,1,0,2025-11-24
2012934,10,0,2026-05-08
2012938,1,0,2025-06-18
2012951,2,1,2026-07-11
2012955,2,0,2026-08-19
2012956,1,0,2026-08-19
2012957,17,0,2026-05-08
2012961,4,2,2026-07-30
2012965,4,2,2026-02-19
2012994,1,0,2025-01-29
2012997,4,0,2026-06-08
2013002,1,1,2025-09-04
2013017,2,1,2025-12-30
2013027,8,2,2026-04-20
2013047,4,1,2026-05-21
2013051,2,0,2026-06-08
2013061,2,1,2026-08-19
2013090,2,0,2025-09-12
2013094,2,2,2025-10-15
2013095,1,0,2025-07-11
2013105,1,0,2026-02-27
2013107,2,0,2025-04-21
2013109,3,0,2025-08-19
2013110,4,3,2026-04-27
2013122,4,4,2026-02-03
2013126,3,0,2026-05-22
2013131,5,1,2026-08-28
2013139,5,2,2026-06-22
2013142,5,0,2026-05-08
2013144,1,1,2025-12-30
2013147,5,1,2026-08-10
2013159,2,1,2026-04-07
2013162,1,0,2025-02-25
2013163,1,0,2025-02-25
2013169,1,1,2025-08-31
2013170,7,2,2025-08-09
2013183,3,2,2026-07-13
2013184,1,0,2025-02-25
2013198,4,0,2026-09-08
2013203,4,3,2025-03-12
2013207,1,0,2025-08-28
2013223,1,0,2025-02-25
2013236,1,1,2025-12-12
2013237,2,2,2025-11-21
2013238,8,6,2026-08-20
2013239,5,5,2026-06-17
2013240,3,1,2025-12-11
2013241,4,1,2026-08-17
2013242,1,1,2026-08-20
2013244,5,0,2026-09-08
2013252,2,1,2025-04-24
2013254,4,3,2026-05-19
2013260,2,1,2026-04-27
2013272,1,0,2025-12-12
2013274,1,1,2025-08-21
2013275,1,1,2026-08-21
2013282,1,0,2026-05-21
2013285,1,1,2026-05-29
2013289,4,3,2026-02-18
2013297,12,9,2026-07-30
2013298,2,1,2026-06-26
2013300,3,2,2026-06-26
2013302,1,1,2026-08-27
2013304,2,0,2026-06-02
2013306,1,0,2025-11-20
2013307,9,0,2026-07-30
2013309,1,1,2026-05-20
2013311,1,0,2025-07-01
2013312,1,0,2025-02-25
2013316,1,0,2025-02-25
2013317,1,0,2025-10-29
2013319,1,1,2026-07-22
2013320,1,1,2026-03-30
2013322,1,0,2025-10-28
2013334,1,0,2025-05-01
2013337,1,0,2026-08-05
2013340,1,0,2025-04-08
2013346,2,1,2025-02-19
2013353,1,0,2026-04-15
2013359,1,0,2026-04-20
2013375,2,0,2026-03-24
2013384,10,4,2026-07-15
2013405,1,1,2026-01-28
2013407,3,3,2025-06-10
2013409,2,1,2026-03-02
2013427,1,0,2026-02-11
2013433,1,1,2025-06-12
2013436,3,3,2026-06-01
2013437,4,4,2026-06-11
2013438,1,1,2026-08-24
2013451,1,1,2026-05-16
2013452,1,1,2026-05-16
2013453,1,1,2026-05-16
2013462,4,4,2026-05-20
2013470,1,0,2025-02-11
2013483,1,1,2025-02-20
2013485,1,0,2026-07-21
2013487,1,1,2026-01-08
2013490,2,2,2026-04-09
2013510,8,3,2026-06-02
2013511,1,0,2026-06-11
2013522,2,1,2026-01-17
2013524,2,2,2025-02-20
2013525,1,1,2026-01-15
2013537,6,4,2025-07-25
2013541,2,1,2025-11-14
2013548,8,4,2026-04-28
2013550,3,0,2025-10-24
2013561,4,0,2026-07-30
2013562,1,0,2026-01-15
2013563,2,0,2025-06-11
2013564,3,2,2026-07-16
2013567,1,1,2026-02-10
2013570,1,1,2025-08-27
2013572,2,0,2025-10-08
2013575,6,3,2026-01-21
2013577,1,0,2025-10-31
2013578,4,0,2026-04-23
2013579,1,1,2026-06-12
2013580,1,0,2025-07-18
2013582,5,3,2026-02-27
2013601,1,0,2026-01-15
2013615,4,1,2026-07-30
2013616,1,0,2025-07-01
2013617,1,0,2025-10-21
2013619,3,2,2026-03-03
2013630,10,3,2026-05-23
2013631,1,1,2025-10-17
2013640,12,5,2026-06-22
2013642,1,0,2026-06-18
2013645,4,1,2026-04-21
2013662,4,2,2025-04-18
2013663,23,12,2026-08-29
2013665,3,2,2025-11-26
2013673,1,0,2025-03-18
2013680,1,0,2025-09-11
2013681,4,1,2026-05-23
2013682,1,1,2025-12-09
2013687,1,1,2026-06-01
2013688,1,0,2025-02-12
2013689,1,0,2025-02-12
2013694,10,6,2026-02-04
2013700,1,0,2026-08-20
2013703,1,1,2025-11-03
2013705,1,1,2026-08-03
2013716,1,0,2026-08-26
2013717,16,10,2026-08-18
2013719,1,1,2026-04-30
2013722,3,3,2026-02-04
2013723,1,0,2025-11-13
2013733,4,2,2026-04-18
2013735,1,0,2026-04-25
2013737,1,0,2025-02-18
2013739,1,0,2025-02-25
2013740,1,0,2025-02-25
2013741,1,0,2025-02-25
2013742,5,4,2026-08-07
2013744,12,9,2026-02-04
2013746,1,1,2025-11-13
2013747,4,0,2026-08-17
2013748,2,1,2026-02-10
2013750,2,2,2025-12-26
2013751,2,2,2025-11-21
2013752,1,0,2025-02-11
2013753,1,1,2026-08-04
2013757,1,0,2026-03-31
2013758,6,5,2026-08-20
2013759,3,2,2026-08-13
2013762,1,1,2026-05-02
2013766,6,5,2026-08-19
2013767,2,1,2026-04-21
2013770,33,17,2026-09-08
2013774,1,1,2026-08-15
2013776,4,4,2026-07-28
2013778,1,1,2026-06-23
2013780,1,0,2025-09-12
2013782,4,0,2026-07-16
2013796,2,1,2026-07-01
2013798,1,1,2026-07-27
2013810,1,0,2025-01-29
2013812,3,3,2025-02-06
2013819,1,0,2025-02-25
2013820,1,1,2026-09-01
2013823,1,1,2025-05-26
2013830,13,0,2026-06-11
2013831,13,8,2026-09-02
2013832,9,6,2026-08-28
2013836,5,2,2026-03-03
2013837,1,0,2025-04-30
2013840,2,1,2026-02-14
2013842,4,3,2026-06-19
2013844,2,1,2026-02-14
2013845,1,0,2025-02-25
2013846,1,0,2025-02-25
2013849,10,0,2026-07-31
2013851,2,1,2025-01-24
2013856,2,0,2025-03-05
2013857,1,0,2026-08-06
2013858,2,1,2026-07-01
2013860,1,0,2026-06-15
2013862,4,2,2025-07-17
2013863,3,2,2026-08-24
2013865,1,1,2025-01-10
2013874,1,1,2026-04-09
2013876,1,1,2026-02-02
2013877,10,1,2026-09-08
2013885,1,1,2026-04-18
2013890,1,1,2026-04-16
2013899,9,0,2026-07-31
2013903,7,0,2026-07-14
2013904,2,0,2025-09-12
2013906,1,0,2026-08-20
2013912,3,3,2026-08-03
2013922,10,6,2026-03-02
2013924,1,0,2025-01-08
2013929,13,6,2026-05-21
2013932,13,5,2026-06-30
2013934,1,0,2026-04-15
2013945,4,1,2026-06-10
2013946,26,16,2026-08-10
2013949,2,1,2025-02-10
2013953,1,0,2026-07-28
2013954,2,2,2025-03-13
2013955,1,0,2025-02-25
2013959,1,1,2026-07-28
2013963,3,1,2026-08-07
2013966,1,1,2026-08-12
2013969,15,5,2026-07-02
2013970,1,0,2025-07-01
2013974,1,0,2025-07-01
2013976,1,0,2025-01-21
2013978,1,0,2026-04-15
2013981,2,2,2025-02-14
2013992,2,2,2025-06-06
2013993,1,0,2025-02-11
2013995,3,1,2026-07-08
2013998,6,5,2026-08-14
2013999,2,0,2026-03-18
2014000,3,3,2026-08-06
2014003,2,0,2026-01-10
2014004,1,0,2026-03-30
2014005,2,1,2026-01-10
2014011,8,3,2026-05-06
2014012,3,1,2026-08-21
2014016,1,1,2026-08-25
2014025,22,12,2026-09-02
2014028,5,3,2025-01-07
2014029,2,0,2025-10-11
2014058,1,1,2026-09-04
2014062,5,0,2026-07-21
2014083,4,2,2026-08-04
2014087,3,2,2026-01-12
2014088,1,0,2026-04-04
2014091,1,0,2026-08-26
2014092,1,1,2025-01-07
2014099,4,0,2026-07-28
2014102,2,2,2025-01-10
2014106,7,4,2026-04-30
2014113,1,1,2025-02-10
2014125,5,5,2026-05-04
2014126,1,1,2025-11-13
2014130,2,0,2026-09-01
2014142,2,0,2025-10-15
2014153,1,0,2025-02-11
2014156,1,0,2025-09-08
2014161,2,0,2026-04-08
2014184,2,0,2026-08-18
2014186,9,6,2026-08-17
2014195,1,0,2026-06-04
2014203,4,1,2026-05-12
2014204,3,1,2025-07-01
2014205,1,0,2026-08-27
2014206,5,2,2026-08-18
2014207,2,2,2026-05-26
2014209,1,1,2025-10-09
2014211,1,1,2025-04-02
2014215,1,1,2026-08-09
2014219,1,1,2026-06-18
2014223,1,1,2025-06-03
2014227,3,2,2025-08-21
2014232,4,4,2025-10-21
2014233,2,2,2025-06-13
2014238,2,1,2025-09-03
2014251,1,1,2025-10-21
2014258,1,1,2025-05-23
2014260,2,1,2026-01-17
2014262,7,6,2026-06-16
2014264,1,0,2025-02-25
2014265,7,4,2026-07-17
2014266,1,1,2026-05-19
2014285,1,0,2025-03-22
2014287,5,4,2026-03-25
2014289,3,0,2025-12-01
2014297,1,0,2025-07-01
2014308,1,0,2026-02-06
2014319,2,0,2026-05-30
2014324,2,1,2026-07-28
2014325,1,0,2025-02-25
2014355,2,2,2026-01-07
2014357,1,0,2025-02-25
2014359,1,0,2025-04-10
2014361,4,1,2026-03-11
2014362,4,4,2026-03-07
2014378,3,1,2026-09-01
2014395,8,7,2026-05-18
2014396,1,0,2026-04-09
2014403,1,1,2026-03-15
2014409,4,2,2026-07-16
2014420,9,6,2025-10-07
2014424,4,4,2025-09-26
2014427,1,0,2025-02-24
2014430,1,1,2026-08-21
2014444,2,2,2025-03-17
2014445,5,5,2026-05-01
2014467,3,1,2026-04-10
2014479,8,5,2025-09-16
2014496,2,0,2025-02-11
2014503,4,4,2026-09-02
2014511,6,3,2025-02-13
2014517,1,1,2025-08-07
2014521,1,0,2026-06-02
2014523,1,1,2025-12-29
2014533,1,0,2025-08-21
2014542,3,1,2026-06-19
2014543,1,1,2025-05-20
2014559,2,2,2026-01-05
2014566,1,1,2026-05-22
2014570,6,5,2026-06-08
2014580,6,3,2026-08-17
2014590,3,3,2026-06-17
2014591,1,0,2025-04-08
2014593,16,11,2025-08-08
2014609,1,1,2026-03-23
2014610,2,0,2025-05-23
2014612,1,0,2026-04-20
2014614,1,1,2026-09-05
2014616,2,0,2026-01-10
2014617,1,0,2025-04-08
2014634,1,1,2026-08-28
2014637,1,0,2025-02-25
2014645,4,3,2026-03-23
2014646,4,2,2025-10-09
2014648,2,2,2026-08-13
2014650,4,1,2025-12-03
2014652,2,0,2025-08-26
2014653,1,1,2026-06-26
2014664,2,0,2026-08-14
2014679,2,1,2026-08-26
2014690,1,0,2025-02-25
2014692,8,0,2026-07-28
2014693,2,1,2026-04-16
2014695,10,1,2026-08-27
2014732,1,0,2025-02-25
2014734,5,2,2025-08-30
2014737,6,4,2026-05-07
2014743,2,2,2025-11-06
2014744,2,2,2025-06-03
2014745,6,1,2026-06-05
2014747,2,0,2025-10-08
2014749,1,0,2026-08-27
2014751,2,2,2026-07-09
2014752,3,3,2025-07-31
2014759,2,0,2025-08-14
2014762,1,1,2025-08-22
2014770,1,0,2025-05-02
2014775,1,1,2025-02-06
2014795,1,0,2025-02-25
2014803,2,1,2025-09-15
2014820,2,1,2026-02-22
2014837,5,4,2026-02-01
2014842,1,0,2025-04-07
2014845,2,2,2026-01-08
2014846,2,0,2026-08-04
2014848,2,1,2026-05-31
2014851,1,1,2025-10-31
2014857,1,1,2026-09-02
2014861,1,0,2026-03-06
2014862,4,2,2026-01-02
2014900,3,2,2026-04-20
2014901,1,0,2025-04-08
2014902,2,0,2025-04-08
2014906,1,0,2025-01-08
2014918,2,1,2026-06-13
2014921,2,1,2025-10-28
2014924,1,0,2025-01-08
2014929,1,0,2025-02-25
2014930,1,0,2025-02-25
2014937,1,0,2025-02-25
2014952,1,0,2025-03-11
2014962,2,0,2026-02-19
2014963,1,0,2025-07-01
2014965,1,0,2025-01-08
2014966,3,0,2025-12-22
2014969,10,6,2026-06-29
2014984,5,3,2026-06-18
2014986,1,1,2026-08-08
2014993,6,3,2026-08-07
2015035,2,2,2025-01-10
2015047,1,1,2025-05-20
2015070,1,0,2025-02-25
2015073,3,1,2026-01-09
2015088,2,0,2026-01-16
2015091,1,0,2025-11-24
2015097,1,0,2025-02-25
2015100,2,1,2025-04-21
2015101,1,1,2025-04-21
2015102,1,1,2025-04-22
2015108,1,0,2025-01-09
2015127,1,0,2025-02-25
2015134,5,4,2026-01-21
2015136,20,8,2026-09-03
2015138,1,0,2025-10-21
2015139,1,0,2026-06-18
2015141,4,2,2026-08-25
2015144,1,1,2025-03-20
2015153,1,0,2025-06-04
2015155,4,2,2025-06-02
2015160,1,0,2025-02-25
2015172,6,4,2026-04-20
2015177,1,0,2025-02-24
2015181,1,0,2025-10-29
2015182,4,3,2025-10-01
2015198,1,0,2025-02-25
2015199,2,1,2026-05-25
2015211,1,0,2025-02-25
2015224,1,1,2026-02-26
2015232,15,5,2026-02-21
2015241,10,0,2026-06-16
2015248,9,6,2025-07-24
2015253,2,0,2026-06-03
2015260,13,7,2026-07-29
2015268,1,0,2025-02-11
2015274,2,2,2026-09-02
2015285,1,0,2025-03-17
2015286,1,0,2026-06-23
2015287,1,0,2025-01-29
2015294,1,0,2025-02-11
2015298,1,1,2025-05-21
2015299,5,4,2025-12-18
2015300,2,1,2026-03-05
2015304,1,0,2026-04-07
2015305,1,0,2026-04-07
2015310,2,2,2026-08-31
2015312,1,0,2026-03-17
2015315,2,0,2026-02-03
2015324,1,0,2026-05-14
2015333,3,2,2025-10-22
2015334,2,0,2025-05-12
2015336,1,1,2026-05-14
2015342,1,0,2025-02-25
2015344,4,3,2026-09-04
2015368,12,9,2026-08-17
2015372,2,2,2026-03-10
2015373,3,1,2026-06-03
2015379,2,2,2026-05-06
2015380,2,1,2025-04-10
2015388,1,0,2025-06-03
2015395,16,7,2026-08-04
2015396,3,1,2026-06-04
2015397,13,8,2026-07-30
2015398,1,0,2026-06-23
2015401,1,1,2026-08-10
2015404,10,1,2026-05-14
2015408,1,1,2025-08-18
2015409,1,1,2025-08-18
2015412,1,0,2026-04-20
2015413,1,1,2025-08-18
2015416,1,0,2026-05-06
2015418,1,1,2026-05-14
2015419,5,4,2026-04-08
2015421,10,5,2026-04-28
2015423,3,2,2025-07-28
2015427,1,0,2026-05-05
2015430,1,0,2025-02-14
2015433,8,0,2025-12-01
2015436,3,1,2025-08-07
2015449,3,1,2026-04-20
2015450,1,0,2025-04-08
2015452,4,0,2026-03-19
2015462,1,1,2026-07-16
2015470,3,0,2026-03-09
2015472,6,0,2026-03-19
2015473,3,1,2026-07-24
2015475,2,2,2025-02-20
2015481,1,0,2025-04-08
2015482,1,0,2025-04-08
2015483,3,3,2025-10-29
2015493,1,1,2025-03-07
2015496,2,0,2025-05-20
2015502,1,0,2025-04-08
2015504,2,1,2026-05-21
2015505,3,1,2025-11-20
2015511,3,1,2026-08-16
2015514,8,1,2026-05-19
2015515,1,0,2025-02-25
2015516,1,0,2025-02-25
2015520,10,2,2026-05-18
2015522,4,2,2026-08-10
2015524,4,1,2025-08-08
2015547,7,0,2026-03-19
2015580,6,1,2026-04-20
2015590,5,2,2026-06-04
2015613,6,1,2026-08-04
2015614,2,1,2025-06-26
2015657,1,1,2026-02-05
2015688,1,0,2025-02-25
2015691,2,0,2026-05-14
2015692,1,1,2026-05-06
2015697,5,1,2026-07-30
2015701,4,4,2026-04-27
2015702,3,2,2026-01-17
2015733,9,7,2026-05-27
2015734,9,4,2025-08-11
2015735,4,2,2026-04-20
2015736,5,2,2025-10-03
2015742,5,5,2025-10-02
2015749,8,5,2026-01-23
2015788,4,2,2025-06-17
2015820,1,0,2025-01-08
2015838,1,0,2026-08-21
2015848,5,4,2025-11-07
2015856,5,3,2026-08-04
2015881,1,0,2025-05-29
2015889,1,1,2025-01-03
2015913,5,0,2026-05-20
2015920,2,1,2026-09-08
2015936,4,3,2026-07-06
2015948,4,3,2025-11-07
2015961,2,0,2026-05-15
2015973,1,0,2025-02-25
2015976,1,0,2025-02-25
2015986,1,0,2026-03-30
2015988,1,0,2026-03-30
2015990,3,1,2026-06-05
2015994,4,3,2025-09-29
2015996,1,0,2025-03-14
2016000,1,0,2025-02-25
2016001,1,0,2025-02-25
2016012,2,1,2025-09-22
2016018,1,1,2025-12-01
2016021,2,0,2025-04-08
2016025,37,15,2026-09-04
2016026,2,1,2025-04-09
2016048,2,0,2026-07-29
2016051,1,0,2025-02-25
2016058,1,0,2025-05-06
2016064,4,4,2026-03-23
2016077,1,0,2026-04-02
2016085,1,0,2025-02-25
2016091,1,0,2025-11-13
2016100,1,1,2025-05-29
2016101,4,2,2025-08-05
2016116,1,0,2026-03-24
2016130,1,0,2025-06-02
2016145,2,2,2026-03-25
2016159,1,1,2026-01-30
2016161,1,0,2025-01-08
2016166,1,1,2025-05-22
2016170,1,1,2026-08-22
2016181,3,2,2026-07-24
2016213,7,0,2026-08-12
2016216,2,1,2026-06-14
2016226,2,1,2026-04-17
2016236,1,0,2026-04-02
2016263,4,2,2026-07-29
2016270,3,2,2026-06-02
2016271,3,1,2026-06-11
2016300,3,3,2026-08-11
2016301,2,2,2026-02-02
2016306,1,1,2026-04-28
2016309,1,0,2025-02-25
2016318,4,3,2026-04-30
2016319,2,2,2026-03-29
2016326,1,1,2025-10-06
2016334,1,0,2025-06-20
2016335,1,1,2026-01-07
2016339,2,1,2026-05-08
2016343,3,1,2025-06-16
2016346,1,0,2025-03-26
2016352,1,0,2026-03-20
2016354,1,0,2025-02-25
2016355,1,1,2026-07-22
2016367,1,0,2025-02-25
2016377,4,1,2026-06-05
2016378,3,1,2026-04-07
2016382,1,0,2025-02-25
2016407,1,1,2025-01-24
2016412,1,0,2026-08-20
2016413,5,5,2025-09-07
2016415,2,0,2026-03-25
2016416,4,1,2026-07-23
2016418,1,1,2026-03-24
2016424,1,0,2025-01-18
2016427,1,1,2026-07-23
2016434,1,1,2026-03-21
2016440,1,1,2025-07-21
2016450,1,0,2025-06-11
2016451,1,0,2025-02-06
2016459,6,1,2026-04-07
2016462,1,0,2025-12-19
2016463,1,0,2025-02-25
2016478,1,1,2025-11-13
2016484,1,0,2026-04-20
2016492,1,1,2025-12-16
2016494,3,2,2026-08-25
2016495,1,0,2026-03-14
2016496,2,2,2026-03-14
2016505,6,1,2026-08-24
2016510,3,2,2026-07-21
2016545,1,0,2025-04-29
2016546,5,5,2026-05-15
2016565,2,1,2026-03-14
2016573,1,0,2026-03-04
2016574,1,0,2026-07-09
2016588,1,0,2025-02-25
2016590,3,0,2026-06-05
2016595,1,1,2025-09-12
2016604,2,1,2026-05-14
2016610,1,0,2025-02-25
2016618,1,1,2026-08-12
2016620,4,4,2026-08-12
2016625,4,3,2026-06-26
2016627,1,1,2026-01-16
2016639,3,3,2025-10-17
2016643,1,1,2026-08-25
2016651,10,3,2026-02-28
2016660,1,0,2026-03-19
2016674,1,0,2026-08-14
2016682,1,0,2025-02-25
2016683,1,0,2025-02-25
2016700,1,0,2025-02-25
2016707,1,1,2026-03-14
2016730,1,0,2025-02-25
2016731,1,0,2025-04-08
2016732,1,1,2026-07-09
2016735,1,0,2026-02-28
2016744,2,0,2026-04-20
2016745,1,0,2026-02-28
2016746,2,1,2026-02-28
2016747,6,1,2026-09-09
2016755,1,0,2026-04-30
2016772,2,0,2026-01-22
2016777,1,0,2025-01-29
2016778,1,1,2025-03-12
2016783,2,2,2026-03-21
2016796,1,1,2026-08-27
2016798,1,0,2025-06-13
2016799,6,6,2026-05-11
2016801,2,0,2025-02-14
2016813,2,0,2026-04-06
2016817,4,1,2026-06-09
2016818,5,3,2026-05-22
2016830,2,0,2026-05-25
2016840,1,1,2025-12-09
2016853,2,1,2026-03-07
2016860,2,0,2025-04-03
2016869,2,2,2026-08-20
2016873,7,4,2025-12-26
2016875,1,0,2025-02-25
2016885,1,0,2025-02-25
2016890,2,0,2026-03-07
2016911,1,0,2026-05-29
2016921,1,1,2026-03-14
2016937,1,1,2026-02-28
2016938,1,1,2026-02-28
2016940,2,1,2026-01-08
2016944,1,1,2026-01-07
2016946,3,3,2026-05-12
2016948,2,2,2026-02-28
2016953,3,2,2026-05-12
2016955,2,1,2026-07-27
2016956,3,0,2026-03-10
2016962,1,1,2026-01-28
2016974,4,3,2026-06-16
2016979,1,0,2025-02-25
2016982,3,2,2026-05-04
2016991,4,2,2025-12-22
2016993,1,1,2026-05-28
2017008,1,0,2025-02-25
2017009,1,0,2025-02-11
2017014,2,1,2026-08-20
2017024,3,3,2025-10-09
2017032,3,2,2025-12-05
2017049,1,0,2025-02-25
2017050,1,0,2025-02-25
2017058,1,0,2025-02-25
2017059,1,0,2025-02-25
2017115,1,0,2026-05-18
2017116,1,0,2025-04-08
2017117,3,1,2025-06-27
2017123,1,0,2025-01-29
2017132,1,1,2026-01-23
2017133,1,1,2026-01-23
2017134,1,0,2026-02-28
2017135,1,0,2026-06-26
2017136,1,0,2026-05-02
2017138,1,0,2025-02-25
2017140,3,2,2026-07-20
2017141,3,2,2026-07-21
2017142,9,9,2026-08-20
2017143,1,1,2025-10-27
2017144,1,0,2026-07-06
2017145,24,14,2026-07-23
2017146,5,2,2026-01-31
2017154,2,0,2026-01-31
2017155,1,0,2025-11-17
2017156,5,2,2026-05-19
2017157,1,0,2025-02-25
2017159,1,0,2025-02-25
2017161,3,1,2026-05-18
2017170,3,3,2026-05-11
2017173,3,2,2025-12-30
2017175,1,0,2026-05-31
2017177,2,2,2026-03-04
2017178,1,1,2026-07-09
2017179,1,0,2025-02-25
2017182,1,1,2026-05-12
2017183,2,2,2026-05-12
2017185,19,14,2026-08-29
2017186,2,2,2025-06-23
2017187,1,1,2025-06-23
2017188,23,12,2026-08-16
2017189,1,1,2025-02-27
2017191,1,0,2026-06-23
2017192,3,2,2026-04-22
2017193,2,2,2025-10-28
2017194,4,1,2026-07-29
2017199,5,0,2026-06-02
2017207,5,3,2026-04-08
2017208,6,0,2025-09-27
2017212,5,2,2026-03-04
2017213,4,4,2026-01-08
2017214,4,1,2026-07-27
2017215,4,2,2026-06-02
2017220,4,2,2025-12-02
2017225,5,5,2026-06-01
2017229,1,0,2025-10-06
2017231,1,1,2026-05-08
2017232,2,1,2025-09-15
2017233,1,1,2025-10-06
2017234,4,4,2026-06-01
2017235,1,1,2025-05-14
2017236,3,3,2025-10-06
2017237,7,7,2026-08-25
2017244,9,2,2026-08-12
2017249,3,0,2026-04-20
2017256,1,0,2026-07-28
2017267,2,1,2026-04-30
2017268,2,2,2025-10-06
2017269,2,0,2026-09-02
2017273,2,2,2025-10-29
2017286,2,1,2026-05-04
2017288,1,0,2025-03-18
2017301,2,1,2026-02-13
2017311,3,3,2025-12-11
2017314,1,0,2026-08-04
2017320,3,1,2026-04-20
2017324,1,0,2026-03-25
2017336,13,3,2026-05-14
2017340,2,2,2026-06-26
2017341,2,2,2025-09-10
2017345,5,4,2025-09-12
2017346,1,0,2025-04-08
2017348,2,1,2025-02-14
2017357,6,2,2025-10-14
2017370,2,2,2026-05-01
2017373,3,3,2026-08-05
2017374,1,1,2025-09-02
2017377,2,2,2025-10-06
2017379,1,0,2026-03-09
2017394,3,2,2026-01-19
2017398,1,0,2025-09-23
2017399,3,2,2026-02-18
2017400,25,12,2026-03-09
2017403,1,0,2026-03-30
2017410,1,1,2025-10-21
2017421,12,3,2026-02-19
2017431,2,1,2026-08-21
2017457,4,2,2026-03-21
2017461,5,2,2025-11-07
2017462,3,2,2026-07-06
2017463,2,1,2026-03-17
2017464,1,0,2026-05-18
2017465,8,3,2026-08-21
2017476,2,0,2026-09-08
2017477,1,0,2026-08-20
2017480,3,2,2026-03-21
2017481,1,1,2026-04-04
2017482,4,1,2026-05-05
2017483,8,8,2026-01-06
2017487,2,0,2026-08-13
2017489,1,1,2026-09-08
2017492,1,0,2025-07-28
2017495,2,1,2025-04-18
2017497,8,5,2026-01-30
2017498,1,1,2025-07-28
2017499,9,6,2026-08-31
2017500,2,2,2025-07-28
2017501,3,2,2025-09-10
2017507,1,1,2026-08-10
2017513,1,0,2026-08-31
2017522,1,0,2025-11-25
2017526,2,0,2026-02-03
2017535,3,2,2026-06-02
2017536,1,0,2026-03-12
2017539,7,4,2026-08-11
2017540,1,0,2025-05-25
2017555,6,4,2026-05-21
2017556,3,3,2026-05-21
2017560,6,5,2026-04-23
2017565,1,1,2026-03-21
2017573,10,8,2026-08-28
2017574,1,0,2025-07-30
2017580,1,1,2026-02-25
2017582,5,4,2025-03-21
2017583,33,19,2026-06-08
2017584,23,10,2025-10-12
2017587,4,3,2026-03-21
2017591,1,0,2025-02-25
2017596,3,2,2026-01-30
2017597,4,3,2026-02-27
2017599,2,2,2025-09-12
2017602,1,0,2026-04-14
2017603,2,2,2026-06-10
2017611,1,0,2026-08-18
2017616,4,4,2026-08-28
2017617,4,4,2026-08-05
2017618,1,0,2026-02-03
2017620,2,2,2026-02-03
2017621,2,2,2026-01-07
2017622,3,1,2026-07-03
2017626,1,0,2025-01-23
2017629,1,0,2025-02-25
2017637,1,0,2025-04-08
2017638,9,3,2026-07-01
2017641,1,0,2025-04-08
2017648,2,0,2026-04-29
2017651,1,0,2026-03-31
2017657,2,1,2026-03-30
2017666,1,0,2026-03-04
2017668,2,2,2026-04-08
2017672,1,1,2026-01-28
2017673,2,2,2026-04-30
2017675,1,0,2026-04-13
2017682,1,1,2026-04-14
2017687,1,0,2025-10-30
2017698,4,2,2026-06-02
2017699,1,1,2026-06-02
2017700,4,3,2026-04-21
2017703,2,2,2025-07-28
2017704,3,2,2025-09-12
2017706,2,1,2026-01-08
2017707,2,2,2025-08-04
2017708,1,1,2026-08-25
2017723,4,3,2026-06-10
2017733,2,0,2026-04-10
2017738,2,2,2025-07-25
2017751,1,0,2025-01-10
2017753,1,1,2026-06-02
2017756,1,1,2026-02-03
2017757,1,1,2025-10-03
2017762,1,0,2025-10-03
2017765,4,4,2026-04-09
2017769,1,0,2026-04-13
2017782,11,11,2026-08-20
2017786,1,0,2026-06-16
2017797,5,3,2026-06-11
2017798,3,3,2026-01-16
2017799,2,2,2025-11-20
2017802,2,2,2026-05-18
2017803,4,3,2026-04-22
2017805,6,2,2026-03-07
2017806,1,1,2025-06-04
2017807,3,3,2025-07-01
2017809,2,2,2026-01-22
2017811,1,1,2026-07-11
2017813,1,1,2026-04-22
2017814,4,4,2025-10-28
2017818,1,0,2025-02-11
2017820,2,1,2025-11-20
2017821,3,2,2026-02-12
2017824,4,1,2026-07-01
2017828,4,3,2025-05-16
2017831,3,2,2026-04-22
2017835,2,2,2026-04-09
2017836,4,1,2026-04-09
2017837,1,0,2025-12-22
2017846,2,2,2025-09-29
2017852,6,2,2025-10-28
2017858,2,0,2026-06-26
2017872,1,1,2026-01-27
2017878,4,3,2026-03-25
2017879,2,2,2026-07-02
2017880,1,0,2025-01-21
2017881,2,2,2026-04-27
2017885,1,0,2026-04-29
2017889,1,0,2025-02-25
2017908,3,3,2026-07-10
2017910,2,0,2026-05-14
2017913,2,0,2026-06-26
2017919,3,3,2026-09-01
2017921,2,1,2026-06-02
2017930,2,1,2026-04-29
2017933,1,0,2025-04-08
2017960,2,2,2026-04-30
2017976,1,0,2026-09-09
2017983,3,1,2026-04-20
2017996,4,2,2026-04-23
2018003,1,1,2026-04-29
2018004,2,0,2026-01-31
2018005,11,2,2026-08-10
2018006,7,0,2026-04-20
2018011,1,0,2026-04-24
2018017,1,1,2025-09-23
2018037,4,3,2026-08-12
2018040,20,10,2026-02-18
2018042,4,3,2026-02-26
2018046,4,0,2026-06-29
2018048,3,3,2026-07-24
2018057,3,1,2026-07-08
2018066,2,2,2025-11-18
2018113,1,1,2026-04-21
2018141,1,0,2025-02-11
2018150,3,3,2026-02-12
2018151,3,2,2026-03-10
2018152,3,2,2026-02-12
2018153,2,2,2026-03-10
2018160,3,3,2025-01-21
2018161,1,0,2026-08-28
2018162,2,1,2025-12-08
2018163,1,0,2025-07-08
2018164,1,0,2025-04-01
2018165,1,0,2025-03-17
2018166,1,0,2025-03-17
2018168,1,1,2025-07-16
2018169,2,2,2025-12-08
2018185,3,2,2026-04-14
2018218,1,0,2025-02-25
2018222,2,2,2025-04-16
2018224,2,0,2025-10-02
2018225,5,3,2026-04-13
2018227,1,0,2025-04-08
2018243,2,2,2025-07-08
2018254,1,0,2026-04-09
2018255,2,2,2026-03-02
2018257,1,1,2026-02-02
2018259,1,0,2026-05-22
2018265,1,0,2025-03-26
2018266,39,26,2026-08-08
2018275,2,0,2026-04-03
2018279,1,1,2025-09-26
2018280,2,2,2025-04-16
2018281,1,0,2025-04-16
2018283,1,0,2025-08-20
2018293,1,0,2025-09-23
2018299,3,3,2026-08-28
2018304,1,0,2025-02-11
2018333,4,0,2025-12-03
2018344,1,1,2025-09-10
2018348,25,14,2026-07-22
2018355,1,0,2026-04-15
2018374,2,1,2025-10-08
2018380,2,2,2025-07-16
2018385,2,0,2026-05-18
2018396,2,2,2025-09-09
2018398,1,1,2025-07-31
2018410,1,0,2025-03-17
2018411,3,3,2026-06-01
2018422,1,0,2025-11-07
2018430,2,2,2025-09-05
2018445,1,0,2026-04-22
2018446,1,1,2025-12-09
2018447,2,1,2025-10-03
2018454,2,2,2025-12-22
2018457,7,0,2026-06-30
2018484,1,1,2025-03-26
2018493,1,1,2025-09-22
2018503,1,0,2026-03-16
2018532,2,0,2026-06-17
2018534,1,0,2026-07-10
2018539,6,1,2025-12-05
2018544,1,0,2026-04-15
2018546,1,0,2025-12-17
2018547,2,1,2026-08-13
2018551,1,0,2026-08-14
2018555,1,1,2025-12-22
2018567,2,2,2025-07-16
2018570,1,1,2025-10-06
2018577,2,0,2026-04-29
2018586,4,1,2026-08-06
2018590,2,2,2026-05-11
2018592,3,1,2025-05-08
2018597,1,0,2025-01-02
2018623,2,1,2025-10-02
2018624,3,3,2026-06-03
2018625,12,9,2026-05-06
2018626,2,2,2025-09-26
2018627,1,0,2026-08-20
2018628,6,0,2026-06-30
2018637,1,0,2025-07-01
2018641,1,1,2025-07-31
2018643,3,2,2025-10-02
2018645,2,0,2026-01-30
2018647,1,1,2026-01-07
2018648,1,0,2025-10-03
2018651,3,2,2026-08-28
2018652,2,2,2025-12-17
2018684,1,0,2025-02-25
2018686,1,1,2026-03-25
2018687,1,0,2026-03-09
2018698,1,1,2025-11-29
2018726,1,0,2025-02-12
2018735,4,4,2026-07-16
2018738,1,0,2025-04-08
2018789,1,1,2025-07-02
2018856,3,3,2025-12-12
2018861,2,2,2026-06-29
2018895,1,0,2025-02-11
2018988,3,1,2025-12-08
2019006,1,1,2025-05-02
2019018,1,1,2026-07-15
2019024,3,0,2026-06-10
2019048,8,8,2026-06-29
2019062,1,1,2026-05-14
2019108,1,1,2025-04-24
2019149,1,0,2025-10-21
2019250,1,0,2026-08-10
2019265,1,1,2026-03-27
2019270,1,0,2025-10-23
2019278,2,0,2026-09-10
2019329,3,1,2025-07-30
2019330,1,0,2025-02-25
2019336,1,0,2025-04-08
2019350,3,3,2026-07-08
2019353,1,0,2026-08-20
2019377,1,0,2026-09-02
2019450,1,0,2025-02-25
2019517,1,1,2026-02-26
2019591,1,0,2025-02-11
2019613,1,0,2026-06-17
2019621,1,0,2026-06-17
2019705,1,0,2025-03-18
2019710,1,0,2026-06-17
2019747,1,0,2025-04-01
2019758,2,2,2026-01-06
2019760,1,0,2025-02-25
2019775,4,3,2026-03-10
2019779,1,1,2025-07-07
2019794,3,3,2026-03-25
2019798,3,3,2026-01-05
2019813,1,1,2025-05-06
2019826,1,0,2026-08-26
2019828,2,0,2026-01-06
2019945,2,0,2026-08-11
2019961,1,0,2026-08-25
2019997,4,1,2026-06-11
2020113,1,0,2025-07-29
2020124,2,1,2025-12-23
2020256,9,9,2025-08-28
2020301,2,1,2026-03-19
2020332,1,0,2025-04-30
2020348,1,0,2025-01-06
2020471,1,0,2025-01-17
2020478,4,1,2026-05-12
2020481,8,4,2026-06-24
2020492,1,0,2026-05-05
2020536,7,3,2026-02-26
2020580,5,0,2026-05-01
2020606,1,1,2026-08-01
2020611,6,3,2026-04-07
2020614,10,5,2026-04-14
2020616,6,6,2026-02-17
2020621,1,0,2025-10-28
2020628,8,2,2026-04-14
2020647,4,3,2026-05-15
2020699,3,3,2026-09-04
2020845,1,0,2026-04-15
2020868,1,0,2026-04-15
2020933,9,5,2025-10-07
2021031,1,0,2026-08-13
2021170,1,0,2025-12-11
2021230,2,1,2025-11-13
2021236,3,0,2026-04-15
2021264,5,0,2026-08-13
2021304,2,2,2026-07-10
2021309,1,1,2026-07-07
2021310,1,0,2026-03-27
2021319,4,3,2026-03-05
2021326,2,2,2025-01-17
2021338,1,1,2026-04-13
2021429,7,3,2026-03-05
2021439,1,1,2026-04-21
2021460,1,0,2026-07-31
2021481,1,1,2026-04-14
2021482,8,0,2026-05-01
2021485,2,0,2025-08-01
2021522,1,1,2026-04-21
2021554,1,1,2025-04-02
2021560,3,3,2025-11-19
2021725,1,1,2025-10-22
2021759,1,1,2025-09-05
2021761,1,0,2025-07-03
2021763,1,0,2025-08-07
2021776,1,0,2025-11-06
2021812,2,0,2026-08-14
2021837,1,0,2025-02-11
2021854,2,1,2025-01-02
2021860,4,1,2026-03-13
2021866,1,0,2025-02-25
2021923,4,0,2026-04-30
2021972,5,0,2026-05-04
2021994,2,0,2025-01-08
2022015,1,0,2025-06-16
2022025,3,2,2026-03-12
2022028,3,2,2026-03-12
2022073,4,3,2026-08-06
2022074,5,3,2025-07-22
2022077,5,4,2026-08-11
2022078,5,2,2026-04-02
2022121,1,0,2026-06-09
2022149,1,1,2025-12-22
2022155,3,0,2025-02-10
2022167,3,0,2025-01-13
2022170,3,1,2026-03-19
2022181,1,1,2026-08-21
2022182,1,0,2026-07-15
2022205,12,0,2026-04-30
2022208,2,2,2026-07-27
2022288,1,0,2025-09-05
2022289,6,0,2026-05-04
2022320,2,0,2026-03-16
2022391,4,2,2026-09-10
2022397,4,0,2026-03-05
2022508,6,2,2025-11-19
2022544,16,0,2026-05-04
2022550,5,0,2026-05-04
2022564,2,1,2026-06-03
2022624,1,0,2025-05-07
2022642,3,1,2026-06-12
2022645,3,1,2026-01-07
2022662,1,1,2026-05-04
2022765,8,4,2026-03-05
2022768,1,0,2025-01-08
2022781,1,1,2025-07-08
2022914,2,1,2025-01-10
2022915,1,0,2025-04-30
2022918,1,1,2025-08-11
2022927,1,1,2025-06-04
2023213,1,0,2025-10-03
2023214,1,0,2025-01-08
2023280,1,0,2026-07-29
2023328,1,0,2026-07-22
2023336,8,0,2026-05-05
2023368,27,8,2026-07-06
2023382,8,5,2026-08-04
2023393,1,0,2025-04-08
2023411,1,0,2025-05-06
2023431,2,1,2025-10-01
2023432,5,3,2026-04-07
2023435,1,1,2026-04-09
2023436,1,0,2026-03-07
2023445,6,1,2026-09-10
2023458,3,0,2026-06-24
2023470,2,0,2026-01-07
2023474,8,7,2026-08-18
2023479,1,0,2025-10-02
2023480,3,3,2025-02-13
2023482,5,4,2026-08-06
2023484,3,3,2025-05-23
2023487,8,5,2026-05-28
2023490,10,4,2026-07-06
2023506,6,3,2026-05-01
2023511,2,0,2026-04-20
2023532,3,0,2026-08-28
2023533,1,1,2025-10-16
2023538,2,0,2026-05-06
2023539,2,0,2026-05-06
2023541,3,0,2026-09-03
2023543,4,3,2026-05-13
2023546,1,0,2025-07-21
2023553,3,0,2026-07-31
2023565,10,4,2026-07-06
2023566,6,4,2026-08-25
2023604,7,0,2025-01-07
2023664,1,0,2025-02-05
2023689,1,0,2025-08-13
2023714,1,0,2025-07-21
2023729,3,1,2025-09-18
2023765,1,0,2026-03-11
2023772,2,2,2026-04-16
2023773,1,0,2025-01-29
2023816,1,0,2025-02-25
2023820,3,0,2026-08-26
2023833,1,0,2026-03-17
2023836,1,0,2025-12-30
2023837,1,1,2026-07-16
2023839,1,1,2026-06-27
2023844,5,3,2026-07-24
2023871,6,3,2026-08-27
2023884,1,0,2025-04-08
2023895,3,1,2026-04-20
2023896,8,2,2026-07-31
2023898,2,1,2025-04-28
2023908,1,0,2025-06-13
2023909,3,1,2026-04-03
2023922,3,0,2026-06-03
2023923,1,0,2025-04-08
2023938,1,0,2025-04-08
2023939,1,0,2025-07-29
2023964,3,2,2025-06-25
2023975,1,0,2025-10-15
2023980,3,3,2025-11-20
2024008,1,0,2026-04-02
2024009,2,0,2026-04-02
2024011,3,0,2026-04-06
2024019,1,1,2025-12-04
2024020,1,0,2026-01-02
2024052,1,0,2025-01-14
2024060,1,1,2025-03-30
2024075,1,1,2026-05-28
2024107,1,0,2026-04-24
2024110,4,2,2026-04-13
2024112,1,1,2025-04-23
2024141,3,2,2026-04-06
2024145,22,2,2026-09-09
2024161,1,0,2025-05-14
2024208,3,1,2026-07-10
2024239,1,0,2026-05-06
2024381,1,1,2025-01-15
2024503,1,0,2025-05-12
2024505,1,0,2025-01-15
2024519,3,1,2026-05-13
2024533,8,6,2026-01-21
2024536,1,0,2026-04-09
2024538,1,0,2026-01-08
2024573,1,0,2025-03-04
2024579,10,8,2025-07-08
2024604,1,0,2026-03-16
2024613,1,0,2025-07-25
2024644,3,0,2026-07-30
2024654,1,0,2025-11-20
2024702,4,0,2026-04-03
2024803,1,1,2026-01-16
2024827,4,2,2025-11-21
2024835,1,0,2026-08-30
2024852,5,5,2026-08-25
2024877,3,1,2026-08-28
2024878,5,4,2026-05-26
2024894,5,2,2026-08-24
2024929,1,0,2026-05-22
2024949,3,1,2025-06-02
2024953,2,0,2026-04-03
2024968,1,0,2025-02-25
2024974,4,2,2025-03-07
2024976,2,0,2025-10-15
2024990,1,1,2026-03-30
2024998,1,0,2025-01-22
2025001,2,2,2026-04-29
2025004,4,2,2026-08-12
2025011,1,1,2026-07-13
2025067,1,1,2025-04-29
2025073,8,3,2025-03-06
2025109,1,1,2026-08-04
2025132,3,1,2025-12-01
2025161,1,0,2025-03-03
2025162,1,0,2025-07-14
2025172,1,1,2025-06-02
2025212,1,1,2026-08-24
2025218,4,2,2026-07-21
2025262,3,2,2025-06-30
2025272,6,2,2025-09-19
2025279,1,0,2025-04-03
2025286,2,1,2025-02-26
2025341,9,7,2026-05-14
2025349,7,7,2026-08-18
2025350,5,4,2026-05-20
2025354,2,2,2025-08-26
2025368,2,1,2026-06-18
2025380,2,1,2026-03-03
2025384,1,0,2025-05-05
2025385,1,0,2026-08-21
2025407,1,0,2026-05-18
2025429,1,0,2026-05-19
2025448,6,2,2026-03-27
2025449,1,1,2025-11-07
2025478,7,5,2026-07-16
2025537,1,1,2026-03-31
2025548,4,2,2025-08-12
2025550,2,0,2025-04-03
2025564,1,0,2025-12-11
2025570,19,11,2026-03-30
2025588,1,0,2026-06-22
2025620,9,1,2026-07-09
2025622,13,0,2026-04-29
2025630,1,0,2026-05-22
2025672,9,8,2026-02-12
2025681,1,0,2025-04-29
2025696,8,0,2026-05-07
2025717,5,0,2026-05-07
2025720,1,0,2026-03-10
2025777,1,0,2025-09-30
2025779,1,0,2026-03-10
2025788,1,0,2026-04-28
2025790,1,1,2026-03-10
2025875,3,0,2025-05-30
2025881,4,1,2025-04-08
2025960,1,0,2025-10-10
2025963,1,0,2025-01-29
2025976,6,1,2026-03-02
2025988,1,1,2025-03-07
2026032,5,2,2026-08-21
2026053,9,0,2026-04-20
2026129,6,3,2025-03-04
2026142,1,0,2026-01-14
2026146,7,4,2026-06-24
2026162,2,0,2025-01-08
2026164,1,0,2025-11-06
2026207,1,0,2026-01-07
2026209,1,1,2026-05-20
2026229,2,2,2026-07-23
2026230,1,1,2026-07-23
2026282,3,2,2026-03-10
2026318,1,0,2025-05-12
2026319,3,1,2026-03-06
2026320,1,1,2025-03-29
2026321,4,0,2026-07-27
2026332,1,0,2026-03-19
2026378,2,1,2025-07-02
2026385,2,2,2026-06-03
2026392,1,0,2025-01-29
2026395,1,0,2026-08-13
2026397,7,0,2026-05-07
2026420,9,5,2026-08-07
2026513,3,1,2026-03-09
2026522,1,1,2025-04-30
2026536,2,2,2026-06-17
2026562,2,0,2026-06-01
2026596,1,0,2025-10-15
2026597,1,1,2025-10-21
2026604,2,2,2026-03-09
2026623,1,0,2025-04-30
2026706,3,0,2026-05-07
2026743,5,2,2025-10-17
2026776,2,0,2026-04-01
2026777,1,0,2025-03-18
2026788,7,1,2026-08-13
2026806,4,1,2026-05-06
2026854,1,0,2025-01-09
2026863,1,0,2025-07-01
2026868,1,1,2026-01-21
2026869,1,0,2025-01-02
2026896,1,0,2026-03-09
2026904,3,3,2025-12-09
2026929,3,0,2026-01-14
2026934,2,0,2026-05-08
2026955,5,3,2026-02-05
2026962,1,0,2026-05-08
2027087,5,3,2026-01-15
2027183,1,0,2025-01-29
2027193,1,0,2025-08-26
2027323,4,1,2025-09-11
2027370,6,5,2026-03-16
2027391,8,3,2025-11-07
2027393,1,0,2026-03-09
2027412,9,4,2026-07-27
2027414,2,0,2026-02-21
2027415,1,0,2025-02-25
2027418,2,1,2025-01-13
2027459,13,0,2026-05-11
2027476,6,0,2026-04-20
2027498,1,1,2026-05-13
2027499,7,6,2026-05-15
2027501,1,1,2026-03-19
2027509,1,0,2025-02-21
2027519,7,2,2025-06-04
2027573,1,0,2026-03-25
2027599,2,1,2026-05-28
2027626,3,3,2026-05-26
2027638,4,1,2025-11-18
2027647,1,0,2025-04-08
2027652,5,3,2025-12-16
2027655,6,3,2025-08-13
2027661,2,1,2026-05-13
2027678,1,0,2026-03-25
2027682,2,0,2025-02-24
2027732,1,1,2025-02-28
2027762,1,0,2026-03-23
2027781,1,1,2026-03-27
2027788,1,0,2026-09-02
2027807,3,2,2025-12-12
2027831,5,0,2026-07-28
2027832,7,3,2026-05-01
2027850,3,0,2026-03-19
2027922,1,1,2026-03-30
2027965,2,1,2026-03-16
2028022,1,0,2026-02-04
2028035,1,1,2026-02-27
2028036,1,1,2025-08-07
2028071,8,5,2026-01-02
2028079,1,1,2026-04-08
2028087,1,0,2026-04-06
2028122,6,1,2026-07-20
2028123,12,5,2026-06-30
2028154,1,0,2025-06-19
2028178,2,0,2026-05-06
2028179,1,0,2026-05-04
2028191,1,0,2026-08-04
2028192,1,1,2025-12-13
2028222,2,1,2026-01-08
2028227,2,1,2025-04-14
2028263,6,3,2025-03-06
2028264,1,1,2026-08-11
2028298,2,0,2026-03-23
2028303,3,0,2026-03-23
2028307,4,0,2026-03-30
2028325,2,2,2026-03-27
2028340,4,1,2026-01-22
2028354,1,0,2025-02-25
2028355,2,0,2026-01-29
2028357,2,1,2026-07-13
2028360,1,1,2026-01-21
2028362,1,0,2025-01-08
2028364,1,0,2026-08-12
2028366,1,1,2026-04-13
2028368,6,4,2026-09-03
2028410,5,5,2025-11-10
2028411,1,0,2025-07-01
2028426,1,1,2026-03-23
2028427,1,0,2025-05-08
2028461,1,0,2026-03-24
2028471,5,3,2025-12-05
2028484,2,1,2025-02-01
2028485,2,0,2026-03-09
2028507,1,1,2026-04-16
2028517,1,0,2025-10-15
2028528,1,0,2026-04-08
2028529,4,3,2026-04-08
2028592,12,8,2026-03-18
2028605,2,1,2026-08-27
2028627,3,1,2026-03-24
2028632,1,1,2025-10-09
2028634,1,0,2025-07-01
2028639,2,2,2026-03-20
2028640,10,0,2026-05-12
2028661,1,0,2025-04-08
2028670,1,0,2025-02-11
2028705,5,2,2026-01-13
2028706,2,1,2026-08-04
2028707,1,1,2025-10-16
2028716,5,2,2026-08-12
2028720,14,8,2026-04-29
2028895,1,0,2025-04-08
2028917,2,0,2025-05-22
2028918,10,6,2025-05-22
2028931,2,2,2026-03-10
2028936,5,0,2025-04-02
2028937,1,0,2025-04-08
2028962,3,2,2026-03-17
2028973,1,0,2025-02-26
2028977,1,0,2025-04-08
2028984,2,2,2025-10-08
2028997,6,3,2025-04-22
2029041,1,1,2025-09-09
2029050,2,1,2026-04-20
2029065,1,0,2026-03-24
2029101,1,1,2025-04-16
2029113,1,1,2026-05-20
2033973,1,0,2026-03-19
2041211,10,0,2026-05-08
2041214,10,3,2025-09-10
2041215,4,0,2026-07-24
2041222,4,2,2025-05-01
2041226,1,0,2025-11-24
2041247,9,0,2026-05-08
2041257,5,4,2026-04-30
2041259,1,0,2025-09-15
2041400,6,3,2025-09-23
2041417,1,0,2025-01-29
2041428,4,0,2025-01-08
2041470,2,1,2026-08-04
2041626,1,0,2025-10-28
2041660,1,0,2026-07-10
2041663,2,0,2025-04-29
2041701,1,1,2025-10-09
2041703,1,0,2025-03-13
2041745,2,0,2025-05-01
2041766,1,1,2026-08-31
2041771,4,1,2025-01-13
2041775,2,0,2025-10-20
2041845,1,1,2026-08-31
2041846,1,1,2025-10-03
2041864,8,0,2026-04-28
2041865,4,2,2026-08-31
2041895,5,4,2026-08-11
2041898,3,2,2026-05-06
2041904,4,3,2025-09-30
2041911,5,0,2025-11-20
2041935,4,4,2026-04-27
2041939,1,0,2026-03-18
2041960,1,0,2026-02-06
2041963,1,0,2025-03-12
2041968,1,0,2025-04-15
2041973,6,3,2026-05-14
2042039,1,0,2025-01-24
2042047,1,0,2025-07-01
2042048,7,6,2025-03-26
2042049,3,0,2025-01-29
2042050,2,2,2025-03-24
2042059,1,1,2025-01-09
2042070,3,2,2026-08-28
2042087,1,1,2025-04-25
2042223,14,5,2025-12-31
2042248,6,4,2025-08-18
2042252,2,2,2025-10-15
2042268,3,0,2025-08-15
2042284,1,0,2025-02-19
2042309,1,1,2026-05-19
2042397,1,1,2025-04-08
2042410,1,1,2026-08-19
2042415,2,1,2026-08-26
2042435,2,0,2025-02-22
2042439,1,1,2025-09-17
2042451,9,0,2026-05-12
2042465,3,0,2025-12-31
2042479,1,1,2026-07-14
2042485,2,1,2026-07-14
2042515,1,0,2025-01-29
2042557,8,3,2026-02-06
2042569,3,2,2026-08-08
2042570,2,2,2026-08-08
2042597,2,0,2025-11-03
2042634,1,0,2025-08-20
2042643,3,2,2026-01-14
2042644,1,1,2025-01-03
2042669,2,2,2026-01-13
2042687,2,2,2025-12-01
2042700,2,1,2025-06-04
2042741,3,2,2025-04-03
2042781,1,1,2026-02-18
2042795,1,0,2025-01-06
2042798,1,0,2025-02-20
2042822,1,0,2026-09-04
2042827,1,0,2025-02-25
2042854,1,0,2026-01-30
2042869,2,2,2025-03-05
2042899,4,1,2026-07-29
2042956,1,1,2026-04-08
2042957,1,0,2025-01-16
2042979,6,3,2025-10-08
2042997,1,0,2025-11-14
2043027,1,0,2025-01-21
2043072,2,2,2026-06-02
2043076,2,0,2026-01-06
2043101,5,5,2026-08-03
2043102,7,6,2026-08-03
2043139,1,0,2025-01-06
2043156,1,0,2025-07-01
2043194,5,2,2025-08-13
2043223,1,0,2026-05-12
2043235,1,0,2025-09-18
2043242,1,0,2026-01-02
2043253,1,0,2025-01-18
2043345,1,0,2025-11-25
2043349,2,0,2026-02-09
2043377,1,0,2025-09-15
2043386,1,1,2026-06-23
2043412,2,0,2025-11-14
2043430,3,3,2025-06-04
2043431,1,0,2025-03-10
2043442,1,0,2025-07-02
2043448,2,2,2026-04-27
2043450,1,0,2026-05-11
2043455,1,0,2026-02-17
2043480,1,0,2026-08-07
2043516,1,0,2025-03-29
2043539,1,0,2026-05-11
2043549,1,0,2025-10-29
2043573,1,0,2026-08-21
2043652,1,0,2025-03-27
2043662,1,0,2025-07-23
2043668,4,2,2026-01-28
2043719,1,0,2025-06-20
2043768,1,1,2025-11-13
2043801,2,2,2026-07-18
2043853,3,0,2026-05-05
2043887,2,0,2025-09-10
2043982,2,0,2026-07-30
2043983,2,0,2026-04-03
2044039,2,0,2025-04-24
2044041,1,1,2025-05-28
2044051,2,2,2026-03-24
2044060,4,2,2025-12-09
2044124,2,2,2026-03-26
2044129,1,0,2026-07-23
2044155,1,0,2025-04-24
2044164,1,0,2025-04-12
2044165,3,2,2026-05-12
2044167,1,0,2025-02-26
2044182,1,0,2025-07-01
2044207,3,1,2026-01-07
2044208,5,0,2026-08-06
2044222,1,1,2025-12-05
2044225,2,1,2026-06-02
2044269,2,2,2026-09-03
2044464,3,1,2026-07-28
2044513,1,0,2026-04-03
2044566,4,0,2026-03-26
2044588,1,0,2025-04-03
2044698,1,1,2026-01-19
2044743,1,0,2025-04-15
2044788,1,0,2025-06-07
2044798,2,0,2026-03-26
2044805,2,0,2025-04-09
2044809,1,0,2025-05-02
2044886,1,1,2025-04-03
2044948,1,0,2026-05-29
2044977,3,0,2025-10-30
2044983,5,0,2026-01-06
2044985,1,1,2026-05-02
2045115,1,1,2025-11-05
2045140,1,1,2025-03-10
2045166,3,3,2025-02-14
2045186,2,0,2025-06-27
2045217,3,1,2025-12-12
2045229,6,0,2026-08-07
2045242,2,2,2025-03-12
2045258,1,0,2025-01-07
2045344,11,1,2026-04-15
2045357,6,4,2026-02-13
2045408,4,3,2026-01-06
2045456,3,0,2025-03-27
2045493,1,0,2025-10-17
2045508,1,1,2025-07-16
2045594,1,0,2026-04-14
2045666,1,0,2026-05-27
2045667,6,5,2025-10-15
2045672,1,0,2025-02-24
2045695,3,2,2026-08-24
2045725,10,0,2026-04-16
2045755,3,2,2026-04-27
2045760,1,0,2025-04-08
2045837,3,2,2025-01-28
2045913,1,0,2026-04-06
2045914,1,0,2025-04-08
2045923,1,0,2026-03-30
2045927,2,0,2025-11-21
2046039,1,0,2026-04-13
2046051,1,0,2025-01-08
2046052,7,2,2026-08-11
2046090,8,1,2026-02-17
2046117,2,0,2025-12-31
2046140,5,0,2026-04-24
2046144,1,1,2026-06-22
2046146,1,0,2025-04-08
2046183,1,0,2025-04-08
2046214,1,0,2025-04-15
2046230,3,1,2025-12-29
2046331,2,1,2026-07-23
2046332,2,1,2025-07-25
2046368,7,4,2026-07-07
2046389,1,0,2026-07-01
2046404,2,0,2025-11-03
2046457,1,0,2025-01-02
2046460,2,2,2026-06-04
2046501,1,0,2026-06-01
2046513,1,1,2026-07-07
2046553,1,1,2025-03-31
2046563,1,0,2025-10-03
2046584,1,0,2026-05-11
2046591,6,5,2026-07-16
2046601,2,0,2026-02-09
2046611,1,0,2026-07-24
2046612,1,0,2025-07-25
2046613,2,2,2026-05-05
2046636,9,4,2025-05-02
2046702,1,0,2025-11-18
2046703,1,0,2025-10-28
2046745,3,0,2026-06-29
2046777,4,4,2025-02-12
2046843,2,0,2026-04-23
2046870,4,0,2025-11-18
2046947,1,0,2026-07-28
2046949,4,0,2026-06-14
2047065,2,0,2025-10-31
2047113,5,0,2026-06-17
2047123,2,0,2025-07-01
2047124,1,1,2026-07-28
2047152,1,0,2025-02-25
2047185,1,0,2026-08-11
2047199,2,0,2025-01-28
2047214,1,1,2025-01-17
2047253,1,1,2026-02-12
2047290,1,0,2025-02-26
2047328,1,0,2025-01-15
2047353,1,0,2026-03-21
2047443,6,4,2026-07-16
2047477,1,1,2025-10-16
2047506,3,3,2025-01-02
2047524,1,0,2026-06-18
2047526,1,0,2026-06-18
2047565,1,1,2025-09-25
2047576,1,0,2026-07-02
2047579,2,2,2026-05-11
2047607,1,1,2026-08-12
2047629,1,0,2026-06-04
2047635,1,0,2025-02-11
2047657,1,0,2025-07-01
2047676,1,0,2025-02-11
2047746,1,1,2025-12-29
2047747,1,0,2025-02-11
2047763,1,0,2025-11-14
2047795,2,0,2025-07-30
2047812,1,0,2025-04-08
2047815,4,3,2026-07-09
2047822,3,3,2026-09-09
2047827,1,0,2025-04-08
2047830,1,0,2025-04-08
2047831,1,0,2025-04-08
2047845,11,1,2026-07-02
2047848,2,0,2026-04-22
2047875,4,0,2025-10-07
2047876,2,1,2026-05-18
2047887,3,2,2026-05-20
2047909,1,0,2025-07-01
2047916,4,1,2025-02-13
2047917,1,0,2025-02-13
2047925,1,0,2026-06-22
2047959,3,0,2025-07-26
2047983,3,0,2025-07-08
2048079,7,4,2026-08-10
2048290,2,1,2026-08-11
2048295,2,0,2025-07-21
2048377,1,0,2025-02-19
2048437,3,0,2025-12-09
2048547,1,0,2025-12-11
2048603,3,3,2026-08-06
2048608,10,0,2026-04-16
2048711,2,0,2025-05-28
2048777,2,2,2026-02-10
2048778,2,2,2026-08-17
2048779,5,2,2026-03-11
2048781,2,2,2026-09-02
2048782,7,5,2026-08-17
2048790,2,2,2025-08-27
2048791,8,5,2025-07-22
2048792,2,0,2025-11-14
2048793,3,3,2025-09-10
2048794,12,0,2026-04-17
2048797,1,1,2025-06-12
2048807,2,1,2026-04-20
2048811,5,0,2026-04-17
2048821,4,3,2025-10-07
2048823,3,1,2025-07-03
2048824,4,0,2026-05-15
2048825,10,2,2026-07-14
2048828,1,0,2025-04-08
2048830,1,0,2025-04-08
2048831,4,0,2026-04-17
2048832,8,1,2026-09-03
2048834,3,1,2025-09-02
2048981,7,5,2026-08-07
2049019,1,1,2026-05-05
2049125,5,1,2025-01-15
2049177,1,0,2026-07-30
2049243,4,4,2026-08-24
2049244,4,4,2026-01-06
2049257,1,1,2026-06-08
2049369,2,2,2025-02-13
2049371,1,0,2025-01-31
2049375,1,1,2025-11-10
2049377,1,1,2025-07-31
2049389,1,1,2026-04-21
2049398,4,4,2026-06-11
2049399,1,1,2026-05-05
2049400,1,1,2026-01-07
2049403,3,1,2026-06-29
2049404,5,2,2026-07-07
2049405,1,0,2025-11-20
2049406,2,2,2026-03-27
2049414,4,3,2025-07-14
2049415,9,5,2026-08-21
2049416,3,2,2026-01-22
2049417,1,1,2026-08-24
2049420,2,1,2026-03-09
2049421,2,1,2026-08-07
2049422,1,0,2025-04-08
2049423,3,2,2025-07-02
2049424,3,2,2026-03-09
2049425,1,0,2025-04-08
2049431,2,0,2026-01-14
2049432,1,1,2026-08-11
2049433,3,3,2026-08-31
2049434,1,0,2025-04-08
2049435,3,2,2025-07-02
2049437,1,1,2025-01-30
2049438,1,0,2026-04-19
2049445,1,0,2025-02-11
2049450,1,0,2025-04-08
2049490,12,4,2026-09-03
2049528,4,2,2026-06-04
2049530,7,7,2026-08-24
2049564,2,1,2025-02-14
2049597,2,1,2025-07-22
2049598,2,1,2026-04-06
2049615,3,1,2025-12-10
2049648,1,0,2026-08-21
2049654,1,0,2026-07-06
2049694,1,0,2026-06-12
2049696,1,0,2025-01-29
2049704,1,0,2025-02-11
2049727,2,1,2026-06-03
2049729,1,1,2025-04-07
2049733,4,2,2025-10-22
2049734,2,2,2026-08-25
2049739,1,1,2025-11-10
2049742,6,4,2026-06-14
2049744,1,0,2025-07-01
2049753,1,1,2025-04-08
2049754,2,2,2026-08-25
2049998,1,1,2026-01-05
2049999,12,0,2026-04-16
2050000,7,1,2026-06-04
2050010,1,1,2025-09-02
2050014,1,1,2025-06-13
2050016,1,1,2025-06-27
2050019,2,1,2026-02-20
2050029,1,1,2025-10-08
2050046,3,3,2026-05-28
2050058,1,0,2025-06-27
2050092,5,3,2026-07-07
2050098,1,0,2025-09-16
2050127,1,0,2026-02-03
2050129,2,2,2025-01-16
2050150,2,1,2025-11-19
2050179,11,0,2026-04-16
2050302,1,0,2025-01-09
2050323,1,0,2025-12-03
2050370,2,1,2025-06-18
2050382,3,0,2026-02-21
2050385,2,2,2025-08-27
2050570,1,1,2025-08-14
2050706,1,1,2025-10-29
2050910,1,0,2026-04-07
2050920,1,1,2026-09-10
2051056,1,0,2025-03-27
2051092,2,2,2026-06-01
2051143,1,0,2026-07-09
2051166,8,8,2026-07-28
2051170,2,0,2025-07-01
2051211,1,0,2025-01-06
2051212,4,4,2025-06-25
2051216,1,0,2025-10-27
2051220,10,0,2026-04-20
2051226,2,2,2026-08-25
2051235,1,0,2025-01-14
2051263,1,1,2026-05-04
2051264,1,1,2025-01-18
2051270,4,2,2026-08-12
2051271,4,4,2026-04-21
2051283,1,1,2025-11-10
2051292,1,0,2025-01-29
2051304,2,0,2025-06-30
2051313,16,0,2026-04-20
2051317,1,0,2025-06-06
2051337,8,4,2026-03-19
2051338,2,2,2026-08-11
2051351,1,0,2026-06-03
2051390,2,2,2026-07-09
2051397,1,0,2025-01-29
2051408,2,2,2025-09-02
2051421,11,9,2026-03-26
2051450,1,0,2025-04-25
2051452,3,0,2026-06-04
2051487,1,0,2025-09-25
2051490,4,3,2025-08-07
2051491,2,1,2026-04-02
2051508,2,1,2026-01-06
2051538,1,0,2026-03-31
2051551,1,0,2025-05-13
2051571,10,0,2026-04-20
2051576,4,1,2025-03-11
2051601,1,0,2025-10-17
2051605,1,1,2026-02-06
2051706,2,0,2026-02-19
2051712,1,1,2025-12-06
2051747,1,0,2025-03-11
2051777,1,0,2025-01-29
2051940,3,1,2025-06-03
2051994,1,0,2025-10-16
2052003,1,0,2025-02-19
2052010,1,1,2025-11-05
2052022,1,0,2026-08-25
2052134,2,0,2025-10-15
2052195,1,0,2025-12-27
2052261,2,2,2025-02-25
2052366,1,0,2026-03-12
2052557,1,0,2026-05-12
2052634,1,0,2025-01-03
2052693,2,1,2025-02-19
2052723,1,0,2026-02-12
2052739,11,0,2026-04-30
2052751,1,0,2025-10-20
2052754,1,0,2025-10-21
2052835,2,2,2025-02-18
2052922,5,2,2025-06-12
2053008,7,4,2026-05-08
2053039,2,0,2026-08-11
2053097,3,0,2026-07-09
2053137,1,0,2026-04-01
2053139,1,0,2026-02-02
2053179,1,1,2026-08-14
2053230,3,0,2025-06-05
2053318,1,1,2026-07-13
2053339,2,2,2025-07-16
2053502,1,0,2025-03-04
2053518,8,0,2026-04-30
2053521,3,1,2025-10-02
2053535,1,1,2026-07-19
2053547,1,0,2026-03-18
2053558,6,5,2025-09-09
2053574,1,1,2026-08-25
2053578,1,1,2025-06-17
2053647,14,3,2026-04-21
2053670,3,0,2025-06-10
2053702,2,0,2025-08-14
2053703,5,5,2026-08-10
2053704,2,1,2026-01-08
2053720,3,2,2025-09-03
2053730,1,1,2026-05-13
2053736,1,0,2025-04-08
2053739,3,1,2025-09-10
2053755,4,2,2026-05-13
2053759,8,2,2025-08-05
2053760,3,2,2026-07-25
2053797,5,2,2026-07-01
2053812,7,4,2026-05-05
2053822,2,0,2025-03-20
2054002,1,0,2026-08-05
2054010,2,0,2026-02-26
2054089,2,1,2025-12-16
2054101,1,0,2026-07-21
2054162,3,3,2026-08-14
2054244,1,1,2026-09-02
2054253,9,0,2026-04-17
2054326,1,1,2026-02-01
2054338,1,0,2026-03-26
2054348,4,3,2025-02-11
2054379,2,2,2025-09-25
2054476,3,1,2025-11-21
2054485,1,0,2025-01-08
2054489,4,2,2025-03-14
2054510,1,1,2026-05-26
2054530,1,0,2026-01-06
2054531,1,0,2025-11-21
2054552,2,2,2025-05-21
2054560,1,0,2026-03-26
2054647,1,0,2025-05-02
2054685,3,2,2025-02-18
2054708,2,1,2025-03-26
2054722,6,3,2026-06-14
2054725,4,1,2025-10-06
2054784,7,7,2025-11-26
2054821,1,1,2025-08-20
2054827,2,2,2026-07-28
2054828,1,0,2026-08-21
2054835,4,0,2025-03-06
2054840,1,1,2026-08-19
2054851,1,0,2025-10-31
2054854,4,2,2025-02-11
2054855,3,1,2026-09-08
2054864,7,0,2025-03-26
2054865,3,0,2026-02-21
2054877,24,13,2025-11-14
2054878,3,0,2025-07-28
2054897,2,2,2025-11-10
2054898,1,1,2025-04-22
2054933,6,0,2026-04-17
2054947,5,2,2026-03-16
2054957,2,0,2026-06-30
2054958,2,2,2025-02-25
2054970,1,0,2026-01-02
2055112,2,1,2025-01-06
2055193,4,2,2026-08-06
2055268,4,2,2025-05-20
2055283,1,0,2025-05-02
2055284,2,1,2026-05-13
2055286,1,0,2025-10-24
2055297,1,1,2025-09-15
2055304,1,0,2025-01-15
2055360,2,0,2025-01-06
2055408,4,0,2026-05-28
2055458,1,0,2026-01-13
2055488,2,1,2025-01-03
2055542,15,0,2026-03-26
2055580,1,1,2025-07-24
2055585,1,1,2026-04-23
2055592,1,1,2025-07-02
2055603,3,1,2025-11-25
2055615,14,8,2026-08-12
2055616,1,0,2025-05-07
2055645,2,1,2026-03-10
2055655,1,0,2025-03-26
2055730,1,0,2025-01-07
2055883,1,0,2025-09-17
2055901,2,1,2025-02-12
2056000,1,1,2026-05-08
2056001,2,2,2025-02-19
2056096,2,1,2025-03-11
2056098,2,1,2026-02-20
2056099,3,1,2026-08-12
2056149,1,1,2025-05-01
2056197,2,2,2025-01-17
2056199,4,2,2026-07-09
2056219,2,2,2026-02-20
2056229,1,0,2026-04-20
2056244,4,1,2026-06-05
2056265,2,1,2026-05-27
2056289,1,0,2026-05-15
2056313,1,0,2025-04-09
2056371,5,2,2025-01-03
2056406,1,0,2025-02-11
2056468,2,2,2026-06-11
2056485,1,0,2025-07-25
2056518,1,0,2025-07-01
2056609,1,0,2026-06-24
2056650,3,2,2025-02-18
2056667,1,0,2025-03-25
2056687,3,1,2026-04-20
2056796,8,6,2026-03-06
2056800,5,5,2025-09-11
2056839,2,2,2025-01-07
2056853,1,1,2026-07-07
2056858,1,0,2026-06-24
2056898,6,0,2026-04-10
2056910,3,0,2026-04-09
2056937,22,8,2026-08-27
2056988,2,0,2025-11-12
2057021,2,0,2026-04-10
2057030,2,0,2025-04-01
2057043,1,1,2026-02-17
2057044,5,1,2026-04-07
2057045,1,0,2026-04-07
2057105,3,1,2025-01-13
2057114,1,0,2026-07-20
2057159,2,0,2025-02-27
2057166,2,2,2026-08-29
2057196,2,1,2025-03-09
2057197,1,1,2025-03-13
2057220,1,1,2025-02-25
2057259,1,1,2026-07-21
2057272,1,0,2025-04-08
2057274,1,0,2025-04-08
2057282,5,5,2026-08-14
2057311,1,0,2026-05-07
2057330,4,1,2026-08-28
2057332,4,2,2026-01-29
2057356,7,2,2026-06-16
2057361,2,1,2026-04-07
2057377,1,0,2025-06-09
2057388,1,0,2025-02-25
2057389,2,1,2026-01-31
2057433,11,5,2026-07-26
2057434,3,1,2026-01-29
2057437,8,3,2026-01-06
2057444,4,0,2026-06-30
2057470,1,0,2025-02-25
2057473,2,0,2025-09-25
2057487,1,0,2026-09-08
2057523,3,0,2025-06-25
2057524,1,1,2025-12-26
2057530,12,3,2026-08-01
2057540,2,0,2026-01-30
2057548,3,0,2026-01-30
2057550,1,1,2025-11-03
2057557,1,0,2025-02-25
2057563,3,3,2026-03-26
2057607,6,3,2026-07-09
2057644,5,3,2026-05-13
2057658,2,0,2026-03-19
2057670,3,2,2026-01-23
2057706,2,0,2026-04-10
2057719,1,0,2026-06-14
2057725,1,0,2026-04-16
2057747,7,2,2025-04-01
2057748,3,2,2025-09-27
2057749,2,2,2025-02-26
2057761,2,1,2025-07-28
2057772,1,0,2025-01-08
2057792,4,2,2026-04-10
2057818,1,0,2026-04-10
2057833,1,1,2026-07-30
2057845,2,0,2026-05-29
2057847,1,1,2026-09-09
2057848,2,1,2026-04-02
2057851,1,1,2026-08-07
2057853,2,0,2026-08-26
2057857,2,0,2026-08-18
2057887,1,0,2025-10-14
2057901,2,0,2025-07-01
2057903,1,1,2026-06-18
2057904,3,1,2026-08-11
2057905,3,0,2026-04-16
2057907,1,0,2026-04-06
2057916,7,3,2025-05-13
2057917,2,1,2026-02-02
2057922,15,11,2026-05-19
2057947,1,0,2025-01-16
2057981,3,2,2026-03-26
2057994,1,0,2025-12-01
2058032,11,9,2025-08-01
2058059,1,1,2026-01-04
2058062,1,0,2026-01-04
2058063,1,1,2026-01-04
2058066,1,1,2026-01-28
2058144,1,1,2025-09-19
2058149,5,4,2026-02-17
2058157,1,1,2026-01-19
2058216,3,2,2026-05-07
2058217,1,0,2025-02-27
2058244,5,3,2026-04-20
2058249,1,0,2025-07-07
2058263,1,1,2025-02-12
2058328,1,0,2025-01-06
2058377,3,1,2025-01-03
2058383,1,0,2025-10-24
2058396,5,0,2026-04-07
2058406,3,2,2025-04-29
2058454,1,0,2025-07-01
2058460,1,1,2025-09-16
2058466,1,0,2025-01-07
2058575,4,3,2025-03-03
2058657,3,3,2026-03-02
2058684,1,0,2025-05-09
2058704,1,1,2025-05-20
2058707,1,0,2025-04-01
2058776,2,0,2026-07-01
2058782,1,0,2025-07-11
2058788,1,0,2025-09-26
2058850,1,1,2026-04-16
2058899,2,2,2026-07-31
2058982,2,2,2025-11-07
2059005,4,3,2025-10-30
2059020,2,2,2026-04-14
2059033,1,1,2026-05-23
2059047,2,1,2025-02-13
2059098,2,0,2026-06-29
2059182,3,1,2026-05-20
2059234,1,0,2025-07-22
2059318,1,0,2026-04-14
2059338,2,2,2025-08-05
2059360,2,0,2025-02-25
2059361,1,0,2025-12-15
2059406,1,0,2025-05-02
2059487,1,1,2025-10-13
2059648,1,0,2025-02-11
2059702,1,0,2025-01-09
2059732,1,0,2025-07-02
2059742,2,1,2026-05-20
2059797,2,2,2026-08-24
2059829,2,0,2025-12-31
2059831,1,0,2025-04-01
2059931,2,1,2025-12-30
2059932,2,0,2025-10-09
2059947,1,0,2026-05-29
2059978,1,0,2026-04-07
2060045,1,1,2025-11-20
2060047,2,0,2025-03-05
2060144,2,0,2025-03-10
2060168,1,0,2026-03-23
2060169,1,0,2026-03-23
2060191,15,0,2026-04-21
2060215,1,0,2026-04-10
2060241,1,1,2025-09-17
2060246,1,0,2026-05-26
2060252,1,0,2026-07-02
2060430,1,0,2026-08-07
2060486,4,0,2025-02-03
2060487,1,0,2025-02-11
2060490,1,0,2026-05-29
2060542,1,0,2026-05-29
2060626,1,1,2025-05-02
2060627,1,1,2025-05-02
2060632,1,1,2026-01-07
2060654,1,1,2025-05-02
2060690,2,0,2026-01-23
2060694,2,2,2026-05-20
2060700,1,0,2026-06-24
2060715,2,0,2025-04-15
2060747,3,2,2026-04-10
2060750,1,0,2025-02-25
2060832,8,3,2026-04-24
2060870,1,0,2026-08-07
2060913,3,0,2025-02-19
2060935,1,0,2025-03-17
2060971,1,0,2026-08-31
2060980,1,0,2025-02-27
2060984,1,0,2025-02-12
2061045,1,1,2025-12-20
2061280,4,2,2025-06-23
2061304,2,0,2025-10-09
2061384,1,0,2025-07-01
2061457,1,0,2026-06-05
2061536,6,3,2026-08-14
2061551,1,0,2026-01-15
2061582,1,1,2026-03-30
2061668,2,0,2026-04-17
2061682,1,1,2025-07-14
2061685,1,0,2025-03-10
2061690,1,0,2025-02-25
2061696,3,2,2025-10-09
2061717,1,1,2026-04-27
2061738,2,0,2025-07-07
2061744,1,0,2026-07-27
2061802,1,0,2026-03-12
2061977,1,0,2025-03-11
2062001,3,0,2026-05-19
2062091,1,0,2025-11-25
2062176,4,4,2026-04-14
2062196,1,1,2025-03-24
2062201,1,0,2025-07-03
2062213,3,0,2026-04-09
2062255,1,0,2026-02-05
2062297,1,0,2026-04-02
2062329,1,0,2025-01-02
2062375,2,1,2025-03-05
2062377,1,0,2025-04-08
2062400,1,0,2025-05-15
2062418,1,0,2025-11-06
2062516,1,0,2025-01-29
2062583,1,0,2026-07-02
2062587,1,0,2026-05-08
2062659,1,1,2026-08-07
2062665,1,0,2026-02-20
2062769,1,0,2026-01-07
2062821,1,0,2025-01-29
2062826,3,0,2026-04-29
2062829,1,0,2025-02-25
2062830,2,0,2025-09-11
2062831,1,0,2026-03-12
2062833,8,4,2026-04-07
2062845,1,0,2026-02-09
2062847,2,0,2025-10-29
2062854,15,12,2026-03-12
2062857,1,0,2025-07-22
2062863,1,0,2025-07-30
2062864,1,0,2025-11-23
2062876,3,2,2026-07-23
2062877,2,0,2026-01-27
2062878,1,1,2026-03-11
2062881,7,1,2026-01-27
2062882,3,1,2026-04-20
2062883,4,0,2026-04-10
2062904,7,0,2026-07-02
2062909,1,0,2025-02-12
2062916,1,1,2026-01-02
2062920,1,1,2026-02-06
2062925,3,2,2025-11-24
2062933,1,0,2025-07-01
2062957,8,4,2026-08-26
2062958,1,1,2025-05-19
2062967,1,0,2026-07-20
2062984,1,0,2025-04-30
2062997,1,0,2025-08-14
2063011,1,0,2025-07-01
2063019,8,0,2026-07-08
2063058,1,1,2025-10-03
2063098,2,1,2026-03-18
2063115,7,4,2026-05-20
2063133,1,1,2025-08-28
2063135,1,1,2025-12-05
2063136,3,3,2026-07-08
2063143,4,3,2026-07-28
2063149,1,0,2026-08-25
2063154,2,0,2025-07-01
2063155,1,0,2025-05-19
2063174,1,1,2025-03-06
2063186,1,0,2025-10-21
2063187,1,0,2025-03-11
2063195,1,0,2026-06-24
2063206,1,0,2025-01-13
2063215,1,0,2025-07-01
2063219,1,0,2025-09-15
2063233,4,1,2026-07-24
2063239,2,2,2026-07-31
2063242,1,1,2025-08-23
2063266,2,2,2026-08-19
2063284,2,0,2025-01-06
2063298,3,1,2026-07-23
2063299,3,1,2025-10-09
2063353,1,0,2025-02-24
2063370,1,1,2026-02-04
2063391,1,0,2025-03-21
2063398,1,0,2025-01-29
2063399,1,0,2025-10-14
2063410,2,0,2026-09-01
2063435,6,0,2026-04-09
2063436,3,2,2025-12-18
2063442,1,0,2025-07-01
2063548,2,0,2026-01-24
2063558,1,0,2025-01-22
2063634,2,0,2026-05-26
2063647,1,0,2025-02-20
2063651,1,0,2025-03-18
2063677,2,1,2026-06-26
2063715,1,1,2026-03-06
2063738,1,1,2025-08-25
2063758,1,1,2025-04-02
2063789,2,1,2025-04-09
2063815,1,1,2025-01-18
2063866,3,1,2026-01-17
2063920,1,1,2025-06-04
2063922,1,1,2026-08-12
2063950,1,1,2025-07-14
2064053,1,0,2025-04-08
2064062,1,0,2025-10-23
2064109,1,0,2025-03-27
2064142,1,1,2026-01-29
2064173,1,0,2026-04-20
2064245,1,0,2026-04-06
2064288,2,0,2025-08-13
2064377,1,0,2025-04-21
2064410,1,1,2025-10-29
2064442,1,1,2026-07-30
2064511,1,1,2026-05-12
2064589,8,0,2026-04-09
2064708,2,0,2026-07-27
2064790,1,1,2026-03-20
2064807,3,2,2026-07-30
2064832,3,0,2025-02-07
2064872,1,1,2026-07-01
2064874,1,0,2026-02-26
2064912,2,0,2026-02-05
2064947,1,0,2026-04-02
2065053,1,0,2025-02-24
2065080,1,1,2025-09-19
2065095,1,1,2025-04-08
2065355,3,1,2025-02-19
2065356,1,0,2025-02-14
2065404,1,0,2025-10-23
2065416,1,0,2025-04-09
2065505,1,1,2026-04-06
2065506,2,0,2025-02-12
2065575,1,0,2026-05-22
2065590,1,0,2026-05-29
2065643,1,1,2026-08-11
2065698,2,0,2026-08-13
2065716,1,0,2025-03-10
2065718,2,1,2025-02-19
2065719,1,0,2026-03-16
2065758,1,0,2025-03-17
2065767,1,0,2025-01-08
2065788,1,0,2025-12-29
2065815,1,0,2025-11-21
2065879,5,0,2026-04-13
2065886,2,1,2025-02-18
2065938,2,2,2025-02-14
2065948,1,0,2025-06-27
2065985,1,0,2025-02-18
2065991,13,0,2026-04-03
2065992,26,1,2026-04-08
2066003,2,1,2026-07-06
2066019,1,0,2025-04-08
2066072,1,0,2025-01-15
2066090,4,2,2025-08-29
2066111,1,1,2026-02-13
2066163,1,0,2025-02-07
2066190,8,0,2026-04-04
2066225,1,0,2026-09-01
2066257,2,0,2025-03-11
2066305,2,2,2026-06-25
2066436,1,0,2025-02-11
2066490,1,0,2025-11-20
2066514,1,0,2025-10-31
2066575,2,1,2026-02-02
2066715,1,0,2025-06-20
2066763,1,0,2025-01-13
2066781,1,0,2025-03-12
2066826,1,1,2025-04-09
2066840,1,0,2025-07-15
2066923,3,0,2025-10-08
2066924,1,0,2025-01-08
2067060,1,1,2025-04-21
2067156,3,0,2025-11-18
2067191,2,0,2025-01-29
2067323,4,4,2026-05-07
2067415,1,0,2025-01-15
2067466,1,0,2025-10-22
2067511,1,0,2026-06-24
2067615,1,0,2026-03-10
2067625,6,1,2025-10-23
2067662,1,1,2025-04-15
2067695,3,0,2025-10-22
2067740,2,0,2025-04-08
2067776,1,1,2026-04-16
2067787,1,1,2025-01-14
2067790,1,1,2025-04-09
2067842,1,0,2025-04-01
2067852,7,0,2026-04-07
2067893,2,0,2026-05-26
2067998,2,0,2026-05-20
2068026,3,0,2026-03-19
2068030,1,1,2025-11-29
2068034,1,0,2026-08-04
2068037,1,1,2026-07-02
2068091,1,1,2025-09-06
2068111,1,0,2026-05-08
2068145,1,1,2026-04-13
2068151,1,1,2025-06-29
2068168,2,2,2026-05-15
2068179,7,2,2025-02-19
2068207,2,1,2025-08-27
2068208,2,0,2026-01-21
2068233,6,5,2026-03-17
2068238,2,0,2025-10-24
2068245,4,3,2026-02-05
2068248,1,1,2026-07-17
2068251,5,3,2026-04-14
2068252,2,0,2025-03-04
2068259,1,1,2025-12-30
2068344,1,0,2026-01-28
2068456,1,0,2025-10-24
2068527,5,1,2026-06-15
2068540,1,0,2026-08-18
2068602,1,1,2025-01-08
2068616,1,0,2026-07-29
2068622,3,2,2025-03-25
2068739,3,0,2026-02-03
2068875,1,0,2025-04-08
2068882,4,4,2026-05-20
2069061,8,0,2026-04-07
2069090,3,0,2026-03-18
2069106,1,0,2026-05-15
2069168,2,1,2025-02-26
2069253,2,0,2025-07-29
2069263,1,0,2026-06-10
2069338,1,0,2025-04-11
2069559,4,4,2026-08-05
2069581,1,0,2026-01-28
2069589,6,4,2026-03-10
2069605,1,1,2026-02-05
2069642,2,1,2026-03-09
2069680,1,0,2026-05-15
2069718,1,0,2025-10-22
2069759,4,1,2026-07-23
2069778,1,0,2025-02-14
2069823,1,0,2025-01-17
2069829,1,0,2025-10-31
2069847,2,2,2026-03-03
2069896,2,0,2026-08-05
2069897,2,1,2026-08-19
2069957,3,0,2026-05-13
2069966,1,0,2026-07-23
2069985,2,0,2025-12-10
2070009,1,0,2026-05-29
2070099,1,0,2026-06-01
2070204,5,3,2026-04-17
2070226,1,1,2025-06-26
2070268,2,0,2025-09-08
2070288,1,0,2025-03-17
2070317,2,0,2025-03-26
2070344,1,0,2026-05-15
2070366,2,0,2025-03-11
2070395,9,4,2026-07-10
2070408,11,8,2026-05-07
2070413,1,1,2026-04-07
2070425,3,1,2026-06-30
2070459,1,0,2025-05-22
2070519,4,1,2026-08-25
2070522,1,1,2025-01-16
2070574,2,0,2026-06-01
2070575,1,0,2026-07-22
2070605,1,0,2025-07-27
2070655,1,0,2025-04-04
2070679,2,2,2026-08-04
2070705,2,2,2025-05-09
2070730,1,1,2025-05-25
2070751,1,0,2025-02-19
2070786,1,0,2025-06-18
2070798,4,2,2026-08-25
2070799,2,1,2026-08-25
2070894,4,0,2026-04-06
2070927,1,0,2026-02-09
2070956,4,2,2026-07-10
2070973,6,4,2026-03-02
2070999,5,3,2025-12-10
2071033,1,0,2026-02-09
2071053,2,1,2026-06-09
2071069,2,0,2026-02-12
2071117,2,2,2026-03-12
2071124,1,0,2026-02-12
2071129,1,1,2026-04-14
2071130,2,1,2026-02-20
2071134,1,0,2025-01-12
2071135,2,0,2026-03-19
2071142,5,0,2026-07-02
2071170,1,0,2025-04-21
2071196,1,0,2026-03-03
2071234,2,0,2025-02-18
2071262,1,0,2025-07-16
2071265,2,0,2025-03-11
2071293,3,2,2025-04-07
2071326,1,0,2025-10-31
2071360,1,0,2026-06-01
2071402,1,0,2026-03-12
2071422,1,0,2025-04-29
2071515,1,1,2025-09-23
2071558,1,0,2025-08-16
2071583,1,0,2025-09-03
2071624,1,0,2025-05-21
2071627,1,0,2025-10-17
2071640,7,3,2026-08-20
2071701,1,0,2025-03-19
2071760,17,10,2026-07-24
2071761,1,0,2026-05-06
2071762,1,0,2025-03-10
2071767,2,0,2025-03-14
2071795,2,0,2025-07-01
2071866,1,1,2025-12-12
2071870,2,0,2026-02-21
2071891,2,0,2025-01-03
2071907,1,0,2025-07-28
2071915,5,1,2025-12-16
2071921,7,1,2026-07-31
2071934,1,0,2025-02-19
2071959,1,0,2025-07-01
2071999,7,6,2025-10-03
2072064,1,1,2025-07-15
2072096,3,3,2026-08-31
2072122,3,0,2025-03-28
2072224,1,0,2025-10-23
2072267,5,3,2026-09-08
2072268,2,0,2026-06-30
2072320,2,2,2025-02-28
2072330,1,0,2025-02-27
2072352,7,0,2026-04-23
2072356,1,0,2026-01-12
2072363,1,0,2026-06-05
2072367,2,1,2025-06-13
2072368,1,1,2025-09-16
2072388,1,0,2025-10-08
2072410,2,0,2025-10-30
2072463,4,0,2026-01-05
2072553,1,0,2026-08-24
2072554,1,0,2026-08-24
2072637,2,1,2026-04-15
2072648,1,0,2025-01-08
2072659,1,0,2025-06-26
2072660,5,0,2026-07-16
2072665,4,1,2026-07-16
2072684,1,0,2026-06-26
2072727,2,1,2026-03-03
2072743,2,1,2025-01-17
2072810,6,1,2026-07-06
2072879,2,2,2025-06-04
2072977,2,1,2025-02-24
2073158,1,0,2025-10-03
2073159,1,0,2026-06-05
2073269,2,0,2025-11-10
2073342,1,0,2026-04-28
2073449,1,0,2025-12-03
2073455,1,0,2026-06-15
2073457,1,1,2025-03-21
2073472,5,3,2026-05-18
2073482,1,0,2025-10-27
2073487,4,0,2025-07-14
2073576,1,0,2026-01-06
2073581,2,0,2026-01-27
2073631,1,0,2026-05-12
2073635,1,1,2026-07-07
2073669,1,0,2025-02-26
2073685,4,1,2025-02-21
2073714,2,2,2026-07-07
2073775,1,0,2026-07-09
2073786,1,1,2025-07-29
2073986,1,0,2025-07-16
2074045,7,0,2026-04-24
2074093,1,0,2025-03-21
2074104,1,1,2026-06-25
2074109,1,1,2025-02-24
2074110,1,1,2025-03-05
2074137,1,1,2025-07-12
2074148,1,0,2025-03-14
2074155,1,0,2025-03-25
2074180,1,0,2025-01-29
2074301,1,1,2025-11-05
2074362,1,1,2025-02-21
2074386,2,2,2025-01-28
2074395,1,0,2026-06-01
2074453,3,2,2025-02-18
2074524,1,1,2025-04-23
2074737,1,0,2025-10-14
2074740,1,0,2025-04-25
2074741,2,2,2026-03-19
2074758,2,0,2025-10-14
2074785,1,0,2026-08-07
2074821,3,3,2025-09-26
2074876,2,0,2026-07-14
2074929,2,0,2026-04-01
2074946,1,0,2025-03-03
2074958,3,0,2026-07-10
2074995,1,0,2025-10-21
2075151,1,1,2026-05-04
2075208,3,3,2026-05-11
2075301,1,0,2025-01-08
2075372,4,1,2026-07-06
2075436,1,0,2025-02-25
2075454,2,0,2025-01-28
2075489,4,3,2025-09-15
2075570,4,1,2026-05-08
2075623,4,1,2025-03-25
2075730,1,0,2026-05-26
2075936,1,0,2025-01-03
2075942,5,4,2026-03-18
2076041,1,0,2026-06-16
2076089,1,0,2025-02-21
2076130,5,4,2025-08-19
2076254,1,0,2025-05-14
2076259,1,0,2025-01-16
2076272,3,1,2026-01-14
2076340,1,0,2025-07-02
2076354,1,0,2025-09-04
2076428,1,0,2025-04-15
2076431,4,0,2025-05-08
2076440,1,0,2025-04-03
2076496,1,0,2025-10-28
2076558,1,0,2026-04-15
2076571,1,0,2025-07-16
2076660,5,1,2026-04-15
2076703,2,1,2026-07-08
2076752,3,3,2026-07-27
2076817,1,0,2025-02-25
2076818,1,0,2025-02-25
2076835,1,0,2025-10-07
2076885,6,2,2025-01-10
2076899,1,1,2025-09-30
2076994,1,0,2025-04-08
2077013,1,0,2026-06-09
2077022,4,3,2025-04-14
2077050,1,0,2025-03-14
2077053,6,5,2025-09-29
2077130,3,0,2026-05-01
2077141,2,0,2026-06-09
2077162,1,0,2026-04-24
2077254,1,0,2025-02-13
2077259,1,0,2026-04-27
2077263,1,0,2026-06-05
2077343,1,0,2026-04-21
2077399,2,0,2025-10-16
2077614,1,1,2025-06-20
2077638,1,0,2026-07-29
2077664,1,1,2026-08-03
2077680,1,0,2025-07-02
2077979,1,0,2026-07-29
2078181,1,0,2025-12-22
2078192,1,1,2026-07-08
2078259,4,1,2026-01-28
2078478,1,0,2025-04-09
2078487,1,0,2026-07-28
2078513,3,0,2026-04-14
2078550,4,3,2025-03-18
2078559,2,0,2025-10-22
2078638,1,0,2026-02-18
2078787,2,2,2026-07-22
2078869,1,0,2026-01-08
2078904,1,0,2025-01-29
2078917,18,7,2026-08-21
2078922,1,0,2026-04-20
2078998,7,2,2025-11-28
2079191,1,0,2026-05-14
2079253,2,0,2025-02-28
2079311,1,1,2026-05-29
2079319,1,1,2026-04-28
2079371,2,0,2025-08-11
2079386,4,0,2026-05-01
2079407,1,1,2025-04-08
2079414,14,8,2025-08-15
2079544,1,1,2026-04-28
2079582,6,3,2026-07-14
2079762,2,0,2025-11-17
2079776,2,0,2026-04-27
2079805,1,0,2026-06-29
2079857,1,0,2025-08-11
2079891,1,0,2025-09-25
2079895,3,1,2026-08-04
2079925,1,0,2025-01-15
2079945,2,2,2026-01-09
2079955,3,3,2026-06-17
2080029,3,0,2026-08-04
2080231,5,0,2026-05-01
2080257,1,0,2025-07-09
2080261,1,1,2026-02-09
2080302,1,0,2026-05-14
2080322,1,0,2025-02-07
2080340,4,2,2025-01-07
2080350,2,0,2026-03-24
2080351,7,3,2026-04-06
2080353,1,0,2026-03-24
2080400,1,1,2025-03-03
2080418,2,2,2026-05-08
2080436,1,0,2025-01-21
2080453,1,0,2026-07-01
2080456,5,0,2026-01-02
2080467,1,0,2025-10-16
2080520,1,0,2025-01-08
2080576,1,1,2025-01-31
2080578,1,0,2025-02-04
2080580,1,0,2025-04-08
2080629,4,1,2026-04-24
2080682,4,3,2025-03-20
2080684,2,1,2025-01-02
2080733,1,0,2025-03-14
2080787,1,0,2026-07-15
2080862,5,2,2026-05-28
2080947,1,0,2025-03-03
2081057,2,2,2025-02-25
2081096,1,1,2025-04-03
2081103,1,0,2025-04-08
2081104,1,0,2025-04-08
2081107,1,0,2025-02-10
2081111,2,0,2025-12-23
2081112,2,0,2025-03-03
2081117,3,0,2026-03-19
2081118,4,0,2026-03-19
2081119,3,0,2025-03-27
2081120,2,0,2025-08-13
2081139,2,0,2025-01-02
2081210,2,2,2025-08-26
2081217,1,0,2026-05-14
2081218,1,1,2025-10-29
2081220,7,2,2026-04-01
2081305,1,1,2026-08-17
2081326,1,0,2025-04-21
2081330,1,0,2025-01-14
2081432,1,0,2025-03-31
2081454,1,1,2025-10-15
2081489,1,0,2025-07-16
2081516,1,0,2025-10-05
2081544,4,4,2026-02-24
2081548,1,0,2025-01-21
2081566,1,0,2025-04-08
2081596,1,0,2026-05-11
2081702,1,0,2025-03-26
2081724,7,4,2025-12-02
2081760,4,3,2026-09-03
2081761,4,4,2026-09-03
2081928,1,0,2025-01-24
2081929,6,0,2026-05-22
2081976,5,5,2026-06-20
2081997,1,0,2026-03-18
2081998,1,1,2026-06-10
2082025,2,0,2026-08-12
2082322,2,0,2025-10-28
2082377,1,1,2025-02-12
2082379,3,0,2025-03-03
2082442,1,0,2025-07-23
2082444,6,0,2026-04-23
2082595,2,1,2025-01-09
2082618,1,0,2026-07-09
2082623,3,0,2025-11-25
2082624,1,0,2025-03-03
2082628,1,0,2025-07-14
2082680,1,0,2025-11-14
2082683,5,0,2026-07-10
2082711,1,0,2026-08-11
2082836,1,0,2026-02-18
2082945,2,2,2025-10-13
2082965,1,1,2025-07-28
2083000,1,0,2026-06-25
2083057,1,0,2026-01-28
2083134,2,2,2025-09-03
2083135,1,1,2026-02-03
2083138,7,0,2026-03-24
2083146,1,0,2026-07-24
2083147,1,0,2025-02-25
2083148,1,1,2026-07-24
2083153,1,0,2025-07-23
2083155,5,2,2026-07-27
2083156,1,1,2026-06-08
2083158,1,1,2026-01-31
2083159,2,1,2026-02-17
2083167,1,0,2025-12-15
2083169,2,2,2026-02-21
2083171,1,1,2025-08-08
2083181,1,0,2026-04-27
2083182,2,1,2026-05-04
2083204,11,5,2026-02-22
2083215,4,0,2026-06-29
2083217,1,1,2026-03-10
2083241,4,3,2025-07-28
2083245,1,0,2026-07-24
2083247,4,1,2026-08-28
2083256,2,1,2025-11-10
2083257,2,0,2025-05-13
2083283,1,0,2025-11-24
2083421,3,0,2026-08-26
2083460,1,0,2025-08-11
2083468,3,1,2026-02-09
2083469,1,0,2025-04-08
2083470,2,0,2026-05-08
2083472,3,0,2025-10-07
2083480,1,0,2026-07-20
2083553,1,1,2026-03-27
2083557,4,1,2026-04-21
2083563,1,1,2026-05-15
2083564,7,0,2026-03-24
2083607,1,1,2025-08-20
2083662,1,1,2025-07-12
2083674,2,1,2026-08-19
2083675,2,2,2025-08-07
2083676,1,1,2025-12-08
2083678,6,0,2026-07-27
2083686,3,2,2026-05-26
2083716,2,1,2026-09-02
2083747,1,0,2026-08-06
2083756,1,0,2026-05-13
2083856,1,0,2026-09-01
2083859,4,4,2025-09-29
2083943,4,2,2026-03-30
2083957,1,0,2026-05-29
2083989,2,1,2025-10-11
2083993,4,2,2026-04-08
2084013,1,0,2026-04-08
2084016,2,1,2026-03-02
2084027,1,1,2026-04-09
2084031,4,0,2026-01-15
2084037,12,10,2026-04-02
2084039,5,1,2025-09-26
2084041,1,0,2025-11-14
2084069,2,0,2026-07-14
2084091,3,2,2026-01-13
2084098,1,0,2026-04-27
2084101,3,2,2026-03-11
2084102,6,0,2025-03-24
2084124,2,1,2026-08-26
2084126,1,0,2025-11-06
2084147,1,0,2025-04-08
2084176,1,1,2025-08-04
2084186,1,1,2026-01-23
2084188,2,1,2025-06-20
2084191,5,3,2026-04-20
2084201,1,0,2026-03-30
2084204,1,0,2025-11-06
2084214,1,1,2025-02-07
2084220,1,0,2025-04-08
2084221,1,0,2025-04-08
2084226,1,1,2025-01-31
2084345,1,0,2025-10-31
2084352,2,1,2025-02-25
2084359,1,0,2025-02-25
2084512,2,0,2025-02-11
2084522,1,1,2026-03-25
2084535,1,0,2026-02-10
2084561,4,4,2026-08-26
2084601,2,2,2025-07-03
2084657,1,1,2026-08-05
2084707,3,2,2025-07-31
2084740,3,1,2026-08-27
2084799,1,0,2025-02-25
2084806,5,0,2026-03-20
2084827,9,2,2026-01-07
2084880,1,0,2025-10-08
2084898,2,1,2025-10-20
2084943,4,0,2026-07-31
2085035,1,0,2025-04-09
2085037,2,0,2025-11-13
2085146,1,0,2025-10-28
2085150,2,1,2026-02-17
2085216,1,0,2025-12-01
2085330,2,2,2025-08-06
2085331,1,1,2026-06-17
2085380,1,1,2025-11-25
2085398,1,0,2025-07-17
2085454,2,1,2026-08-07
2085482,1,0,2026-02-10
2085499,3,0,2026-02-10
2085500,3,1,2026-01-30
2085655,1,0,2025-02-25
2085669,1,0,2025-07-16
2085691,4,0,2025-08-26
2085692,1,1,2025-01-20
2085716,1,0,2025-12-04
2085750,1,1,2026-01-15
2085775,1,0,2025-08-25
2085785,1,0,2026-05-10
2085794,4,2,2026-01-15
2085805,3,1,2026-06-10
2085859,1,0,2025-02-25
2085869,6,0,2026-03-23
2085870,7,0,2026-03-23
2085872,4,4,2026-03-16
2086306,4,1,2025-08-05
2086308,2,0,2026-08-01
2086311,2,0,2025-04-17
2086317,2,0,2025-04-23
2086320,1,0,2025-02-07
2086321,8,3,2025-08-05
2086355,1,0,2025-10-24
2086374,2,0,2025-11-14
2086382,2,0,2026-07-06
2086385,2,1,2026-03-10
2086437,2,0,2026-07-29
2086438,1,0,2025-08-22
2086571,6,1,2026-06-14
2086620,1,0,2025-02-25
2086634,1,0,2026-03-30
2086645,6,6,2026-03-12
2086657,8,0,2026-08-12
2086673,4,2,2026-07-27
2086691,3,2,2026-01-22
2086769,1,0,2025-05-16
2086808,3,0,2026-05-21
2086823,14,0,2026-07-09
2086830,2,1,2026-03-16
2086851,14,0,2026-06-26
2086853,1,0,2026-05-12
2087014,11,0,2026-05-05
2087045,2,0,2025-06-03
2087060,1,1,2025-08-22
2087092,1,1,2025-08-08
2087121,2,1,2025-01-09
2087163,4,0,2026-02-06
2087328,1,0,2026-04-09
2087339,1,0,2026-08-03
2087375,1,0,2026-05-20
2087394,1,1,2025-02-28
2087397,1,1,2026-07-01
2087411,1,1,2025-10-16
2087412,1,0,2026-05-07
2087491,1,0,2025-01-15
2087494,6,2,2025-01-21
2087521,2,1,2025-09-03
2087524,2,2,2026-04-20
2087582,8,5,2026-04-27
2087602,2,1,2026-06-16
2087606,1,0,2025-02-25
2087620,1,0,2025-04-08
2087699,1,0,2026-07-31
2087723,1,1,2026-09-01
2087745,1,0,2026-06-24
2087746,1,0,2026-06-24
2087747,1,0,2026-06-24
2087748,1,0,2026-06-24
2087835,2,0,2025-03-04
2087904,1,0,2026-04-20
2087948,2,2,2025-07-08
2087980,2,0,2026-06-16
2088158,4,3,2026-01-15
2088218,1,1,2026-01-14
2088242,4,0,2026-07-01
2088263,8,1,2026-04-01
2088271,2,0,2025-09-23
2088298,2,0,2025-12-22
2088325,1,0,2025-04-08
2088351,4,2,2025-05-09
2088396,1,1,2025-07-11
2088405,1,0,2025-02-12
2088408,12,7,2026-08-04
2088553,9,0,2026-05-05
2088571,1,0,2025-01-24
2088572,5,3,2026-01-06
2088583,3,3,2026-03-12
2088615,1,1,2025-02-12
2088652,1,1,2026-05-07
2088660,2,0,2025-10-21
2089022,2,2,2025-11-10
2089322,2,1,2026-04-20
2089845,1,0,2025-12-24
2089848,3,0,2025-07-16
2089918,3,1,2025-11-05
2089980,1,1,2026-02-26
2090018,1,0,2025-11-10
2090040,1,0,2026-01-22
2090092,1,0,2026-07-30
2090181,2,1,2026-05-04
2090204,1,0,2025-05-09
2090245,1,1,2026-05-06
2090256,5,3,2026-06-18
2090377,2,2,2025-12-30
2090402,4,0,2026-03-11
2090406,2,1,2026-09-08
2090433,9,6,2026-05-29
2090435,8,6,2026-08-20
2090448,1,0,2025-08-15
2090471,1,1,2026-03-03
2090472,12,0,2026-05-20
2090555,1,0,2026-05-31
2090567,1,0,2025-04-01
2090826,2,2,2026-06-21
2090988,2,2,2026-02-13
2090993,2,1,2025-12-10
2090994,5,1,2026-05-29
2090995,1,0,2026-04-20
2090996,4,1,2026-07-20
2090999,1,0,2026-06-09
2091015,2,1,2025-10-14
2091035,1,0,2025-07-01
2091054,1,0,2025-04-01
2091055,1,0,2025-10-27
2091059,2,0,2025-10-27
2091099,1,1,2025-08-04
2091100,1,1,2025-08-04
2091102,1,1,2025-08-04
2091103,1,1,2025-08-06
2091129,1,0,2026-02-06
2091140,2,2,2025-10-01
2091154,5,2,2026-03-05
2091155,1,0,2025-01-07
2091165,1,1,2025-10-01
2091184,2,2,2026-04-09
2091185,1,1,2026-04-09
2091186,1,1,2025-09-10
2091188,1,0,2026-06-17
2091220,1,0,2025-11-05
2091237,1,1,2026-07-11
2091247,1,0,2025-02-26
2091252,1,1,2025-10-16
2091260,4,3,2026-08-25
2091267,2,0,2025-05-10
2091274,2,2,2026-07-11
2091294,6,2,2026-04-13
2091295,3,2,2026-04-13
2091296,2,1,2026-04-13
2091297,17,8,2026-07-02
2091298,3,2,2026-04-13
2091300,9,4,2026-03-19
2091467,1,1,2025-01-18
2091472,1,1,2025-05-06
2091473,1,1,2025-05-06
2091474,1,1,2025-05-06
2091477,2,1,2026-01-29
2091478,1,1,2025-04-30
2091483,1,1,2025-05-06
2091486,1,1,2025-05-06
2091487,1,1,2025-05-06
2091508,1,0,2025-04-09
2091555,1,0,2025-02-12
2091827,2,0,2025-11-03
2091830,2,0,2026-09-08
2091864,2,2,2025-12-19
2091865,2,2,2025-12-19
2091876,2,1,2026-04-27
2091877,5,1,2026-04-28
2091878,3,1,2026-04-08
2091890,1,1,2026-04-08
2091947,1,0,2026-07-21
2091949,1,1,2026-01-08
2091957,1,1,2025-04-23
2091958,2,2,2025-04-23
2091959,1,1,2025-04-23
2091960,1,1,2025-04-23
2091964,1,1,2026-06-16
2091973,1,1,2025-12-22
2091987,1,0,2026-01-30
2092012,1,1,2026-05-13
2092016,3,1,2026-02-19
2092029,1,0,2025-07-01
2092044,1,0,2025-02-20
2092052,1,1,2026-07-01
2092053,4,3,2026-06-24
2092054,1,0,2025-04-08
2092058,4,2,2025-09-17
2092063,1,1,2025-01-22
2092064,2,2,2026-04-28
2092067,5,2,2026-01-06
2092069,1,0,2025-02-25
2092070,2,0,2026-04-28
2092072,1,1,2025-06-05
2092073,1,1,2025-06-05
2092074,1,1,2025-06-05
2092076,4,1,2026-07-09
2092077,3,2,2025-06-05
2092078,1,1,2025-06-05
2092081,5,1,2026-04-28
2092085,2,0,2026-08-25
2092092,3,1,2025-07-01
2092096,1,1,2026-07-20
2092098,2,1,2025-09-05
2092100,1,1,2025-01-16
2092101,2,0,2026-06-25
2092102,1,0,2025-09-10
2092119,10,6,2026-09-08
2092126,13,11,2026-04-20
2092173,2,0,2025-02-11
2092174,1,0,2025-07-01
2092213,2,0,2026-02-05
2092226,1,1,2025-04-20
2092237,3,2,2026-08-21
2092244,1,1,2026-02-26
2092249,1,0,2025-01-02
2092250,1,0,2025-07-01
2092283,1,0,2026-04-20
2092284,1,0,2026-03-18
2092313,1,0,2026-02-27
2092324,1,1,2025-03-19
2092348,1,0,2025-02-25
2092349,1,0,2025-02-25
2092353,2,0,2026-07-16
2092361,1,0,2025-12-12
2092365,1,1,2026-04-14
2092390,1,1,2026-08-19
2092391,1,1,2026-08-19
2092392,2,0,2025-01-30
2092421,1,0,2025-04-22
2092425,1,1,2026-01-08
2092426,1,0,2025-12-15
2092429,4,4,2025-09-26
2092433,2,0,2025-10-15
2092434,3,1,2025-10-15
2092436,1,0,2026-03-19
2092438,3,1,2025-10-15
2092439,4,3,2026-04-07
2092440,1,0,2025-07-09
2092444,5,1,2026-04-14
2092463,4,2,2026-03-26
2092468,4,1,2025-10-06
2092469,1,0,2025-10-14
2092482,3,2,2026-08-18
2092491,1,0,2025-01-29
2092496,4,1,2026-02-05
2092511,1,0,2025-07-01
2092513,1,0,2025-01-14
2092517,1,0,2025-01-16
2092519,3,2,2025-09-04
2092520,11,7,2026-04-21
2092532,1,0,2026-07-15
2092536,4,1,2026-05-11
2092566,1,0,2026-03-24
2092649,3,1,2025-08-11
2092669,1,0,2026-05-15
2092670,1,1,2026-08-18
2092671,1,0,2026-03-05
2092699,1,1,2025-04-16
2092706,1,1,2025-10-15
2092711,2,0,2025-04-09
2092714,2,0,2025-04-15
2092718,2,0,2025-10-24
2092719,2,0,2026-08-31
2092720,1,0,2026-08-10
2092721,3,1,2026-03-30
2092725,2,0,2026-06-11
2092759,1,1,2026-06-03
2092766,1,1,2025-05-28
2092769,9,7,2026-03-10
2092770,2,0,2025-04-08
2092771,2,0,2026-03-17
2092773,4,1,2026-03-02
2092787,1,0,2025-12-16
2092822,4,3,2025-07-10
2092833,8,5,2025-12-08
2092863,2,1,2026-03-27
2092873,1,0,2026-05-22
2092903,2,1,2026-07-29
2092906,1,1,2026-07-21
2092907,1,1,2026-07-21
2092908,1,1,2026-07-21
2092919,5,4,2026-06-30
2092920,1,0,2026-06-24
2092926,1,0,2025-01-29
2092985,2,1,2026-03-17
2093009,5,0,2026-02-19
2093019,8,8,2025-10-25
2093020,5,5,2025-10-25
2093027,1,1,2026-05-03
2093028,1,0,2026-04-07
2093057,5,0,2025-10-24
2093062,1,0,2026-02-25
2093074,3,3,2026-06-08
2093102,2,1,2025-01-02
2093106,2,1,2025-04-29
2093108,1,0,2025-09-30
2093186,2,1,2026-08-04
2093202,1,0,2025-03-27
2093287,1,0,2025-10-08
2093290,2,0,2026-08-04
2093291,6,2,2026-03-26
2093321,2,0,2025-07-30
2093350,4,2,2026-04-13
2093351,5,3,2026-07-31
2093354,4,3,2026-04-08
2093355,1,1,2025-12-22
2093364,1,1,2026-08-05
2093373,1,0,2025-02-25
2093375,1,0,2025-02-25
2093376,1,0,2025-02-25
2093400,6,0,2025-01-27
2093438,5,5,2026-08-05
2093450,3,1,2026-08-10
2093451,2,1,2026-08-10
2093455,1,0,2026-08-10
2093456,5,2,2026-08-10
2093458,3,0,2026-08-10
2093459,1,0,2026-08-10
2093460,1,0,2026-08-10
2093463,4,0,2026-08-10
2093476,2,1,2026-05-08
2093477,2,2,2026-05-08
2093502,1,0,2025-07-15
2093568,1,1,2025-03-13
2093569,8,5,2026-07-24
2093595,1,0,2025-11-07
2093694,1,1,2026-07-14
2093696,1,0,2025-10-31
2093718,1,0,2025-10-14
2093863,1,1,2026-04-24
2093875,3,3,2025-05-09
2093876,1,0,2026-03-18
2093877,6,0,2026-04-09
2093879,1,0,2025-03-03
2093887,1,1,2025-04-30
2093888,2,2,2026-08-07
2093890,1,1,2025-04-30
2093909,1,1,2026-05-12
2093927,5,2,2026-02-10
2093928,1,0,2026-07-07
2093935,1,0,2025-01-02
2093973,7,2,2026-08-26
2093989,2,0,2026-01-23
2093995,3,2,2025-12-10
2094009,3,1,2025-12-03
2094012,1,0,2026-07-22
2094145,4,1,2026-08-28
2094147,1,0,2026-07-16
2094150,1,1,2026-08-05
2094151,1,0,2026-07-15
2094154,3,0,2026-08-10
2094157,1,0,2026-02-21
2094159,2,0,2025-05-01
2094160,2,0,2025-05-01
2094161,1,0,2025-04-30
2094162,3,0,2026-02-21
2094171,3,0,2025-05-01
2094176,1,0,2025-02-03
2094177,2,0,2025-04-09
2094178,2,0,2025-10-04
2094217,1,0,2025-02-25
2094219,4,3,2026-07-27
2094221,2,0,2026-04-20
2094310,6,4,2026-08-31
2094332,9,4,2026-02-17
2094367,1,0,2026-06-09
2094385,1,0,2025-04-04
2094386,1,0,2025-04-04
2094387,1,0,2025-04-04
2094389,1,0,2025-04-04
2094499,2,1,2025-08-11
2094523,9,5,2026-06-01
2094530,2,1,2025-12-06
2094533,7,0,2026-03-27
2094549,10,0,2026-07-29
2094564,6,0,2026-07-10
2094582,14,0,2026-05-07
2094603,11,1,2026-05-11
2094606,13,6,2026-05-21
2094608,1,0,2025-08-12
2094616,4,0,2025-09-10
2094650,1,0,2025-09-22
2094661,1,0,2025-09-18
2094665,1,0,2025-01-24
2094674,1,1,2025-11-13
2094683,10,0,2026-07-28
2094691,1,0,2025-02-25
2094698,4,0,2025-10-20
2094706,9,1,2026-07-08
2094710,2,1,2025-04-01
2094729,3,0,2026-06-18
2094734,11,0,2026-06-25
2094743,2,2,2026-04-10
2094751,1,0,2025-07-24
2094758,1,0,2026-09-01
2094767,1,0,2025-01-29
2094839,3,1,2026-06-07
2094865,5,2,2026-03-26
2094877,1,0,2025-02-25
2094891,2,0,2025-11-05
2094976,7,3,2025-04-09
2095007,1,1,2026-03-31
2095042,1,0,2025-12-22
2095049,2,0,2026-01-07
2095059,1,1,2025-10-07
2095097,4,4,2025-01-23
2095141,1,0,2026-06-16
2095159,1,1,2026-03-06
2095200,3,1,2026-07-27
2095202,1,1,2026-08-13
2095208,1,0,2025-02-25
2095234,1,0,2025-10-09
2095236,2,0,2025-11-18
2095351,2,1,2026-07-16
2095365,3,0,2026-08-19
2095380,1,0,2026-02-13
2095386,1,1,2026-09-01
2095388,1,1,2026-02-11
2095390,1,0,2025-07-25
2095491,1,1,2026-05-21
2095967,5,4,2026-08-05
2096010,7,3,2026-04-06
2096013,19,0,2026-06-15
2096173,8,4,2026-05-20
2096341,1,0,2025-02-25
2096387,1,0,2025-08-07
2096419,1,0,2025-10-27
2096466,1,0,2025-02-25
2096467,1,0,2025-02-25
2096486,7,0,2026-06-15
2096490,1,0,2026-08-06
2096498,1,0,2025-02-25
2096499,1,0,2025-02-25
2096501,2,1,2025-12-22
2096537,1,1,2026-03-19
2096575,1,0,2026-02-11
2096599,1,0,2026-05-20
2096601,1,0,2026-08-31
2096606,2,1,2026-07-14
2096608,1,1,2025-10-15
2096621,1,0,2025-10-28
2096627,1,0,2025-10-28
2096637,1,0,2026-05-20
2096641,2,0,2026-04-01
2096643,1,1,2026-01-16
2096646,1,0,2025-05-28
2096661,1,0,2026-06-01
2096667,4,3,2026-06-29
2096676,1,0,2026-03-12
2096678,1,0,2025-10-17
2096682,1,0,2025-05-28
2096685,1,0,2025-10-28
2096687,1,1,2026-06-08
2096698,1,1,2026-01-16
2096703,1,1,2025-11-13
2096705,2,2,2026-07-16
2096708,1,1,2026-01-16
2096717,1,0,2025-10-21
2096720,2,1,2026-06-29
2096733,1,0,2026-05-20
2096736,1,0,2026-06-01
2096737,1,1,2025-04-14
2096744,1,0,2026-05-20
2096748,1,0,2026-05-27
2096749,1,1,2026-03-12
2096750,1,0,2025-09-24
2096757,2,0,2026-04-14
2096762,1,1,2026-06-03
2096763,1,1,2026-03-12
2096764,3,2,2026-03-12
2096768,1,1,2026-04-29
2096771,1,1,2026-03-12
2096772,1,0,2026-01-13
2096773,1,1,2026-01-16
2096775,1,1,2025-11-13
2096776,1,1,2025-11-13
2096779,1,1,2026-05-20
2096809,1,1,2025-06-23
2096820,1,1,2026-01-22
2096856,2,0,2026-04-16
2096857,1,0,2025-04-08
2096907,2,1,2026-02-25
2096912,4,0,2026-04-30
2096968,2,1,2026-05-19
2097005,1,0,2025-12-05
2097030,3,0,2026-06-15
2097038,3,0,2026-06-15
2097049,1,0,2025-04-09
2097050,5,5,2026-06-02
2097111,4,0,2026-03-25
2097112,3,0,2026-03-11
2097130,7,0,2026-04-02
2097167,2,0,2025-04-14
2097168,1,0,2025-02-25
2097169,1,0,2025-02-25
2097170,1,0,2025-02-25
2097173,8,5,2026-02-27
2097215,1,1,2026-04-17
2097236,1,0,2025-04-04
2097237,1,0,2025-04-04
2097256,2,0,2026-03-11
2097273,2,0,2025-03-20
2097277,1,0,2026-05-01
2097299,3,0,2026-03-12
2097309,1,1,2025-10-22
2097318,2,1,2025-12-11
2097322,1,0,2025-02-25
2097341,10,0,2026-05-04
2097359,1,0,2025-11-07
2097436,2,2,2025-06-05
2097437,5,2,2026-04-01
2097438,2,2,2025-06-05
2097440,1,0,2025-02-19
2097456,6,1,2026-04-06
2097466,3,3,2026-08-12
2097470,7,0,2026-04-28
2097488,2,0,2025-12-11
2097518,1,0,2025-02-13
2097550,7,5,2026-04-03
2097551,2,0,2025-05-27
2097552,4,4,2026-08-03
2097556,2,0,2026-04-14
2097571,11,0,2026-04-15
2097573,1,0,2026-03-11
2097576,6,5,2026-08-04
2097597,1,0,2025-01-17
2097742,2,2,2026-05-15
2097744,1,0,2025-11-24
2097756,1,0,2025-07-01
2097857,1,0,2025-02-25
2097864,2,0,2026-01-16
2097865,2,2,2025-09-15
2097876,1,1,2026-04-30
2097987,1,1,2025-01-15
2097990,4,0,2026-03-20
2097992,1,0,2025-02-25
2097993,4,3,2025-06-09
2098124,2,1,2025-10-27
2098174,4,2,2026-05-04
2098225,1,1,2026-06-21
2098263,1,0,2025-02-25
2098274,2,0,2025-07-01
2098317,2,0,2025-08-18
2098324,1,1,2025-02-06
2098340,1,0,2026-01-15
2098344,6,6,2026-05-01
2098380,7,0,2026-05-15
2098388,5,3,2026-05-20
2098417,1,0,2026-02-26
2098420,4,0,2026-06-30
2098457,1,0,2025-02-10
2098462,1,0,2025-01-14
2098479,3,0,2026-07-29
2098628,1,1,2025-06-03
2098632,1,1,2025-05-21
2098663,4,1,2026-04-08
2098721,9,0,2026-08-03
2098730,2,2,2026-09-02
2098785,1,1,2025-05-08
2098786,2,2,2026-04-14
2098817,1,1,2025-05-21
2098941,3,2,2026-01-12
2099004,1,1,2026-07-14
2099022,1,0,2025-06-09
2099063,1,0,2025-02-25
2099071,1,0,2025-09-05
2099138,1,0,2025-02-06
2099172,1,0,2026-05-20
2099356,14,0,2026-05-15
2099381,1,0,2025-04-08
2099384,8,4,2026-08-14
2099552,2,2,2026-03-30
2099750,2,1,2026-02-18
2099778,5,2,2026-05-26
2099804,2,1,2025-12-19
2099818,1,0,2026-07-02
2099826,2,0,2025-01-14
2099863,2,0,2025-08-18
2099991,3,2,2026-06-02
2100071,7,0,2026-07-08
2100075,4,2,2026-08-24
2100095,1,0,2026-04-20
2100100,7,1,2026-05-25
2100105,1,0,2026-04-06
2100175,2,0,2025-05-13
2100235,2,1,2026-09-01
2100240,2,0,2026-04-20
2100323,6,3,2026-07-20
2100381,3,2,2026-07-29
2100481,1,1,2026-05-11
2100816,2,0,2025-09-30
2100931,1,0,2026-04-17
2100937,1,0,2025-03-12
2100971,16,2,2026-08-21
2100984,9,0,2026-07-22
2100994,4,1,2026-02-04
2101008,1,0,2025-01-08
2101011,2,0,2026-09-01
2101013,1,0,2025-12-11
2101200,1,1,2025-02-04
2101248,1,0,2026-04-15
2101266,3,0,2026-02-17
2101324,1,0,2025-10-15
2101333,1,0,2025-04-09
2101464,3,1,2025-10-02
2101479,1,0,2025-11-24
2101573,7,0,2026-04-03
2101607,8,1,2026-03-26
2101764,1,1,2026-04-24
2101786,8,0,2026-07-15
2101787,1,0,2025-02-25
2101823,1,1,2026-08-12
2101862,2,0,2026-07-01
2102051,3,3,2025-09-24
2102056,3,3,2025-03-12
2102071,5,2,2026-08-25
2102197,3,2,2026-05-27
2102198,1,0,2025-05-05
2102206,3,0,2025-12-22
2102208,1,0,2026-08-14
2102294,1,1,2025-05-01
2102335,2,2,2025-02-16
2102353,1,1,2026-04-14
2102378,3,2,2026-05-06
2102389,2,0,2025-12-18
2102399,3,2,2025-12-30
2102474,1,0,2026-02-18
2102501,3,1,2026-07-16
2102525,3,0,2026-07-24
2102591,1,0,2025-09-04
2102640,4,1,2026-08-27
2102686,1,0,2025-03-26
2102763,1,0,2025-02-25
2102799,1,0,2025-02-25
2102924,5,2,2025-01-22
2102946,1,0,2025-04-02
2102974,1,0,2025-09-05
2103038,2,2,2025-12-03
2103139,2,1,2025-12-22
2103168,3,3,2026-04-15
2103257,3,2,2025-07-01
2103401,1,0,2025-01-29
2103409,2,0,2026-04-23
2103468,2,0,2025-01-14
2103472,6,5,2026-03-09
2103494,8,0,2026-04-28
2103509,1,0,2025-02-25
2103646,1,0,2026-01-08
2103647,1,0,2025-04-08
2103686,3,1,2025-01-21
2103726,2,0,2025-03-10
2103808,3,0,2026-03-09
2103819,1,0,2026-02-27
2103832,4,3,2026-02-02
2103863,6,1,2026-05-14
2103864,6,0,2026-03-19
2103867,9,0,2026-07-31
2103868,6,0,2026-07-30
2103869,5,0,2026-05-04
2103870,4,0,2026-04-02
2103885,1,1,2026-09-03
2103933,1,1,2026-02-11
2103953,1,0,2025-02-25
2103972,1,1,2025-02-24
2104148,1,0,2025-02-25
2104227,1,0,2025-02-25
2104247,2,1,2026-01-31
2104415,1,0,2026-05-13
2104835,1,1,2026-02-02
2104836,1,1,2026-01-12
2104947,2,0,2026-01-31
2105092,2,2,2026-03-09
2106168,4,4,2025-07-25
2106576,1,1,2025-08-06
2106746,1,1,2025-11-21
2106820,2,1,2025-03-27
2106923,1,1,2025-02-07
2106962,2,2,2026-02-17
2106963,1,1,2025-08-22
2107038,4,4,2026-04-20
2107385,2,1,2025-04-04
2107486,1,0,2025-01-13
2107539,3,0,2026-05-08
2107872,2,2,2025-04-14
2107929,1,1,2026-06-02
2108222,6,2,2026-05-07
2108738,2,1,2025-04-11
2108988,2,2,2026-06-17
2109440,2,0,2025-04-08
2109459,7,0,2026-04-10
2109464,7,2,2025-06-05
2109473,3,1,2026-08-12
2109536,2,0,2025-02-05
2109542,2,0,2025-02-06
2109584,1,0,2026-03-27
2109600,1,1,2025-02-11
2109608,1,1,2026-05-29
2109651,3,1,2026-08-11
2109662,1,0,2025-02-11
2110061,3,1,2026-01-06
2110116,1,0,2025-02-25
2110131,1,0,2026-06-30
2110145,6,4,2026-07-27
2110698,1,0,2025-01-29
2111008,1,0,2025-07-01
2111966,3,0,2026-05-22
2112572,2,0,2026-03-05
2112676,1,0,2025-02-25
2112746,2,1,2026-07-01
2112831,8,3,2026-04-07
2112832,2,0,2026-08-19
2112838,5,1,2026-03-20
2112853,7,3,2026-08-19
2112926,1,1,2026-03-14
2113025,2,0,2025-12-23
2113089,1,1,2026-06-05
2113099,2,0,2026-01-29
2113108,1,0,2025-01-09
2113109,1,1,2026-07-16
2113111,2,0,2025-12-11
2113113,3,1,2026-01-06
2113135,1,0,2026-02-02
2113137,5,1,2026-04-01
2113158,3,1,2026-04-20
2113159,2,1,2026-08-19
2113165,3,2,2026-08-12
2113257,4,1,2025-12-09
2113353,3,1,2026-02-20
2113354,5,2,2026-08-04
2113365,1,0,2026-03-02
2113376,2,1,2026-01-21
2113382,3,2,2026-06-08
2113470,1,0,2025-02-11
2113538,2,2,2026-08-12
2113628,2,2,2026-07-23
2113629,1,1,2025-07-14
2113630,8,0,2026-06-18
2113668,1,1,2026-01-20
2113690,1,0,2026-02-18
2113700,1,0,2025-02-25
2113742,2,0,2026-01-14
2113752,1,0,2025-07-15
2113756,11,2,2026-07-21
2113770,7,4,2025-11-12
2113777,3,0,2026-02-13
2113798,2,0,2025-01-08
2113836,4,0,2026-07-10
2113900,4,0,2026-05-07
2113936,2,1,2026-02-25
2113967,6,1,2026-04-07
2114004,1,1,2026-07-02
2114005,1,1,2025-10-12
2114009,2,0,2026-07-24
2114085,4,1,2026-04-06
2114107,1,0,2026-02-04
2114109,2,0,2026-02-24
2114110,2,1,2026-01-16
2114111,1,0,2025-09-08
2114112,2,1,2026-01-16
2114113,3,3,2026-03-26
2114115,2,1,2026-03-02
2114117,1,1,2025-09-19
2114118,2,1,2026-07-28
2114124,4,2,2026-07-23
2114126,4,1,2026-07-14
2114128,2,0,2026-02-11
2114129,7,2,2026-03-26
2114159,1,0,2026-03-20
2114160,1,1,2026-05-26
2114166,1,0,2026-04-21
2114223,2,2,2025-11-18
2114224,3,1,2026-05-14
2114226,1,0,2026-02-18
2114228,1,0,2025-08-28
2114243,1,0,2025-12-05
2114244,3,0,2025-12-05
2114251,1,0,2025-08-25
2114260,2,0,2026-01-08
2114272,3,0,2025-05-01
2114352,1,0,2026-05-18
2114426,4,2,2026-08-10
2114451,1,0,2025-10-17
2114452,5,5,2026-08-21
2114454,2,2,2026-06-17
2114482,2,0,2026-04-20
2114563,1,0,2025-04-25
2114608,5,1,2026-08-12
2114612,8,2,2026-07-21
2114613,4,3,2026-06-02
2114614,3,2,2026-05-21
2114617,14,10,2026-04-28
2114631,2,2,2026-02-02
2114632,2,2,2025-05-21
2114633,5,5,2026-02-02
2114643,1,0,2025-04-29
2114651,2,0,2026-01-22
2114666,2,0,2025-01-07
2114677,2,0,2026-07-02
2114794,1,0,2025-01-16
2114829,1,0,2026-08-27
2114838,1,1,2025-09-24
2114852,1,1,2026-04-01
2114883,1,0,2026-01-16
2114891,1,0,2025-01-23
2114909,2,1,2026-03-19
2114959,1,0,2026-03-16
2114971,1,0,2025-02-11
2114972,1,0,2026-08-25
2114987,2,1,2026-02-12
2115058,3,2,2025-02-19
2115071,1,0,2026-08-03
2115115,3,3,2025-04-01
2115134,1,0,2025-07-29
2115162,1,0,2026-02-13
2115208,1,1,2025-03-05
2115210,2,0,2025-01-06
2115241,8,0,2026-07-01
2115242,1,1,2025-03-30
2115273,1,0,2026-04-20
2115283,7,4,2026-02-20
2115294,1,0,2025-02-21
2115299,4,2,2026-08-10
2115452,1,1,2025-08-20
2115465,1,1,2026-05-04
2115479,1,0,2026-09-02
2115485,2,0,2026-06-24
2115504,2,0,2026-07-29
2115539,1,0,2026-01-06
2115561,1,0,2025-11-10
2115567,1,1,2025-10-16
2115595,4,0,2026-07-30
2115644,1,1,2025-08-22
2115731,1,1,2026-05-28
2115737,6,5,2026-01-20
2115738,1,0,2025-07-31
2115777,2,2,2026-04-04
2115783,4,0,2026-03-18
2115802,3,3,2026-02-12
2115806,1,1,2025-12-01
2115818,4,3,2026-07-30
2115826,1,0,2026-01-28
2115829,1,0,2025-06-26
2115831,4,0,2026-02-18
2115864,6,0,2026-04-03
2115880,1,0,2025-02-25
2115902,5,1,2026-03-17
2115914,4,3,2026-07-21
2115938,1,0,2025-09-23
2115988,1,0,2025-03-11
2115990,1,0,2025-04-08
2116005,2,0,2025-08-21
2116009,1,0,2025-01-22
2116011,1,0,2025-04-08
2116086,1,0,2025-02-25
2116089,1,0,2025-05-09
2116129,2,1,2025-02-13
2116158,8,0,2026-04-28
2116159,7,0,2026-04-27
2116160,4,0,2026-04-27
2116161,3,0,2026-04-27
2116166,1,0,2026-03-19
2116169,1,1,2026-07-20
2116171,1,1,2025-12-15
2116192,3,0,2026-04-20
2116205,8,1,2026-03-30
2116208,2,1,2025-10-27
2116212,2,2,2026-07-01
2116216,1,1,2025-02-06
2116220,5,4,2025-12-24
2116222,9,1,2026-04-10
2116227,4,2,2026-07-30
2116260,1,0,2025-04-08
2116288,1,1,2026-05-19
2116375,1,0,2025-01-29
2116381,1,1,2025-12-15
2116414,8,0,2026-04-15
2116415,1,0,2025-04-08
2116419,1,0,2025-12-17
2116430,1,1,2025-05-19
2116450,5,5,2026-08-13
2116495,1,0,2026-01-09
2116550,5,4,2025-05-06
2116585,1,0,2025-11-24
2116609,2,0,2025-04-02
2116616,2,0,2026-05-19
2116624,3,2,2026-02-27
2116636,1,0,2025-02-25
2116641,1,1,2025-10-15
2116644,4,0,2026-06-04
2116646,5,1,2026-05-06
2116647,1,0,2026-08-13
2116648,3,1,2026-06-05
2116700,1,0,2026-07-22
2116711,6,5,2026-02-10
2116875,1,0,2025-01-08
2116920,2,1,2026-05-06
2116936,1,0,2026-04-20
2116939,1,0,2025-02-11
2116953,2,0,2026-05-29
2116966,2,0,2025-04-14
2116976,3,0,2026-04-14
2116977,2,2,2026-05-06
2116983,1,0,2026-07-06
2117009,4,3,2026-02-10
2117109,1,0,2025-02-25
2117111,4,3,2026-07-01
2117112,16,2,2026-09-01
2117115,1,1,2025-10-10
2117123,3,2,2025-12-10
2117154,2,0,2025-03-31
2117215,1,1,2026-02-24
2117253,13,5,2026-05-27
2117255,1,0,2025-07-01
2117318,4,3,2025-07-10
2117333,2,0,2025-11-20
2117344,1,1,2026-07-23
2117349,4,0,2026-03-31
2117356,2,1,2026-08-12
2117371,1,0,2026-07-23
2117406,6,0,2026-02-12
2117409,4,1,2026-05-14
2117466,2,0,2025-12-17
2117467,1,0,2025-02-25
2117468,1,0,2025-02-25
2117499,2,0,2025-12-18
2117516,1,0,2025-02-25
2117544,1,1,2026-02-17
2117588,1,0,2025-04-04
2117591,3,3,2026-05-22
2117625,3,1,2026-06-12
2117654,4,0,2026-08-24
2117655,10,4,2026-08-17
2117659,3,2,2025-11-06
2117663,10,0,2026-05-11
2117664,4,0,2026-04-15
2117666,11,0,2026-05-06
2117667,3,0,2026-05-26
2117673,1,1,2025-08-28
2117692,4,4,2026-07-21
2117693,9,1,2026-08-31
2117694,3,2,2026-08-28
2117696,2,0,2026-08-07
2117731,1,1,2026-02-05
2117792,2,1,2026-08-20
2117804,1,0,2025-03-04
2117805,15,10,2026-08-26
2117837,11,3,2026-06-04
2117874,2,2,2025-03-05
2117934,1,0,2025-02-25
2117938,2,2,2026-03-19
2117939,2,2,2025-12-08
2117940,1,0,2025-02-25
2117956,1,0,2026-06-26
2117976,5,0,2026-02-10
2117982,3,0,2026-05-26
2117983,2,2,2026-08-20
2118006,3,1,2026-06-16
2118012,7,0,2026-07-30
2118020,3,0,2026-08-20
2118175,3,2,2026-06-11
2118185,1,0,2025-11-14
2118202,1,0,2026-08-26
2118205,1,0,2025-05-21
2118235,1,0,2025-04-08
2118237,2,1,2026-01-16
2118245,7,7,2026-08-19
2118253,1,0,2025-02-25
2118254,7,0,2026-05-15
2118255,4,1,2025-07-28
2118297,3,3,2026-03-11
2118328,1,1,2026-01-14
2118334,1,1,2026-04-24
2118365,1,1,2026-02-18
2118366,9,0,2026-08-03
2118385,1,0,2025-10-14
2118395,1,0,2025-02-25
2118405,4,3,2026-07-06
2118406,1,1,2026-06-08
2118428,1,1,2025-08-04
2118481,1,0,2025-02-25
2118523,2,0,2025-01-13
2118652,1,1,2026-07-15
2118886,1,0,2026-04-13
2118946,2,1,2025-05-29
2118954,3,1,2025-08-04
2118955,2,1,2025-12-13
2118990,1,1,2026-01-15
2119099,1,0,2026-03-17
2119179,1,0,2025-07-01
2119193,1,0,2025-12-30
2119255,1,0,2025-04-08
2119382,1,0,2025-09-11
2119403,2,1,2026-07-30
2119434,2,2,2025-10-31
2119684,3,0,2026-06-15
2119722,1,0,2025-12-30
2119734,2,0,2026-01-08
2120055,1,1,2025-11-19
2120058,3,2,2025-12-11
2120085,2,0,2026-07-31
2120102,1,0,2026-07-23
2120131,1,1,2025-12-06
2120158,1,1,2025-12-15
2120164,4,2,2026-04-27
2120178,1,0,2025-08-29
2120196,1,0,2025-02-25
2120241,3,1,2026-01-14
2120266,4,3,2026-08-04
2120352,3,0,2026-08-05
2120355,4,2,2026-04-20
2120357,2,2,2025-10-27
2120359,1,1,2026-08-13
2120388,1,0,2025-02-13
2120437,7,7,2026-08-05
2120470,2,1,2026-04-01
2120514,3,1,2026-04-14
2120541,2,2,2025-05-08
2120775,2,1,2025-06-13
2120979,4,2,2025-10-21
2121125,1,0,2025-02-25
2121129,1,0,2025-02-25
2121146,1,0,2025-02-25
2121209,2,0,2026-03-02
2121222,5,5,2025-04-28
2121312,7,0,2026-01-13
2121917,4,4,2026-07-22
2122048,2,1,2025-04-04
2122570,4,4,2026-06-20
2122808,4,4,2026-07-07
2123229,1,1,2026-06-02
2123364,1,0,2026-08-14
2123412,2,0,2025-08-22
2123515,3,1,2026-02-13
2123662,3,1,2025-12-11
2123941,1,0,2026-02-17
2124276,1,0,2025-09-11
2124285,3,1,2025-12-12
2124365,4,3,2025-08-08
2124398,1,0,2025-02-25
2124406,2,1,2025-02-03
2124433,1,1,2026-08-19
2124434,4,1,2025-08-30
2124470,7,5,2026-03-02
2124477,12,8,2026-03-10
2124480,1,0,2025-02-25
2124482,2,0,2026-04-23
2124487,1,1,2026-01-16
2124490,2,1,2026-05-26
2124526,2,0,2026-07-21
2124546,1,0,2026-05-18
2124548,11,0,2026-04-09
2124550,4,0,2025-12-30
2124607,1,0,2025-04-08
2124650,1,1,2026-04-22
2124656,1,0,2026-05-22
2124684,3,0,2026-08-26
2124686,5,3,2026-09-01
2124693,3,2,2026-03-13
2124695,1,1,2026-02-05
2124699,3,0,2025-04-08
2124702,1,0,2025-05-23
2124704,2,0,2025-07-18
2124706,6,2,2026-03-16
2124721,1,1,2025-10-08
2124765,2,2,2026-04-16
2124827,1,1,2026-08-20
2124984,1,0,2026-02-24
2124988,4,0,2026-02-02
2125611,1,0,2026-04-06
2126385,3,2,2025-05-30
2126461,1,1,2026-04-28
2126536,3,3,2026-02-14
2126567,1,0,2025-02-25
2126584,1,0,2026-07-23
2126620,3,0,2026-06-04
2126957,1,0,2025-02-25
2126987,1,0,2026-09-03
2127011,2,0,2026-03-07
2127018,2,2,2026-06-22
2127027,2,0,2026-05-14
2127034,2,0,2025-03-19
2127041,3,3,2026-02-24
2127042,1,0,2025-04-23
2127046,1,0,2026-05-13
2127104,1,0,2026-01-22
2127129,2,1,2025-06-03
2127134,3,3,2025-10-22
2127143,1,0,2026-06-15
2127148,4,1,2025-01-30
2127259,2,2,2026-09-03
2127265,5,0,2025-09-29
2127266,5,0,2025-09-29
2127282,2,1,2025-07-11
2127284,2,1,2026-06-12
2127288,7,0,2026-05-05
2127293,5,4,2026-04-16
2127297,1,1,2025-12-15
2127300,2,1,2026-03-12
2127301,1,0,2025-07-24
2127324,12,4,2026-06-18
2127327,1,0,2025-04-08
2127407,1,0,2026-05-29
2127427,1,0,2026-01-12
2127429,1,0,2026-02-27
2127436,3,1,2026-07-07
2127446,1,1,2025-05-19
2127465,3,1,2026-02-12
2127501,1,0,2025-07-28
2127549,1,0,2026-04-16
2127594,1,1,2026-08-24
2127782,2,0,2026-08-18
2127879,1,1,2025-02-21
2127886,3,3,2025-08-18
2127893,3,3,2026-02-14
2127894,3,3,2026-02-14
2127904,3,0,2026-04-03
2127944,7,3,2026-02-24
2128000,3,0,2026-04-02
2128018,2,1,2025-02-14
2128205,6,3,2026-03-05
2128231,3,2,2026-08-24
2128324,1,1,2025-08-14
2128325,1,1,2026-01-27
2128332,5,4,2026-07-09
2128343,1,0,2026-04-01
2128358,3,2,2025-06-09
2128374,3,0,2026-08-07
2128388,6,6,2025-08-18
2128396,3,1,2026-01-09
2128398,1,0,2026-09-03
2128499,3,1,2026-04-17
2128501,1,0,2025-12-29
2128520,1,1,2026-01-27
2128521,1,0,2026-01-12
2128546,1,0,2026-02-02
2128553,1,0,2026-08-19
2128562,2,0,2026-08-24
2128570,2,0,2025-12-09
2128643,2,2,2025-10-27
2128647,1,0,2026-08-07
2128648,4,2,2026-07-14
2128675,1,1,2026-04-30
2128676,17,5,2025-10-08
2128688,1,1,2025-05-08
2128690,2,0,2026-01-15
2128691,5,1,2026-08-06
2128697,2,0,2026-06-26
2128698,1,0,2026-04-20
2128701,7,4,2026-03-27
2128704,5,4,2026-08-20
2128714,3,1,2026-07-14
2128716,1,1,2025-06-07
2128726,5,3,2026-08-25
2128727,1,0,2025-04-08
2128732,4,1,2025-08-11
2128733,4,2,2026-04-02
2128795,1,0,2026-04-04
2128891,1,1,2026-04-22
2128895,3,1,2026-02-19
2128908,2,0,2025-01-27
2128909,5,1,2026-02-03
2128910,2,1,2026-04-30
2128915,1,1,2025-01-06
2128919,1,0,2025-10-31
2128937,12,5,2026-06-02
2128940,2,1,2026-04-30
2128964,1,0,2025-10-06
2128965,1,0,2025-01-08
2128970,3,1,2026-03-02
2128971,2,1,2026-08-10
2128977,1,0,2025-08-18
2128999,1,0,2025-04-08
2129001,4,1,2026-05-28
2129002,1,1,2026-02-20
2129011,2,1,2026-08-03
2129012,1,1,2025-04-22
2129057,24,9,2026-02-02
2129069,1,0,2026-04-08
2129071,3,2,2026-05-27
2129079,3,1,2025-03-28
2129091,1,0,2025-11-13
2129097,1,0,2026-07-23
2129109,1,1,2026-03-13
2129112,3,1,2026-04-09
2129118,1,0,2025-11-21
2129122,4,0,2026-07-13
2129132,1,0,2026-01-30
2129143,3,1,2026-02-12
2129145,10,3,2025-05-21
2129154,1,0,2026-07-21
2129166,1,0,2026-04-28
2129167,1,0,2025-06-09
2129168,4,0,2026-01-07
2129169,1,0,2026-01-07
2129171,3,2,2025-07-03
2129176,2,0,2025-09-16
2129177,9,2,2026-05-26
2129180,1,1,2025-05-06
2129187,7,1,2026-08-08
2129193,4,0,2026-06-25
2129194,5,1,2026-08-31
2129202,4,3,2026-08-19
2129224,3,2,2026-04-17
2129225,7,0,2026-06-10
2129230,2,1,2026-02-04
2129231,3,2,2026-08-26
2129243,1,0,2025-05-30
2129246,2,0,2026-03-19
2129248,8,0,2026-05-05
2129250,1,0,2026-05-04
2129261,3,2,2026-08-12
2129267,3,0,2026-08-26
2129268,1,1,2026-04-30
2129275,4,3,2026-08-26
2129283,1,1,2025-05-15
2129299,4,4,2025-08-14
2129308,5,2,2026-03-24
2129309,2,0,2026-03-30
2129313,2,2,2026-03-17
2129319,1,1,2026-06-09
2129335,1,0,2025-04-22
2129340,1,0,2025-02-25
2129341,1,0,2026-02-22
2129351,1,0,2025-11-12
2129352,6,4,2026-08-26
2129357,2,0,2026-09-02
2129363,2,2,2026-01-21
2129366,1,0,2026-01-06
2129375,1,1,2025-05-27
2129383,1,0,2026-02-05
2129393,1,0,2026-07-01
2129402,1,0,2025-07-16
2129428,1,0,2026-05-12
2129466,1,1,2025-04-01
2129467,2,1,2026-01-12
2129478,3,1,2025-12-29
2129480,2,0,2026-04-06
2129483,12,3,2026-08-10
2129572,1,0,2026-06-03
2129600,4,0,2026-04-06
2129611,1,1,2026-08-17
2129624,1,0,2026-06-25
2129638,2,0,2026-08-25
2129640,5,2,2026-08-19
2129643,1,0,2025-05-27
2129651,1,0,2026-05-04
2129653,1,1,2026-08-10
2129660,10,10,2025-08-27
2129665,1,0,2026-01-20
2129669,9,0,2026-04-23
2129679,1,0,2026-04-08
2129684,1,0,2026-05-01
2129689,1,0,2026-02-09
2129693,4,1,2026-01-09
2129694,2,1,2026-05-18
2129717,4,1,2026-03-16
2129719,1,0,2025-03-05
2129722,1,1,2026-05-05
2129723,2,0,2026-05-05
2129725,1,0,2026-01-16
2129729,1,0,2025-05-19
2129745,1,0,2025-12-18
2129757,1,0,2026-07-10
2129785,1,1,2025-04-21
2129786,1,1,2025-07-25
2129793,2,1,2025-12-29
2129794,18,8,2026-07-01
2129795,12,7,2025-09-07
2129799,9,3,2026-02-26
2129804,1,0,2026-01-06
2129805,8,3,2025-09-20
2129806,1,0,2025-04-23
2129807,9,4,2025-09-13
2129811,3,1,2025-10-04
2129813,3,2,2025-11-05
2129814,1,1,2025-01-02
2129815,9,0,2026-07-15
2129817,3,1,2025-12-21
2129820,1,0,2026-04-28
2129823,1,0,2026-07-22
2130342,4,0,2025-09-15
2130344,23,13,2026-08-01
2130346,2,0,2026-07-22
2130348,2,1,2026-01-15
2130350,1,0,2026-03-10
2130360,7,2,2026-06-24
2130367,6,0,2026-03-19
2130370,1,0,2025-04-08
2130371,20,12,2026-06-30
2130373,14,5,2026-07-18
2130391,1,0,2025-09-11
2130434,1,1,2025-02-11
2130439,4,3,2025-10-20
2130442,1,1,2025-12-21
2130443,1,1,2025-06-23
2130448,1,0,2026-08-18
2130449,3,1,2026-09-02
2130466,3,1,2025-03-26
2130473,1,0,2025-03-24
2130477,1,0,2025-12-26
2130501,1,0,2025-01-16
2130506,7,3,2025-11-10
2130509,2,0,2026-08-04
2130516,11,4,2026-07-28
2130518,13,5,2026-02-22
2130521,1,0,2026-06-24
2130531,5,2,2026-06-30
2130537,2,1,2026-02-17
2130543,11,6,2026-04-28
2130545,1,0,2026-01-13
2130547,2,1,2026-02-06
2130559,2,0,2025-09-08
2130560,8,3,2025-10-30
2130564,3,1,2025-11-11
2130570,1,0,2025-05-29
2130578,7,2,2026-02-17
2130579,2,1,2025-05-27
2130580,1,0,2025-09-26
2130587,15,7,2026-06-14
2130588,1,0,2025-05-12
2130589,6,4,2026-08-27
2130592,2,1,2026-01-15
2130596,5,0,2025-10-28
2130597,2,2,2025-08-15
2130598,3,0,2026-07-29
2130601,1,0,2025-01-29
2130603,1,0,2025-02-17
2130614,1,1,2025-09-17
2130621,10,4,2026-05-09
2130624,1,0,2025-03-16
2130625,6,0,2025-10-27
2130628,1,0,2026-03-24
2130645,1,0,2026-07-07
2130655,1,1,2026-08-30
2130665,1,0,2025-05-27
2130669,3,0,2026-07-17
2130670,1,0,2026-07-23
2130671,1,0,2026-05-12
2130695,1,1,2026-07-21
2130707,1,0,2025-11-13
2130720,1,0,2025-03-16
2130721,1,1,2025-05-08
2130723,7,2,2026-05-14
2130730,3,2,2025-02-28
2130738,1,0,2025-05-01
2130749,18,9,2026-07-20
2130750,5,1,2026-07-21
2130754,3,1,2025-09-20
2130756,2,1,2026-04-09
2130757,1,1,2026-05-14
2130763,1,1,2026-09-04
2130777,8,3,2026-02-17
2130783,4,0,2025-12-03
2130787,1,0,2025-05-22
2130790,5,1,2026-08-06
2130800,2,0,2025-04-18
2130803,6,1,2025-09-20
2130806,3,0,2026-07-21
2130830,9,2,2026-07-21
2130831,1,0,2025-02-17
2130846,10,3,2025-07-29
2130854,1,0,2025-05-24
2130856,4,2,2026-06-14
2130858,2,1,2026-08-12
2130862,2,1,2025-03-04
2130863,1,1,2026-05-05
2130865,1,1,2025-08-29
2130871,1,1,2026-06-08
2130874,1,0,2025-04-10
2130878,2,1,2025-12-26
2130879,1,0,2025-01-21
2130886,3,1,2025-09-07
2130888,2,0,2025-08-06
2130890,3,0,2025-07-17
2130893,4,2,2026-08-29
2130900,2,0,2025-08-09
2130903,9,0,2026-07-30
2130911,2,0,2025-04-04
2130923,4,1,2026-03-19
2130932,21,6,2026-08-27
2130934,1,1,2025-10-27
2130935,1,1,2025-10-27
2130938,1,0,2025-01-13
2130939,4,1,2025-08-09
2130941,2,1,2026-01-17
2130944,2,0,2026-08-27
2130945,3,2,2026-01-12
2130952,1,0,2026-07-21
2130956,2,0,2025-12-15
2130961,1,1,2025-08-18
2130969,2,0,2026-06-30
2130980,3,1,2026-04-17
2130981,1,0,2026-06-25
2130985,5,1,2025-10-04
2130988,3,1,2025-03-17
2130992,2,0,2026-08-08
2130993,4,4,2026-07-28
2130996,1,0,2025-02-25
2130998,2,0,2026-04-22
2131001,9,3,2026-06-14
2131004,2,1,2025-06-06
2131005,2,0,2025-06-06
2131006,3,0,2025-09-24
2131007,1,0,2025-12-04
2131008,2,1,2025-07-05
2131012,2,2,2026-09-04
2131016,4,3,2025-10-18
2131017,5,2,2025-04-03
2131018,3,0,2026-01-04
2131024,3,0,2025-10-29
2131028,1,0,2025-07-01
2131029,6,4,2026-03-24
2131031,1,0,2025-07-31
2131032,1,0,2026-08-29
2131039,6,3,2026-03-06
2131040,6,3,2026-03-06
2131042,1,0,2025-06-03
2131044,3,0,2026-08-06
2131048,1,0,2025-11-05
2131054,1,0,2026-03-23
2131056,2,1,2025-01-16
2131060,1,1,2025-03-03
2131061,7,5,2025-10-18
2131064,7,3,2026-04-06
2131075,9,4,2026-03-28
2131077,7,1,2026-04-02
2131084,1,0,2025-04-04
2131087,16,4,2026-08-19
2131095,1,0,2026-07-21
2131099,1,0,2025-07-05
2131110,3,1,2025-07-14
2131114,1,0,2026-08-06
2131117,2,1,2025-06-02
2131120,14,6,2025-12-26
2131121,1,0,2026-03-16
2131131,12,4,2026-09-08
2131132,1,0,2026-07-29
2131137,7,3,2026-08-10
2131139,6,0,2026-08-13
2131141,8,2,2026-07-28
2131143,1,0,2025-12-20
2131144,1,1,2025-12-31
2131145,9,4,2026-08-14
2131146,3,2,2026-08-21
2131151,6,2,2026-08-05
2131152,4,2,2026-01-09
2131153,1,0,2026-08-14
2131157,3,3,2025-02-11
2131160,3,0,2025-05-16
2131165,1,1,2026-02-27
2131166,1,1,2026-04-14
2131172,1,1,2025-10-20
2131174,1,0,2026-06-01
2131182,2,0,2026-03-13
2131188,1,0,2025-12-08
2131192,8,2,2026-03-04
2131194,2,2,2026-07-20
2131195,14,6,2026-08-13
2131225,5,0,2026-08-14
2131228,3,1,2026-07-28
2131233,11,4,2026-07-07
2131234,2,0,2025-02-11
2131246,2,0,2026-05-07
2131256,6,4,2025-09-15
2131258,6,2,2026-03-28
2131259,1,0,2025-03-18
2131268,2,1,2025-07-24
2131270,3,1,2026-03-17
2131277,5,3,2026-03-16
2131279,13,5,2026-06-11
2131299,7,3,2025-03-31
2131300,7,5,2025-07-12
2131304,6,5,2025-12-28
2131307,2,2,2025-11-26
2131308,2,1,2025-08-28
2131309,1,0,2026-06-17
2131310,4,2,2025-10-18
2131315,9,5,2026-08-05
2131318,3,1,2025-08-30
2131331,3,2,2025-03-13
2131339,2,1,2025-07-22
2131340,3,0,2025-12-29
2131341,3,1,2025-09-27
2131348,4,1,2025-04-24
2131349,1,0,2026-02-07
2131350,2,2,2026-07-17
2131353,4,0,2026-06-07
2131356,8,1,2026-08-25
2131358,7,3,2026-09-08
2131373,16,3,2026-07-28
2131375,5,2,2026-06-11
2131376,6,4,2026-04-21
2131377,3,1,2026-07-13
2131380,6,2,2026-09-09
2131381,2,0,2026-08-20
2131382,1,0,2026-08-27
2131383,1,0,2026-04-15
2131387,2,2,2026-07-06
2131388,3,2,2026-07-29
2131392,3,0,2026-07-23
2131394,11,4,2026-09-09
2131396,1,0,2026-08-26
2800836,2,1,2026-02-20
2801571,6,0,2026-03-06
2801756,1,1,2026-04-28
2802349,2,1,2026-08-04
2803616,14,6,2026-03-04
2803617,1,1,2025-09-26
2803755,1,0,2026-08-26
2804480,1,0,2026-03-13
2805203,15,8,2026-03-16
2805529,1,1,2025-10-22
2805793,11,6,2026-07-10
2806382,10,1,2026-08-19
2806493,1,0,2026-04-14
2806569,1,0,2025-02-06
2807288,3,0,2025-07-17
2807313,3,0,2025-07-22
2808067,2,0,2026-03-11
2808367,1,0,2025-04-04
2808411,1,1,2026-05-06
2809085,1,0,2026-04-06
2809184,3,0,2026-04-13
2809248,2,1,2026-03-16
2809436,19,7,2026-02-24
2809523,2,1,2026-08-26
2809614,3,1,2026-08-26
2810123,19,5,2026-06-11
2810906,3,3,2026-08-06
2812213,7,4,2026-07-01
2812414,7,2,2026-08-03
2812692,1,0,2025-11-17
2813360,1,0,2025-09-12
2813570,1,1,2026-02-06
2813944,6,1,2026-05-19
2814319,3,0,2026-02-09
2814335,1,0,2026-05-11
2815391,4,3,2026-02-18
2815468,5,1,2025-11-28
2815687,7,2,2025-12-29
2816467,7,2,2026-05-23
2816605,1,0,2026-02-21
2816743,34,18,2026-06-23
2816801,7,3,2026-08-12
2816923,2,2,2026-05-04
2817480,2,2,2025-12-29
2817580,1,0,2025-01-03
2817636,1,0,2025-12-03
2817643,3,0,2026-07-05
2817891,3,0,2025-09-25
2818411,9,1,2026-06-14
2818829,1,0,2026-04-21
2818830,8,5,2026-08-27
2820145,2,2,2025-12-15
2822558,3,3,2026-08-06
2823120,1,0,2026-04-13
2823631,1,1,2025-04-17
2824287,12,4,2026-05-01
2824651,4,2,2026-04-27
2829458,4,2,2025-12-15
2830370,2,2,2026-07-06
2830414,2,0,2025-03-06
2830528,2,1,2026-05-05
2831488,1,0,2025-08-08
2831766,1,0,2025-02-10
2831929,4,0,2026-05-21
2834260,2,1,2025-05-29
2834378,2,1,2025-11-24
3000010,1,1,2025-05-21
3000014,3,1,2026-08-11
3000018,1,0,2025-03-06
3000026,1,1,2025-04-23
3000064,3,2,2026-04-06
3000073,12,10,2026-04-24
3000088,1,1,2025-02-14
3000090,1,0,2025-09-05
3000091,1,0,2025-01-08
3000092,1,0,2025-01-29
3000098,1,1,2025-09-04
3000116,1,0,2025-04-08
3000163,3,0,2026-01-27
3000178,4,1,2026-08-14
3000179,3,2,2026-04-07
3000191,8,5,2026-02-16
3000216,1,0,2026-01-30
3000250,2,1,2025-06-04
3000251,3,2,2026-05-12
3000259,1,1,2025-01-09
3000260,2,0,2026-08-18
3000304,9,8,2026-09-09
3000324,2,0,2026-04-20
3000339,1,0,2025-05-02
3000370,10,5,2026-08-28
3000396,1,0,2025-03-18
3000398,2,0,2025-07-26
3000404,3,0,2026-02-26
3000412,3,1,2026-01-15
3000421,1,0,2026-08-25
3000429,5,0,2025-08-28
3000435,1,0,2025-02-06
3000440,1,0,2025-08-26
3000449,2,0,2025-09-05
3000454,3,1,2025-03-19
3000455,2,2,2026-07-29
3000479,5,0,2025-09-23
3000487,1,0,2026-04-06
3000489,7,2,2026-09-10
3000497,3,2,2025-10-01
3000519,8,4,2025-05-07
3000533,2,0,2026-02-03
3000543,1,1,2025-04-23
3000556,1,0,2025-06-10
3000567,8,0,2026-02-02
3000605,31,22,2026-08-25
3000630,1,0,2025-09-15
3000641,1,0,2025-10-22
3000651,1,0,2025-04-10
3000655,1,0,2026-09-08
3000704,2,1,2026-09-04
3000716,5,2,2025-07-24
3000736,3,2,2026-08-20
3000753,4,2,2025-12-26
3000832,2,1,2025-09-25
3000839,3,2,2026-01-16
3000936,2,0,2025-08-14
3000979,1,1,2025-11-24
3000981,2,0,2025-12-01
3000987,2,0,2025-10-06
3001007,1,0,2026-03-12
3001012,2,0,2026-08-25
3001020,2,0,2026-02-26
3001030,3,1,2025-09-09
3001038,1,0,2025-09-23
3001060,1,1,2025-08-08
3001070,9,0,2026-02-05
3001129,1,1,2026-04-06
3001130,4,3,2026-08-14
3001152,5,4,2026-05-13
3001160,8,5,2025-12-05
3001164,2,2,2026-08-19
3001183,9,0,2026-02-11
3001189,12,0,2026-02-03
3001190,1,0,2025-03-19
3001220,3,1,2025-12-24
3001221,1,0,2026-04-02
3001238,2,0,2025-07-17
3001244,4,3,2026-07-16
3001276,3,3,2026-07-23
3001297,1,0,2026-05-22
3001434,1,1,2026-01-20
3001441,1,0,2026-03-19
3001444,1,0,2025-10-09
3001453,1,0,2025-09-22
3001460,2,0,2026-04-27
3001540,3,0,2026-02-05
3001548,5,1,2026-04-20
3001565,5,1,2025-12-16
3001566,1,0,2025-05-22
3001604,2,2,2025-08-27
3001617,1,0,2025-11-24
3001640,2,1,2026-08-25
3001646,2,1,2025-04-20
3001673,2,1,2025-06-05
3001680,2,0,2026-06-09
3001695,1,0,2026-07-02
3001703,2,0,2025-01-29
3001704,1,0,2026-09-08
3001726,7,2,2025-10-24
3001744,1,0,2025-10-02
3001775,5,0,2025-07-16
3001826,1,0,2025-10-02
3001837,1,0,2025-12-24
3001864,2,2,2025-10-31
3001882,1,0,2025-01-29
3001900,2,1,2026-04-20
3001911,3,1,2026-07-28
3001915,1,0,2025-05-29
3001917,2,0,2025-03-14
3001937,2,0,2026-08-29
3001945,1,1,2026-08-19
3001968,1,0,2025-08-14
3001975,6,4,2025-02-10
3001979,2,1,2026-03-02
3001980,3,0,2025-10-08
3001982,1,1,2025-06-10
3001986,8,8,2025-04-04
3002007,1,0,2026-03-25
3002036,1,0,2025-07-01
3002054,2,1,2026-04-02
3002059,1,0,2025-05-13
3002077,16,8,2025-10-09
3002079,13,0,2026-07-27
3002080,1,0,2025-02-14
3002088,5,1,2025-10-03
3002093,1,0,2025-09-04
3002094,3,0,2026-06-14
3002095,2,0,2025-04-22
3002105,2,1,2026-06-12
3002108,2,2,2025-06-05
3002166,3,0,2026-02-25
3002169,2,0,2026-02-25
3002210,1,0,2025-09-15
3002222,2,0,2025-10-09
3002240,2,1,2025-10-07
3002261,17,13,2026-07-24
3002275,1,1,2025-01-15
3002325,3,2,2025-02-27
3002360,2,1,2025-05-15
3002414,1,1,2025-05-19
3002485,2,1,2025-09-26
3002504,1,0,2025-06-10
3002538,1,0,2025-11-21
3002539,1,0,2026-04-13
3002548,1,1,2025-08-15
3002555,4,2,2026-08-05
3002557,1,0,2025-03-17
3002558,5,3,2026-07-24
3002562,2,2,2025-10-08
3002568,1,1,2025-12-29
3002585,1,0,2025-07-10
3002591,2,0,2025-05-14
3002632,1,0,2026-02-26
3002634,4,0,2025-03-04
3002636,1,0,2025-01-22
3002646,1,0,2025-02-11
3002654,1,0,2025-07-01
3002665,3,0,2025-02-10
3002706,8,4,2025-07-26
3002734,1,1,2026-06-08
3002739,1,1,2025-10-06
3002771,2,0,2025-02-20
3002773,1,1,2026-08-06
3002795,4,2,2025-06-10
3002799,3,1,2025-11-28
3002829,1,0,2025-02-04
3002846,1,1,2026-03-24
3002949,3,1,2025-08-13
3002965,1,0,2025-12-09
3002983,1,1,2025-10-15
3002988,2,2,2026-04-28
3003016,1,1,2025-03-07
3003064,7,7,2025-12-09
3003103,1,0,2026-07-14
3003112,1,0,2025-01-06
3003123,1,0,2025-07-23
3003130,1,1,2025-12-09
3003141,1,0,2025-01-06
3003169,1,0,2025-02-11
3003171,1,1,2025-07-01
3003172,1,0,2025-05-06
3003206,1,1,2026-06-01
3003273,1,0,2025-02-20
3003275,1,1,2025-08-13
3003314,2,1,2025-11-19
3003315,1,0,2025-12-10
3003371,1,1,2026-03-19
3003379,5,5,2026-03-18
3003386,1,0,2025-06-20
3003408,1,1,2025-08-11
3003414,2,0,2025-08-16
3003415,8,1,2025-08-16
3003416,8,1,2025-08-16
3003417,1,0,2026-06-24
3003418,5,1,2025-08-12
3003420,2,1,2025-11-17
3003422,2,0,2025-08-19
3003444,2,1,2026-04-30
3003451,1,1,2025-04-29
3003463,1,0,2025-12-03
3003468,1,0,2025-02-11
3003469,4,0,2026-02-25
3003473,2,1,2026-04-14
3003538,1,0,2025-02-11
3003549,4,4,2025-12-10
3003561,2,1,2025-03-03
3003562,5,3,2025-12-11
3003569,1,0,2025-01-29
3003576,1,0,2025-03-11
3003578,1,0,2025-11-14
3003584,1,0,2025-01-28
3003679,2,0,2025-12-11
3003680,1,0,2025-02-11
3003682,1,1,2026-08-22
3003701,3,0,2025-05-16
3003725,2,0,2025-10-24
3003731,1,0,2025-02-25
3003789,3,0,2026-08-21
3003888,1,0,2025-10-07
3003889,3,1,2026-07-16
3003890,2,1,2026-07-21
3003968,1,0,2025-04-21
3004012,1,1,2026-08-19
3004028,1,0,2025-12-11
3004048,1,1,2025-12-09
3004061,1,1,2025-03-31
3004078,1,0,2025-10-14
3004079,2,1,2025-10-14
3004080,1,0,2025-10-14
3004090,1,1,2025-12-11
3004093,1,0,2026-02-02
3004121,1,1,2025-11-03
3004153,2,0,2025-04-18
3004154,1,0,2025-01-07
3004167,1,0,2025-06-18
3004204,1,0,2025-12-11
3004220,1,0,2025-04-29
3004232,2,1,2025-12-12
3004243,3,1,2025-12-12
3004252,2,0,2025-06-20
3004254,1,0,2025-05-18
3004281,1,0,2025-01-29
3004293,4,0,2025-11-10
3004298,8,5,2025-11-10
3004321,2,1,2026-08-04
3004334,1,0,2025-04-11
3004369,1,0,2025-05-28
3004447,1,0,2025-01-06
3004462,10,3,2025-12-12
3004465,2,0,2025-08-18
3004476,1,1,2025-09-12
3004504,9,7,2025-10-24
3004505,1,0,2025-08-08
3004508,1,0,2025-02-07
3004510,1,0,2025-09-16
3004541,1,0,2026-08-27
3004582,1,0,2025-01-03
3004758,7,7,2025-11-21
3004802,1,0,2025-02-11
3004803,1,0,2025-04-16
3004820,2,2,2026-01-15
3004838,1,0,2025-05-28
3004855,3,2,2025-03-21
3004958,1,0,2026-03-19
3005005,1,0,2025-04-16
3005058,1,0,2025-01-18
3005073,1,1,2025-08-29
3005074,2,0,2026-06-01
3005079,1,1,2026-06-05
3005091,1,0,2025-05-28
3005095,2,2,2026-03-31
3005142,1,0,2026-05-29
3005147,2,2,2025-01-23
3005151,1,0,2025-03-14
3005180,7,5,2026-01-02
3005182,2,0,2025-12-30
3005231,1,0,2025-08-19
3005329,1,0,2025-09-15
3005343,2,0,2025-04-14
3005403,2,1,2026-07-14
3005441,1,0,2025-12-10
3005461,5,2,2026-08-17
3005481,1,1,2026-02-06
3005487,5,5,2026-04-15
3005498,18,7,2026-09-03
3005499,1,0,2025-01-22
3005612,11,10,2026-04-30
3005624,1,1,2026-04-22
3005630,7,7,2025-11-24
3005643,1,1,2026-04-02
3005693,4,2,2025-12-16
3005706,2,2,2025-11-13
3005795,2,1,2025-10-09
3005819,4,0,2026-04-06
3005823,6,1,2026-04-10
3005845,1,0,2025-06-18
3005920,3,2,2025-02-10
3005938,1,0,2025-07-28
3005966,1,1,2025-12-13
3005967,9,6,2026-01-22
3006005,1,1,2025-09-07
3006083,1,0,2025-12-11
3006088,7,2,2026-04-21
3006098,1,0,2026-01-07
3006099,1,0,2026-01-02
3006138,1,0,2025-01-03
3006143,1,1,2025-07-02
3006277,1,0,2026-08-18
3006300,2,0,2025-12-16
3006309,1,0,2025-02-06
3006312,1,0,2025-09-10
3006318,1,0,2025-02-03
3006356,3,0,2026-04-06
3006385,1,1,2026-07-07
3006392,1,0,2025-04-08
3006401,5,0,2026-04-07
3006403,1,1,2025-07-15
3006461,1,0,2026-01-08
3006463,4,2,2025-12-18
3006469,7,3,2026-03-24
3006475,9,1,2026-09-08
3006489,1,0,2026-02-08
3006491,2,0,2025-03-14
3006512,1,0,2025-12-18
3006516,3,0,2025-11-10
3006522,3,1,2025-07-07
3006527,3,1,2026-03-19
3006528,2,0,2026-03-30
3006539,3,0,2025-05-29
3006593,1,0,2026-04-23
3006610,4,0,2025-06-02
3006617,2,0,2025-04-12
3006621,2,0,2025-12-19
3006638,2,0,2025-12-19
3006642,1,0,2025-04-16
3006643,4,0,2026-04-13
3006654,1,0,2026-07-20
3006659,4,0,2025-12-03
3006666,1,0,2025-08-11
3006681,7,3,2026-08-06
3006698,2,2,2025-08-11
3006702,1,0,2025-09-15
3006706,2,0,2025-08-14
3006763,1,0,2025-08-05
3006783,4,4,2025-06-14
3006806,2,0,2025-07-05
3006814,1,0,2025-07-10
3006816,1,1,2026-03-04
3006819,4,1,2025-12-19
3006821,1,0,2025-04-08
3006831,1,0,2026-03-16
3006869,1,0,2026-04-21
3006918,1,1,2026-06-25
3006960,4,0,2025-12-21
3006970,5,3,2026-05-18
3006989,2,1,2025-11-13
3007028,1,0,2025-03-23
3007118,1,0,2025-09-27
3007170,3,3,2025-07-02
3007180,1,0,2025-05-10
3007203,3,1,2026-07-09
3007206,1,0,2025-02-20
3007215,3,0,2026-05-21
3007216,2,1,2025-12-04
3007220,1,0,2026-02-19
3007327,1,1,2026-01-12
3007332,1,0,2025-02-07
3007351,1,1,2025-06-27
3007366,1,0,2025-11-14
3007369,1,1,2026-06-19
3007449,1,0,2025-10-30
3007514,2,2,2026-03-27
3007526,1,0,2026-07-16
3007547,5,0,2026-04-07
3007569,3,0,2025-02-06
3007586,2,1,2025-11-07
3007679,1,0,2026-03-06
3007707,2,0,2025-04-15
3007807,1,0,2025-01-03
3007860,7,2,2026-07-30
3007892,1,0,2025-04-07
3007905,1,0,2025-02-11
3007907,3,1,2025-10-01
3007943,1,0,2026-02-02
3007952,5,5,2025-09-12
3007956,1,0,2026-03-09
3007961,2,0,2025-11-14
3007968,2,2,2026-01-20
3007978,1,0,2025-02-11
3007980,1,0,2025-11-06
3008002,1,1,2025-10-29
3008026,1,0,2025-09-25
3008044,1,1,2025-06-25
3008061,2,1,2025-11-18
3008091,3,0,2026-04-07
3008109,4,1,2026-08-19
3008148,8,3,2025-04-02
3008172,2,1,2025-03-17
3008206,2,1,2025-12-23
3008207,1,1,2025-05-30
3008208,1,0,2025-04-25
3008215,1,0,2025-11-17
3008221,1,0,2026-09-09
3008280,1,0,2025-04-09
3008307,4,4,2025-10-21
3008325,6,4,2025-12-23
3008339,1,1,2026-06-05
3008340,1,0,2026-07-21
3008342,2,0,2026-04-07
3008350,1,0,2026-09-08
3008355,9,4,2026-06-05
3008372,2,0,2025-12-24
3008392,1,0,2025-04-30
3008397,8,1,2025-11-17
3008404,4,4,2026-05-27
3008411,1,0,2025-07-29
3008432,1,1,2026-05-28
3008453,2,0,2025-11-18
3008456,2,1,2025-01-29
3008464,1,1,2025-05-23
3008471,2,0,2025-11-18
3008473,1,0,2025-06-14
3008477,4,0,2026-04-24
3008499,1,0,2026-01-27
3008510,1,0,2025-03-13
3008528,1,1,2025-10-14
3008530,8,4,2026-01-02
3008538,1,0,2025-12-03
3008541,1,0,2026-03-10
3008542,1,0,2026-03-10
3008558,1,0,2025-12-04
3008584,2,2,2026-04-01
3008593,3,2,2026-05-04
3008633,1,1,2025-12-29
3008700,1,0,2026-04-08
3008729,1,1,2026-05-18
3008762,2,2,2025-09-12
3008778,1,1,2025-06-14
3008793,2,2,2025-12-16
3008842,8,1,2026-09-01
3008847,1,0,2025-12-12
3008899,13,12,2026-09-04
3008915,2,1,2026-04-30
3008941,1,1,2026-05-06
3008945,4,3,2025-03-03
3009099,4,0,2025-07-19
3009114,1,0,2025-10-28
3009115,1,1,2025-07-11
3009279,5,3,2025-12-29
3009280,4,0,2026-07-07
3009367,2,0,2025-07-28
3009390,1,0,2025-05-13
3009418,1,1,2025-09-16
3009451,2,2,2026-04-02
3009452,3,3,2026-04-02
3009479,2,1,2026-01-02
3009515,6,4,2026-09-10
3009525,4,3,2025-03-03
3009537,1,1,2025-03-03
3009542,1,1,2026-04-14
3009549,9,4,2026-01-07
3009552,1,0,2025-05-13
3009582,3,0,2025-05-01
3009590,2,0,2026-07-27
3009613,1,1,2025-07-17
3009615,1,0,2025-01-29
3009621,2,2,2025-04-10
3009632,2,0,2025-01-06
3009637,3,2,2025-08-01
3009658,1,1,2026-03-26
3009666,1,0,2025-01-10
3009670,1,0,2026-01-03
3009676,1,0,2025-09-10
3009693,1,0,2025-03-03
3009715,2,2,2025-09-01
3009733,1,0,2025-01-29
3009743,2,1,2026-02-12
3009744,1,0,2026-03-09
3009819,3,3,2025-08-21
3009821,2,2,2025-06-05
3009824,1,0,2025-04-07
3009842,1,1,2026-03-19
3009846,1,0,2025-03-04
3009847,5,0,2026-06-12
3009882,1,0,2026-04-17
3009885,1,0,2025-12-03
3009933,10,5,2025-09-25
3009942,1,0,2025-01-14
3010004,1,0,2025-02-11
3010006,4,1,2025-03-04
3010077,1,0,2025-11-25
3010079,1,0,2026-05-19
3010093,2,2,2025-03-04
3010094,2,1,2026-09-03
3010144,1,0,2025-02-14
3010145,1,0,2025-02-14
3010151,11,2,2026-04-16
3010167,1,0,2025-05-21
3010174,5,4,2025-12-23
3010175,1,0,2025-05-28
3010190,8,8,2026-02-03
3010198,1,1,2025-12-05
3010261,1,0,2025-10-23
3010269,1,1,2025-03-04
3010292,2,0,2025-03-05
3010304,1,1,2025-03-04
3010312,7,3,2025-11-07
3010390,8,3,2025-11-05
3010392,7,5,2026-01-08
3010448,2,0,2025-09-17
3010503,1,0,2026-05-30
3010540,1,0,2025-07-24
3010580,7,0,2026-06-12
3010597,2,2,2026-01-15
3010688,2,1,2025-03-05
3010690,1,0,2025-03-27
3010721,1,1,2025-11-10
3010738,5,3,2025-10-30
3010756,3,1,2026-08-25
3010787,1,1,2025-11-19
3010796,1,0,2025-03-05
3010806,2,0,2025-12-16
3010846,1,0,2025-01-08
3010890,1,0,2026-08-25
3010919,3,0,2026-01-13
3010929,3,2,2026-08-06
3010944,12,11,2026-08-04
3010951,3,0,2025-08-12
3010961,2,0,2026-02-02
3010966,1,1,2025-03-06
3011001,1,0,2026-04-13
3011002,9,0,2026-06-15
3011005,2,2,2025-10-04
3011006,5,4,2025-10-04
3011007,3,3,2025-10-04
3011021,2,0,2025-01-29
3011044,3,0,2026-02-10
3011054,1,1,2025-10-03
3011062,1,1,2025-09-09
3011086,3,2,2026-08-06
3011090,8,6,2026-07-02
3011091,6,6,2026-07-02
3011131,5,2,2025-10-10
3011164,1,0,2025-10-31
3011175,2,2,2026-08-21
3011176,3,3,2026-07-27
3011213,3,1,2025-11-05
3011243,1,0,2025-03-06
3011280,1,1,2026-07-14
3011356,3,2,2026-06-01
3011371,2,0,2025-03-06
3011375,1,0,2026-05-21
3011383,3,0,2025-12-03
3011389,1,0,2025-03-26
3011422,1,1,2026-06-03
3011443,1,1,2025-01-15
3011467,2,0,2025-10-29
3011492,1,0,2026-07-28
3011494,1,1,2025-06-18
3011547,1,0,2025-07-14
3011566,1,0,2025-12-01
3011569,1,1,2026-08-26
3011677,2,0,2026-07-16
3011750,1,0,2025-01-08
3011769,1,0,2025-01-22
3011775,2,1,2026-04-15
3011821,8,0,2026-06-16
3011823,1,0,2026-06-16
3011836,2,1,2026-09-02
3011860,3,0,2026-03-17
3011861,2,0,2025-06-05
3011867,1,0,2025-08-12
3011896,1,1,2026-08-22
3011911,2,0,2025-03-07
3011977,1,0,2026-03-17
3011987,1,0,2025-03-06
3011989,1,0,2025-12-05
3012007,3,2,2026-05-12
3012010,1,0,2026-07-20
3012014,1,0,2025-01-22
3012016,1,0,2025-01-22
3012036,1,0,2026-03-09
3012046,1,0,2025-02-18
3012116,2,0,2025-12-09
3012122,13,13,2026-05-05
3012160,1,1,2025-08-11
3012257,1,0,2026-01-24
3012288,3,3,2026-01-16
3012347,1,1,2025-03-17
3012369,1,1,2025-03-07
3012370,7,5,2026-05-07
3012391,1,1,2025-07-09
3012481,1,0,2025-09-17
3012492,1,0,2026-06-11
3012527,16,6,2025-11-13
3012571,1,1,2025-11-03
3012614,1,0,2026-02-04
3012638,1,1,2025-06-18
3012640,4,4,2026-01-13
3012674,3,2,2025-10-28
3012676,2,0,2025-10-28
3012758,1,1,2026-01-02
3012760,3,2,2026-01-13
3012772,1,0,2026-01-06
3012774,1,0,2025-03-10
3012785,5,3,2025-12-04
3012798,1,1,2025-04-15
3012808,1,1,2025-04-16
3012824,3,0,2026-02-25
3012833,19,8,2026-07-31
3012850,2,1,2025-06-12
3012853,2,2,2025-01-13
3012910,23,9,2026-08-03
3012914,3,3,2026-07-23
3012926,1,1,2026-07-16
3012941,2,1,2026-06-08
3012952,4,2,2025-10-31
3012954,5,5,2025-12-16
3012991,1,0,2025-11-28
3012993,5,3,2026-02-03
3013046,7,2,2025-12-04
3013070,2,0,2026-04-14
3013081,1,0,2025-06-16
3013082,2,0,2025-07-17
3013109,2,2,2026-08-06
3013112,11,2,2026-02-08
3013119,1,0,2025-03-10
3013125,3,3,2025-06-20
3013137,1,0,2025-05-13
3013159,1,0,2026-03-08
3013302,1,0,2025-03-11
3013305,10,5,2026-09-08
3013315,1,1,2025-12-30
3013320,2,1,2025-12-01
3013338,1,0,2025-03-10
3013340,1,0,2025-06-13
3013392,3,1,2026-01-20
3013397,1,0,2025-04-09
3013402,1,0,2025-10-31
3013447,6,4,2026-03-18
3013458,2,1,2025-10-14
3013461,3,1,2025-07-25
3013462,7,2,2025-11-25
3013474,1,0,2025-03-11
3013496,1,1,2025-03-11
3013500,2,0,2025-07-21
3013563,4,3,2026-05-28
3013571,2,1,2025-10-29
3013579,4,3,2025-01-02
3013590,1,0,2025-05-09
3013653,1,0,2026-01-06
3013693,4,2,2026-06-16
3013728,3,1,2026-09-02
3013729,1,0,2025-01-13
3013746,5,1,2025-12-26
3013802,3,3,2025-11-06
3013810,1,1,2025-08-19
3013823,2,0,2026-06-09
3013824,1,0,2026-07-15
3013843,1,0,2025-10-27
3013892,6,3,2025-09-05
3013930,1,1,2025-05-06
3013941,1,1,2026-02-09
3013944,1,0,2025-08-06
3014028,2,1,2026-09-10
3014037,1,1,2025-06-05
3014063,1,1,2025-06-05
3014068,4,3,2026-05-07
3014096,2,0,2026-04-30
3014108,2,2,2025-03-11
3014126,4,4,2026-04-20
3014135,2,0,2025-03-20
3014144,2,1,2025-12-26
3014145,3,1,2026-01-04
3014152,1,0,2026-06-09
3014154,1,0,2025-09-10
3014203,1,0,2025-04-21
3014242,1,0,2025-02-24
3014265,1,0,2025-02-11
3014333,2,0,2025-09-10
3014360,3,3,2025-11-05
3014367,2,1,2026-03-12
3014368,1,0,2025-03-12
3014372,1,1,2026-07-01
3014376,3,1,2026-01-24
3014387,6,5,2026-01-05
3014403,2,2,2025-11-17
3014406,2,2,2026-06-03
3014436,1,1,2025-02-06
3014444,1,0,2025-12-30
3014446,1,1,2025-09-16
3014448,1,0,2026-07-15
3014473,5,5,2026-06-03
3014481,1,1,2025-10-15
3014503,2,1,2025-11-10
3014569,4,2,2025-10-24
3014576,1,0,2025-07-01
3014593,3,3,2025-07-29
3014607,2,1,2025-10-27
3014630,4,1,2026-04-23
3014678,8,5,2026-05-08
3014685,2,0,2025-10-10
3014692,1,1,2025-01-02
3014722,1,0,2026-06-02
3014789,6,0,2026-07-15
3014816,1,1,2025-04-05
3014829,2,0,2026-06-16
3014841,5,1,2026-05-01
3014844,4,4,2026-07-09
3014849,1,1,2025-03-12
3014853,1,0,2025-03-28
3014860,3,2,2025-08-26
3014872,3,1,2026-04-21
3014922,1,0,2025-05-28
3014954,2,2,2025-02-19
3014978,1,0,2025-10-27
3015038,6,3,2025-11-05
3015057,4,3,2026-07-29
3015081,5,5,2026-06-08
3015097,1,0,2025-09-24
3015103,1,0,2026-09-01
3015110,1,0,2025-11-05
3015122,2,1,2025-08-07
3015128,1,1,2026-06-28
3015138,3,0,2025-06-20
3015154,1,0,2026-05-26
3015155,2,0,2026-06-02
3015166,2,2,2026-05-01
3015192,1,0,2025-03-21
3015211,1,1,2025-03-28
3015214,3,3,2025-05-15
3015232,3,0,2026-06-23
3015308,1,0,2025-01-29
3015346,4,2,2025-12-05
3015392,1,1,2026-07-04
3015403,2,0,2025-03-13
3015439,1,0,2025-03-13
3015467,1,0,2025-01-07
3015478,4,1,2025-03-13
3015503,1,0,2025-05-22
3015509,2,2,2026-03-03
3015524,1,0,2026-06-01
3015537,1,0,2026-05-12
3015543,2,0,2026-05-12
3015544,1,0,2026-05-12
3015568,1,0,2025-03-17
3015595,2,0,2025-07-01
3015608,1,0,2025-05-07
3015622,2,2,2025-05-01
3015630,3,1,2025-05-30
3015635,2,1,2026-07-02
3015650,1,0,2025-12-12
3015653,2,1,2025-10-24
3015654,1,1,2025-11-14
3015683,1,0,2025-12-05
3015688,1,0,2026-01-06
3015832,4,1,2025-08-12
3015890,1,1,2025-12-23
3015893,2,0,2026-06-05
3015900,6,0,2026-08-20
3015904,1,0,2026-07-22
3015908,1,0,2025-05-23
3015909,3,1,2026-07-06
3015914,1,0,2025-11-05
3015938,2,2,2025-12-05
3015941,1,1,2025-12-05
3015942,1,1,2025-12-05
3015944,1,0,2025-01-03
3015946,2,0,2025-03-17
3016075,1,0,2026-01-06
3016083,4,4,2026-07-13
3016095,1,0,2025-03-17
3016146,1,1,2025-05-05
3016152,2,0,2026-01-29
3016183,1,0,2025-01-08
3016192,1,0,2026-06-23
3016196,3,2,2025-12-03
3016200,1,0,2026-05-26
3016207,1,0,2025-05-09
3016231,1,0,2025-07-26
3016233,2,1,2026-01-08
3016243,2,2,2025-10-21
3016244,6,0,2025-07-01
3016256,1,0,2025-12-03
3016258,7,0,2026-06-17
3016260,1,0,2025-05-22
3016393,1,0,2025-12-30
3016399,1,0,2026-06-03
3016400,1,0,2025-06-02
3016406,3,0,2025-03-18
3016410,1,0,2025-03-18
3016424,1,0,2025-01-07
3016428,1,1,2025-11-12
3016429,6,4,2025-11-19
3016450,1,0,2025-02-25
3016453,3,0,2026-07-02
3016471,1,1,2025-04-25
3016489,1,0,2026-03-03
3016500,1,0,2026-09-03
3016508,1,0,2025-07-01
3016509,8,0,2026-06-17
3016536,1,1,2025-07-16
3016540,1,0,2025-07-15
3016555,3,3,2025-07-18
3016556,2,2,2026-01-06
3016558,2,0,2025-03-18
3016580,7,5,2026-04-06
3016778,2,0,2025-08-05
3016780,2,0,2025-11-03
3016787,35,11,2026-08-24
3016838,2,0,2025-02-03
3016870,6,5,2026-08-28
3016952,1,0,2025-05-30
3017069,1,0,2025-03-18
3017078,1,0,2025-03-18
3017109,2,2,2026-07-07
3017150,1,0,2025-05-09
3017163,2,2,2026-05-05
3017164,1,1,2025-09-04
3017230,7,5,2025-11-12
3017328,1,1,2025-04-25
3017349,3,3,2026-08-10
3017370,2,0,2025-05-28
3017377,6,4,2026-06-02
3017389,4,3,2025-03-19
3017393,4,1,2025-03-19
3017394,2,0,2025-03-19
3017401,2,1,2025-03-19
3017421,12,6,2026-03-09
3017461,10,3,2025-08-27
3017509,16,8,2025-12-12
3017559,1,0,2025-01-08
3017567,1,0,2025-05-12
3017568,1,0,2025-05-12
3017569,1,0,2025-05-12
3017572,1,1,2025-07-10
3017594,4,4,2026-08-25
3017607,1,1,2025-11-07
3017631,2,0,2025-12-16
3017669,2,1,2025-04-25
3017674,1,1,2025-04-07
3017685,1,0,2025-02-24
3017722,3,2,2026-04-14
3017773,6,6,2026-07-01
3017785,2,0,2026-08-20
3017790,1,0,2025-04-07
3017800,2,0,2025-11-20
3017802,1,0,2026-05-13
3017836,2,0,2026-07-08
3017863,2,0,2025-05-05
3017864,2,0,2025-05-05
3017898,1,0,2026-04-12
3017918,2,0,2025-05-06
3017925,4,0,2025-04-18
3017937,9,5,2026-05-06
3017985,2,1,2025-10-28
3018076,1,0,2025-01-29
3018095,1,0,2025-05-06
3018103,3,0,2025-05-21
3018109,1,0,2026-05-06
3018110,4,0,2025-09-19
3018120,24,17,2026-07-02
3018173,2,2,2025-09-18
3018197,1,1,2025-05-27
3018333,2,0,2025-09-19
3018346,4,3,2026-06-30
3018352,4,0,2026-08-14
3018357,1,0,2026-02-19
3018391,1,0,2025-02-03
3018408,2,2,2026-06-22
3018466,2,0,2026-08-31
3018487,9,2,2026-01-02
3018489,2,2,2025-06-04
3018496,2,1,2025-12-23
3018504,1,0,2025-12-19
3018505,5,4,2025-11-28
3018506,5,2,2025-11-28
3018507,3,2,2025-11-28
3018508,3,2,2025-11-28
3018509,11,9,2026-08-04
3018522,1,0,2025-08-07
3018534,3,2,2026-05-29
3018556,2,1,2025-12-31
3018562,1,1,2025-06-23
3018563,1,1,2025-06-23
3018566,1,0,2025-09-18
3018576,4,4,2026-07-31
3018594,3,1,2026-09-01
3018595,1,1,2025-11-14
3018598,5,4,2026-06-05
3018600,1,0,2026-06-01
3018610,2,0,2025-09-19
3018621,3,1,2026-03-04
3018748,1,0,2025-07-01
3018774,1,0,2025-08-25
3018776,2,0,2026-06-03
3018815,1,1,2026-05-04
3018819,1,0,2025-03-31
3018823,2,2,2026-08-07
3018847,2,0,2026-01-05
3018856,5,1,2025-10-20
3018903,5,5,2025-04-03
3019013,3,0,2026-03-20
3019034,1,0,2025-09-23
3019136,4,4,2026-07-20
3019191,1,1,2026-06-07
3019195,1,0,2025-04-24
3019280,1,1,2025-05-02
3019284,1,0,2026-08-13
3019286,4,0,2026-01-06
3019288,3,3,2025-10-07
3019289,1,0,2025-08-07
3019296,4,4,2026-04-22
3019315,2,0,2026-02-18
3019316,2,0,2026-02-18
3019317,2,0,2026-02-18
3019347,9,5,2026-03-24
3019356,5,0,2026-03-25
3019390,9,4,2026-03-25
3019394,8,1,2026-08-06
3019419,1,0,2025-03-18
3019556,2,2,2025-01-15
3019558,3,3,2025-03-19
3019567,2,2,2025-06-13
3019579,6,3,2026-04-14
3019583,1,0,2025-11-18
3019586,1,1,2026-09-03
3019590,3,0,2025-04-17
3019597,8,0,2026-04-09
3019643,2,0,2026-01-06
3019651,1,1,2025-04-14
3019850,2,0,2026-02-26
3019870,8,4,2025-12-18
3020041,6,1,2026-05-11
3020053,1,1,2026-08-21
3020068,1,0,2025-01-06
3020090,1,1,2025-01-27
3020110,1,0,2025-10-29
3020114,3,3,2026-05-27
3020185,1,0,2026-06-22
3020189,4,0,2026-04-09
3020198,1,0,2026-01-12
3020210,4,4,2025-07-25
3020212,1,0,2025-11-24
3020222,1,1,2026-08-23
3020251,4,3,2026-01-06
3020279,2,1,2026-01-07
3020310,3,2,2025-03-12
3020327,3,1,2025-11-13
3020352,4,4,2026-02-18
3020384,1,1,2025-03-12
3020388,1,0,2025-04-28
3020411,1,1,2025-09-04
3020464,1,0,2026-05-15
3020549,1,0,2025-07-01
3020579,5,1,2026-01-23
3020580,3,0,2025-09-04
3020595,3,3,2026-01-07
3020630,3,0,2025-12-11
3020681,1,0,2025-07-16
3020703,2,0,2025-04-11
3020719,1,0,2026-09-02
3020778,4,0,2025-04-15
3020784,3,1,2026-09-04
3020787,1,0,2025-04-17
3020793,2,1,2026-03-12
3020812,13,7,2026-04-22
3020863,2,0,2025-04-11
3020869,1,0,2026-07-30
3020885,4,4,2026-08-26
3020910,1,0,2025-07-01
3020915,1,0,2025-04-18
3020951,3,1,2026-06-30
3020980,6,4,2026-09-03
3020991,1,0,2026-01-12
3020995,1,1,2025-08-16
3021001,1,0,2026-01-12
3021023,4,4,2025-08-28
3021057,4,0,2026-04-09
3021114,1,1,2026-08-11
3021127,1,0,2026-04-17
3021137,1,0,2025-11-21
3021144,1,0,2026-03-12
3021249,1,1,2026-06-02
3021339,2,1,2026-01-08
3021385,2,1,2025-04-22
3021532,1,0,2025-11-26
3021558,1,0,2026-03-03
3021560,3,0,2025-11-21
3021582,5,3,2025-03-31
3021690,10,8,2026-01-09
3021717,1,0,2025-01-08
3021808,4,2,2026-09-01
3021811,1,0,2025-02-21
3021813,1,0,2025-04-24
3021840,10,0,2026-04-10
3021848,1,0,2025-09-24
3021852,1,0,2026-01-12
3021875,6,1,2026-01-12
3021906,1,0,2025-01-06
3021910,1,1,2025-08-11
3022036,6,1,2026-09-03
3022037,4,2,2026-03-03
3022085,1,0,2026-03-09
3022089,1,0,2025-10-16
3022116,1,0,2025-01-29
3022125,1,0,2026-04-03
3022136,5,3,2026-08-19
3022137,1,0,2025-12-08
3022157,1,0,2025-05-23
3022202,1,0,2026-03-09
3022205,1,0,2025-05-28
3022234,1,1,2026-08-13
3022292,1,0,2025-04-29
3022374,1,0,2025-02-10
3022448,1,1,2026-01-06
3022457,2,1,2025-11-25
3022459,1,1,2025-10-23
3022576,1,0,2025-11-28
3022578,2,0,2026-02-12
3022586,1,1,2025-04-24
3022595,1,1,2026-07-09
3022596,1,1,2026-03-27
3022621,2,1,2025-11-26
3022627,1,0,2025-07-17
3022660,1,0,2025-01-07
3022672,1,0,2025-12-12
3022676,1,0,2025-06-03
3022707,1,0,2025-07-17
3022729,7,6,2026-08-17
3022740,3,1,2025-11-26
3022767,2,0,2025-01-29
3022771,4,2,2026-01-13
3022774,2,2,2026-01-13
3022841,1,0,2025-09-24
3022851,1,0,2025-07-01
3022856,2,0,2026-04-22
3022883,4,2,2025-01-29
3022904,4,3,2025-05-06
3022920,1,0,2026-03-04
3022984,1,1,2026-05-22
3023039,4,2,2026-01-30
3023053,2,1,2026-01-13
3023085,17,0,2026-07-21
3023101,1,0,2025-11-12
3023118,2,1,2026-04-08
3023176,5,0,2026-08-13
3023184,1,1,2025-09-11
3023186,1,0,2025-09-17
3023191,4,0,2026-03-03
3023210,9,4,2026-04-13
3023221,1,0,2026-04-10
3023239,1,0,2025-11-12
3023287,1,0,2025-03-15
3023289,1,0,2026-08-25
3023293,7,3,2026-04-27
3023314,1,0,2025-03-04
3023365,16,4,2025-12-18
3023367,1,0,2026-04-16
3023412,3,3,2025-10-23
3023451,2,0,2025-05-08
3023467,1,1,2026-05-01
3023481,1,1,2026-01-26
3023500,3,3,2025-02-19
3023511,2,0,2026-01-06
3023523,11,9,2026-03-03
3023611,2,0,2026-04-17
3023635,1,1,2025-05-16
3023684,1,1,2025-10-23
3023696,4,3,2025-11-18
3023701,2,2,2026-01-14
3023718,7,5,2026-07-01
3023739,1,1,2025-11-12
3023880,1,1,2025-09-02
3023929,5,2,2025-05-06
3023933,1,1,2025-07-18
3023991,1,0,2026-08-21
3024022,6,3,2026-09-01
3024051,2,2,2025-11-28
3024073,3,1,2025-11-17
3024085,2,0,2026-01-06
3024164,3,2,2025-12-08
3024170,1,0,2025-08-29
3024174,2,1,2025-11-21
3024175,2,0,2025-10-29
3024178,1,1,2025-10-28
3024187,5,0,2025-09-12
3024206,11,10,2025-12-01
3024212,6,3,2026-04-21
3024216,8,5,2026-02-08
3024218,1,0,2026-05-21
3024222,2,0,2026-08-31
3024225,2,2,2026-05-14
3024374,1,0,2026-08-24
3024417,1,1,2026-01-15
3024447,7,0,2026-05-21
3024459,1,0,2025-07-01
3024507,1,0,2026-01-15
3024575,2,0,2025-07-15
3024626,1,0,2026-01-15
3024627,1,0,2025-06-07
3024641,1,0,2025-05-28
3024688,6,1,2026-08-05
3024814,1,0,2025-05-28
3024857,2,0,2025-07-22
3024860,1,0,2025-05-28
3024909,1,0,2025-04-30
3024928,2,1,2026-01-30
3024988,1,1,2026-08-24
3024989,1,0,2025-11-07
3025001,2,0,2026-03-09
3025119,16,12,2026-07-23
3025123,1,1,2026-05-11
3025144,2,0,2025-06-10
3025157,1,0,2026-02-19
3025196,2,1,2026-03-17
3025258,2,1,2026-09-08
3025292,3,2,2026-08-07
3025309,1,1,2026-07-17
3025343,1,1,2025-11-21
3025377,2,0,2026-06-23
3025434,1,1,2025-05-27
3025510,17,0,2026-04-03
3025564,1,0,2025-11-28
3025611,1,1,2025-12-01
3025709,2,0,2025-11-13
3025712,1,0,2025-08-22
3025815,1,0,2025-11-14
3025841,1,1,2026-08-12
3025884,2,0,2025-06-09
3025886,1,0,2026-06-26
3025923,2,1,2026-01-30
3025953,1,1,2025-08-18
3026013,1,0,2026-05-07
3026032,1,1,2025-01-21
3026159,3,1,2025-12-08
3026228,5,0,2026-01-16
3026267,1,0,2025-03-26
3026275,14,10,2026-07-27
3026283,1,0,2025-02-27
3026285,1,0,2025-07-01
3026299,1,0,2025-05-12
3026403,1,0,2025-02-11
3026461,2,0,2025-11-26
3026517,7,0,2026-04-06
3026543,1,0,2025-01-30
3026547,1,0,2025-04-03
3026581,8,2,2025-11-19
3026641,2,1,2025-12-08
3026695,4,2,2025-12-18
3026701,1,0,2025-11-25
3026710,1,0,2025-07-01
3026731,1,1,2025-07-21
3026775,1,1,2026-02-10
3026781,2,0,2025-12-03
3026794,2,1,2026-09-03
3026811,5,5,2026-04-16
3026816,2,0,2026-09-10
3026900,1,0,2025-10-09
3027009,1,1,2025-04-01
3027077,1,0,2025-06-04
3027080,1,0,2025-04-03
3027127,4,3,2026-04-17
3027134,1,0,2025-08-29
3027244,1,0,2025-05-23
3027274,4,1,2025-08-11
3027363,1,0,2025-08-30
3027460,1,0,2025-02-25
3027473,1,0,2025-04-08
3027497,3,1,2026-03-03
3027507,9,1,2026-06-16
3027508,6,0,2026-06-04
3027521,1,0,2025-06-11
3027536,1,0,2025-01-29
3027539,2,1,2026-08-27
3027567,1,0,2025-08-11
3027568,2,0,2025-08-20
3027570,1,0,2026-04-09
3027583,1,0,2025-03-08
3027629,1,0,2025-12-03
3027630,7,5,2026-04-16
3027660,1,0,2025-05-21
3027707,5,2,2025-02-20
3027710,1,0,2025-07-11
3027729,1,0,2025-01-15
3027732,4,3,2026-05-06
3027755,1,0,2026-03-25
3027757,2,2,2026-05-13
3027759,1,0,2025-09-18
3027780,4,4,2026-06-11
3027792,2,0,2025-05-28
3027812,1,1,2025-09-29
3027816,6,2,2026-01-05
3027819,1,0,2025-01-03
3027835,1,1,2026-05-15
3027854,4,1,2025-07-24
3027881,1,0,2026-05-18
3027883,3,1,2025-11-12
3027885,1,0,2025-08-22
3027899,1,0,2025-08-21
3027938,1,0,2025-01-10
3027952,2,2,2025-10-31
3027967,2,1,2026-06-08
3027982,3,0,2026-03-18
3027990,2,1,2026-05-13
3027994,3,0,2026-06-12
3027999,1,0,2025-05-28
3028009,1,0,2026-05-12
3028018,1,0,2025-09-15
3028022,1,0,2025-10-23
3028025,1,1,2026-07-23
3028031,1,1,2026-01-06
3028033,1,0,2025-06-11
3028035,2,0,2025-11-17
3028037,1,0,2025-11-17
3028049,3,1,2026-05-18
3028074,4,0,2025-09-05
3028087,1,0,2026-04-09
3028109,1,0,2025-05-28
3028142,3,0,2026-08-27
3028181,2,0,2025-12-15
3028200,1,0,2025-03-20
3028204,4,0,2026-03-18
3028218,3,3,2026-05-07
3028234,2,0,2026-07-24
3028254,1,0,2025-12-11
3028263,2,1,2025-05-05
3028281,7,0,2026-03-18
3028284,1,0,2026-05-12
3028291,1,1,2025-01-28
3028295,2,1,2026-05-05
3028305,3,1,2025-11-13
3028313,1,0,2025-10-23
3028314,7,3,2026-06-12
3028340,1,0,2025-09-25
3028363,2,1,2026-02-08
3028444,1,0,2025-06-03
3028456,1,0,2026-02-20
3028522,2,1,2026-06-22
3028550,11,6,2026-08-12
3028552,2,1,2025-10-22
3028559,1,0,2025-07-29
3028576,4,2,2026-05-19
3028579,1,1,2025-08-25
3028591,6,6,2025-08-20
3028605,5,4,2026-05-15
3028607,1,0,2025-11-05
3028609,1,0,2025-01-29
3028616,1,0,2026-09-05
3028648,2,0,2026-05-01
3028658,3,0,2025-09-23
3028662,5,2,2026-07-20
3028667,1,0,2026-05-14
3028673,1,0,2025-05-28
3028724,2,1,2026-03-10
3028751,1,0,2025-01-14
3028754,1,0,2026-04-10
3028778,1,0,2025-04-11
3028859,1,0,2026-02-08
3028862,5,0,2026-03-18
3028867,5,1,2026-04-21
3028868,1,0,2026-03-09
3028880,5,4,2026-05-11
3028911,1,0,2025-06-05
3028921,1,1,2026-07-03
3028939,7,7,2026-07-21
3029013,2,0,2026-05-19
3029023,2,1,2026-05-13
3029026,1,0,2026-05-13
3029031,1,0,2025-07-01
3029037,1,1,2025-10-21
3029051,3,0,2025-07-21
3029060,5,0,2026-03-19
3029181,1,0,2026-02-25
3029196,3,0,2026-06-05
3029202,1,0,2026-05-14
3029246,2,0,2026-03-19
3029254,14,3,2026-02-05
3029255,2,2,2025-07-24
3029265,6,2,2025-11-23
3029266,6,5,2025-08-28
3029269,4,2,2025-06-18
3029273,1,0,2026-05-25
3029281,1,1,2026-03-12
3029299,3,2,2026-07-29
3029306,3,0,2025-05-19
3029309,1,0,2025-11-03
3029311,1,0,2026-08-19
3029312,1,0,2025-08-05
3029313,4,1,2026-08-13
3029351,1,1,2025-01-28
3029397,1,0,2026-05-19
3029404,1,0,2025-10-16
3029432,5,4,2025-05-19
3029452,1,1,2025-08-20
3029454,2,1,2026-05-15
3029455,3,1,2025-10-15
3029460,1,1,2026-05-15
3029510,3,2,2025-05-15
3029513,1,0,2025-05-28
3029518,1,0,2025-07-01
3029523,3,1,2026-08-08
3029526,1,0,2026-08-08
3029529,2,0,2026-08-08
3029530,1,1,2026-08-08
3029531,1,1,2026-08-08
3029537,1,0,2026-04-14
3029538,1,0,2026-07-23
3029542,2,1,2026-06-03
3029571,1,0,2026-05-14
3029573,6,2,2025-11-19
3029575,1,0,2025-07-29
3029579,2,1,2026-07-07
3029584,16,10,2026-08-12
3029603,4,0,2026-05-27
3029607,1,1,2025-03-20
3029608,1,0,2026-03-10
3029613,1,0,2025-12-29
3029628,1,1,2025-02-21
3029634,1,0,2025-01-29
3029647,3,3,2025-08-06
3029648,2,1,2026-05-11
3029652,2,1,2026-05-29
3029659,1,0,2025-05-06
3029660,7,3,2026-06-08
3029662,1,1,2025-01-02
3029663,1,0,2025-03-16
3029672,2,0,2026-07-30
3029686,6,0,2026-06-26
3029692,1,1,2025-08-29
3029698,1,1,2025-04-01
3029702,9,0,2026-07-09
3029703,2,1,2026-05-15
3029704,1,0,2026-05-26
3029711,1,0,2026-09-02
3029712,3,2,2026-09-02
3029713,1,0,2026-05-26
3029715,16,4,2026-07-21
3029719,2,1,2025-12-12
3029724,3,2,2025-10-09
3029725,4,3,2026-03-23
3029726,1,1,2025-04-07
3029735,1,0,2025-08-07
3029744,1,1,2026-05-14
3029748,5,2,2026-04-22
3029778,3,0,2026-04-27
3029788,4,2,2026-01-29
3029819,4,0,2025-09-08
3029828,5,3,2026-02-04
3029857,2,0,2026-03-12
3029879,1,0,2025-10-23
3029919,5,5,2025-08-13
3029928,3,0,2026-04-17
3029938,1,0,2026-07-30
3029950,3,3,2026-08-10
3029951,1,0,2025-01-27
3029962,1,0,2025-09-18
3029966,1,0,2026-05-12
3029974,1,0,2026-05-04
3029975,5,2,2026-05-04
3029986,1,0,2025-04-03
3029993,1,1,2026-04-29
3029995,4,1,2026-07-31
3029996,1,0,2025-07-14
3030002,3,1,2025-01-02
3030003,1,1,2025-01-02
3030007,1,0,2025-05-28
3030021,1,1,2026-04-30
3030022,3,1,2026-06-03
3030044,1,0,2026-02-24
3030046,3,0,2026-05-06
3030066,1,0,2025-05-29
3030076,4,4,2026-04-09
3030091,1,0,2026-03-26
3030104,4,2,2025-02-26
3030113,5,2,2025-08-08
3030114,5,1,2026-08-14
3030151,1,1,2025-09-17
3030213,1,0,2026-04-01
3030219,8,4,2025-05-22
3030240,2,1,2026-08-12
3030255,2,0,2025-07-28
3030275,2,2,2025-08-28
3030281,1,1,2026-05-01
3030297,5,4,2026-04-10
3030345,2,0,2026-04-03
3030348,2,2,2025-09-03
3030349,9,0,2026-04-28
3030356,1,0,2026-05-14
3030364,1,0,2025-05-20
3030380,1,0,2026-07-22
3030381,3,1,2026-05-29
3030405,8,3,2026-09-04
3030436,1,0,2026-09-04
3030456,5,1,2026-03-31
3030479,1,0,2025-10-30
3030500,1,1,2026-04-07
3030569,1,0,2025-05-28
3030570,1,0,2025-10-25
3030591,4,1,2026-03-02
3030593,1,0,2026-05-01
3030615,1,0,2025-01-24
3030616,4,2,2026-05-14
3030624,1,0,2025-03-06
3030631,1,1,2026-06-25
3030632,2,1,2026-01-21
3030633,1,0,2026-04-07
3030663,1,0,2026-03-03
3030690,2,0,2025-11-10
3030707,1,1,2026-07-04
3030709,1,1,2026-07-04
3030733,2,1,2026-05-06
3030734,1,0,2025-09-18
3030735,4,1,2026-04-08
3030741,1,1,2026-02-09
3030744,3,2,2026-05-18
3030745,5,1,2026-05-06
3030770,1,0,2026-04-29
3030793,5,1,2026-05-06
3030794,1,0,2025-08-05
3030816,1,1,2025-04-25
3030823,1,0,2026-04-27
3030842,1,0,2025-05-28
3030845,1,0,2025-12-22
3030846,1,0,2025-07-14
3030854,1,0,2025-02-12
3030855,2,0,2025-02-20
3030907,3,0,2026-05-12
3030949,2,1,2026-05-12
3030973,2,2,2025-08-13
3030986,1,0,2025-09-10
3030994,3,0,2026-05-12
3030997,3,1,2026-07-24
3030998,1,0,2025-05-15
3031000,1,0,2025-12-29
3031030,3,0,2026-04-03
3031037,4,0,2026-07-22
3031049,6,5,2025-02-13
3031050,4,0,2026-04-08
3031067,2,0,2025-10-09
3031068,2,1,2025-08-11
3031083,2,1,2026-05-09
3031087,1,0,2026-07-31
3031088,1,0,2026-03-30
3031132,1,0,2026-04-24
3031186,11,2,2025-12-19
3031198,1,1,2025-05-06
3031199,4,0,2025-08-15
3031213,2,1,2026-05-07
3031227,1,0,2025-06-11
3031239,1,1,2026-05-11
3031269,2,0,2025-08-14
3031294,3,1,2025-11-02
3031295,1,0,2025-08-04
3031299,9,1,2026-08-03
3031302,1,0,2025-04-03
3031307,1,0,2025-12-23
3031337,9,6,2025-11-21
3031348,3,0,2026-04-01
3031362,11,9,2025-11-19
3031365,5,4,2026-01-30
3031379,3,3,2026-03-30
3031403,1,0,2026-04-29
3031429,2,1,2026-04-24
3031447,6,4,2026-06-25
3031449,1,0,2026-05-12
3031472,1,0,2025-05-13
3031484,18,15,2026-07-10
3031501,1,0,2025-04-14
3031502,1,1,2025-09-04
3031505,1,0,2026-05-04
3031537,2,0,2026-07-06
3031550,2,1,2026-04-08
3031562,1,0,2025-07-01
3031599,3,0,2026-05-01
3031644,4,1,2026-04-30
3031674,2,2,2026-09-08
3031755,9,0,2026-07-22
3031764,1,0,2025-12-10
3031789,5,5,2025-05-13
3031810,1,1,2025-05-07
3031843,2,2,2026-06-04
3031858,9,2,2025-09-04
3031869,4,2,2025-08-22
3031873,7,5,2026-06-04
3031898,3,3,2026-05-14
3031914,3,3,2026-07-24
3031920,5,4,2025-12-23
3031961,1,0,2025-07-01
3031973,3,1,2026-01-08
3032001,1,0,2025-04-15
3032045,4,0,2026-05-21
3032051,2,2,2025-09-10
3032058,1,0,2025-06-03
3032082,3,0,2025-01-07
3032089,3,3,2025-05-30
3032103,1,0,2026-02-06
3032155,1,0,2026-04-23
3032178,2,1,2025-08-29
3032184,2,0,2026-04-23
3032185,4,3,2026-04-23
3032211,2,0,2026-07-29
3032224,3,3,2025-12-22
3032243,1,0,2025-12-23
3032260,1,0,2025-07-23
3032263,9,6,2026-02-09
3032264,8,6,2025-07-01
3032310,1,0,2026-03-25
3032324,2,1,2025-10-12
3032350,1,1,2025-04-18
3032407,3,3,2026-07-09
3032419,4,4,2025-06-06
3032454,5,5,2026-05-22
3032458,7,7,2026-08-20
3032481,3,1,2026-05-27
3032532,2,2,2025-07-24
3032561,1,0,2026-07-20
3032583,1,0,2026-03-20
3032606,4,3,2025-11-14
3032615,2,0,2026-05-11
3032634,1,1,2025-08-22
3032644,1,0,2025-11-12
3032652,6,5,2026-03-09
3032690,1,0,2025-11-19
3032698,4,3,2025-12-08
3032720,8,5,2026-06-07
3032753,2,0,2025-06-24
3032779,1,1,2026-09-05
3032785,21,19,2025-10-28
3032786,4,2,2026-08-06
3032788,1,0,2025-03-05
3032798,2,0,2025-02-05
3032808,10,10,2026-07-08
3032809,6,5,2026-05-27
3032816,1,0,2025-03-10
3032872,1,0,2026-07-31
3032879,1,0,2026-08-24
3032883,2,2,2025-03-24
3032884,1,0,2026-03-18
3032885,6,4,2026-03-18
3032887,10,8,2025-12-23
3032889,3,0,2026-08-10
3032906,10,6,2026-06-05
3032907,1,0,2025-05-28
3032927,1,0,2025-09-21
3032934,2,0,2026-08-04
3032957,1,0,2026-06-04
3032996,1,1,2025-08-25
3033020,2,2,2025-07-21
3033057,1,0,2025-08-07
3033069,1,0,2025-03-26
3033118,1,0,2026-05-30
3033120,2,2,2025-10-16
3033168,2,1,2025-07-28
3033176,1,1,2026-03-19
3033181,1,0,2025-05-28
3033213,2,2,2025-10-09
3033219,6,3,2026-08-01
3033230,1,0,2025-03-25
3033231,1,1,2025-10-23
3033239,1,1,2025-09-23
3033278,1,1,2025-11-18
3033295,3,3,2025-09-09
3033305,2,0,2026-06-11
3033316,1,1,2025-04-28
3033361,2,0,2025-11-13
3033379,1,1,2025-12-29
3033448,2,1,2025-07-01
3033471,5,2,2025-07-08
3033473,2,1,2026-04-13
3033481,2,0,2026-07-29
3033513,1,0,2026-06-01
3033530,3,1,2025-05-02
3033532,2,0,2025-03-06
3033556,1,1,2026-07-05
3033560,1,0,2026-03-20
3033568,2,1,2025-04-23
3033569,4,2,2026-08-24
3033604,7,7,2025-11-21
3033622,3,3,2026-06-03
3033623,10,7,2026-08-17
3033690,2,2,2026-02-17
3033711,6,6,2025-03-26
3033818,1,1,2025-07-11
3033924,2,1,2025-09-09
3033926,3,3,2026-05-20
3033966,3,1,2026-04-15
3034009,5,1,2025-11-25
3034161,8,3,2026-08-28
3034162,5,1,2026-05-01
3034166,1,1,2026-04-22
3034169,2,1,2026-04-20
3034172,8,8,2025-10-15
3034180,2,2,2025-12-08
3034181,7,0,2026-06-23
3034187,2,0,2025-11-08
3034188,1,0,2025-07-17
3034217,2,2,2026-02-19
3034247,1,0,2026-01-22
3034250,8,1,2026-02-04
3034258,2,1,2025-08-20
3034310,1,1,2026-06-22
3034356,2,0,2026-06-23
3034361,2,1,2026-07-31
3034386,3,1,2026-07-09
3034391,9,8,2026-04-22
3034423,5,5,2025-06-26
3034431,2,0,2025-07-23
3034441,1,0,2026-02-10
3034442,1,1,2025-02-11
3034443,2,2,2026-04-22
3034453,1,1,2025-08-27
3034456,2,0,2025-07-19
3034495,1,1,2026-01-21
3034497,1,1,2025-08-29
3034509,10,9,2025-09-01
3034522,1,0,2025-09-04
3034523,6,4,2026-05-12
3034616,2,1,2025-12-23
3034667,3,1,2025-10-31
3034692,1,0,2025-04-08
3034693,2,0,2025-07-01
3034694,2,1,2025-07-28
3034764,5,3,2025-04-11
3034766,3,1,2026-09-02
3034796,5,2,2026-08-24
3034797,1,1,2026-08-24
3034836,6,2,2026-03-09
3034859,2,0,2026-07-31
3034873,1,0,2025-07-30
3034901,6,6,2026-04-15
3034937,1,1,2026-06-03
3034938,1,1,2025-07-09
3034974,1,0,2026-06-30
3035019,2,2,2026-08-26
3035043,1,1,2026-08-04
3035054,1,0,2025-04-15
3035089,1,0,2025-10-02
3035118,1,1,2026-08-04
3035120,1,1,2025-11-14
3035135,8,4,2026-08-23
3035150,3,3,2026-08-06
3035179,3,0,2026-07-21
3035181,1,1,2026-05-29
3035184,3,1,2026-09-03
3035189,3,0,2025-09-12
3035196,1,0,2025-03-29
3035200,3,0,2025-12-04
3035207,4,3,2025-08-25
3035239,2,2,2026-04-27
3035244,3,2,2025-10-27
3035247,3,0,2026-07-30
3035248,1,1,2025-05-28
3035257,13,6,2026-06-26
3035289,1,0,2025-07-01
3035302,2,1,2026-04-02
3035309,1,1,2026-01-23
3035330,6,5,2025-04-15
3035374,4,4,2025-11-05
3035375,2,0,2026-01-14
3035376,1,0,2025-02-23
3035407,1,0,2025-03-08
3035470,1,0,2025-07-28
3035478,2,0,2025-05-17
3035500,1,0,2025-04-08
3035526,1,0,2025-01-14
3035527,4,2,2026-07-31
3035528,3,3,2026-07-31
3035568,1,0,2025-03-06
3035588,1,0,2025-09-18
3035606,1,1,2025-11-01
3035630,1,1,2026-06-05
3035638,2,1,2026-04-17
3035674,2,0,2025-08-29
3035678,5,2,2025-08-13
3035681,1,0,2025-03-31
3035693,1,1,2025-01-14
3035699,2,1,2025-09-15
3035720,1,0,2025-01-08
3035754,1,0,2026-04-15
3035756,1,1,2026-06-05
3035759,1,0,2025-10-24
3035761,10,0,2026-03-20
3035762,1,1,2026-01-05
3035766,1,0,2025-07-01
3035770,4,0,2026-03-28
3035792,2,0,2025-04-29
3035815,4,2,2026-01-08
3035825,10,9,2026-04-16
3035829,8,7,2026-04-22
3035871,12,12,2026-04-24
3035877,4,0,2026-06-15
3035887,7,0,2026-03-23
3035888,2,1,2025-12-20
3035930,1,0,2025-12-10
3035936,4,0,2026-01-24
3035970,2,2,2026-05-19
3035972,1,0,2025-07-11
3036040,1,0,2026-06-05
3036047,6,1,2026-06-02
3036056,2,2,2026-09-02
3036098,2,1,2026-01-21
3036099,2,0,2026-07-23
3036105,1,0,2026-04-27
3036106,2,1,2026-05-26
3036122,1,1,2026-05-28
3036137,1,0,2025-09-05
3036141,1,0,2025-07-14
3036148,3,0,2026-04-08
3036151,3,0,2026-07-27
3036158,4,3,2025-09-19
3036211,1,1,2026-02-22
3036217,6,5,2025-06-30
3036221,5,1,2026-08-18
3036249,2,2,2025-10-06
3036271,1,0,2025-10-10
3036275,8,7,2025-07-10
3036276,3,1,2026-06-01
3036279,14,12,2026-07-29
3036289,4,0,2026-03-23
3036295,3,3,2026-07-20
3036317,2,1,2026-04-17
3036323,1,1,2025-03-30
3036337,1,1,2025-05-21
3036360,3,2,2026-04-16
3036369,1,1,2026-02-16
3036395,1,0,2026-04-06
3036405,3,0,2026-03-23
3036411,2,0,2025-12-11
3036424,1,1,2025-11-14
3036454,2,1,2026-08-17
3036487,11,6,2026-07-10
3036517,12,12,2026-04-24
3036543,1,0,2025-05-28
3036568,3,1,2025-06-02
3036575,3,1,2026-04-17
3036579,5,3,2025-01-14
3036580,6,4,2025-05-27
3036595,1,0,2025-12-03
3036600,1,0,2026-08-25
3036618,1,0,2025-05-28
3036628,13,10,2026-04-22
3036630,5,2,2025-07-15
3036635,2,0,2025-04-02
3036638,1,0,2025-09-10
3036709,2,1,2026-04-29
3036724,2,0,2026-06-08
3036729,1,0,2026-04-29
3036733,1,1,2025-07-22
3036734,1,1,2026-05-29
3036735,1,0,2025-07-01
3036736,1,1,2026-02-25
3036743,1,0,2025-05-28
3036749,1,0,2026-07-21
3036758,1,0,2025-04-10
3036760,1,1,2026-05-29
3036763,1,1,2025-11-24
3036770,1,1,2026-08-12
3036771,1,0,2025-04-10
3036778,1,0,2025-07-01
3036779,2,0,2026-02-06
3036819,1,0,2025-06-18
3036842,3,3,2026-06-09
3036845,1,0,2026-07-23
3036864,2,0,2025-06-13
3036881,1,1,2025-03-06
3036894,1,0,2025-10-30
3036908,4,0,2025-12-15
3036910,2,0,2026-03-24
3036935,1,1,2025-05-08
3036936,1,1,2025-08-01
3036941,12,4,2026-03-03
3036946,2,0,2026-04-13
3036947,2,0,2026-03-23
3036991,1,1,2025-01-16
3037005,1,1,2026-07-22
3037009,2,0,2025-05-05
3037015,1,0,2026-05-04
3037023,1,1,2026-09-01
3037026,1,0,2025-07-01
3037034,5,5,2026-06-01
3037064,1,0,2025-07-01
3037080,3,3,2025-08-15
3037088,2,1,2025-02-21
3037100,4,2,2026-06-01
3037113,1,0,2026-03-25
3037132,2,1,2025-12-20
3037146,5,5,2026-04-13
3037152,1,1,2026-04-01
3037160,2,0,2025-11-17
3037181,1,1,2026-05-12
3037202,10,3,2026-02-21
3037239,1,0,2025-09-09
3037261,1,0,2026-08-23
3037272,1,1,2025-02-27
3037292,2,0,2026-03-02
3037303,5,0,2026-03-23
3037308,6,0,2026-05-01
3037309,4,0,2026-05-22
3037314,1,0,2025-02-05
3037326,1,0,2026-02-17
3037330,1,0,2025-10-21
3037335,1,0,2025-11-20
3037371,2,0,2025-10-13
3037372,1,1,2026-04-30
3037375,1,0,2026-04-30
3037384,1,0,2025-05-22
3037385,1,0,2025-01-08
3037387,2,2,2026-04-21
3037403,2,0,2025-03-20
3037416,8,8,2025-06-09
3037417,6,6,2025-03-20
3037424,1,0,2025-11-24
3037434,3,3,2025-09-02
3037441,5,2,2026-01-05
3037447,2,0,2025-12-15
3037448,1,1,2026-01-12
3037458,1,1,2025-08-07
3037503,1,1,2025-09-25
3037509,11,9,2026-05-21
3037515,1,1,2025-03-06
3037534,1,0,2025-07-23
3037542,2,2,2026-03-02
3037549,1,1,2025-08-29
3037588,2,0,2025-04-24
3037590,2,1,2026-06-13
3037592,1,0,2026-06-26
3037639,3,0,2026-06-23
3037689,2,0,2025-08-05
3037732,2,1,2026-03-16
3037734,1,0,2026-05-12
3037746,1,0,2026-08-12
3037763,2,1,2026-04-03
3037774,4,0,2025-12-04
3037794,1,0,2026-06-04
3037798,3,1,2026-07-02
3037802,3,3,2026-02-26
3037806,2,0,2026-08-04
3037880,3,0,2025-09-05
3037947,8,8,2026-06-26
3037961,3,3,2025-02-07
3037964,2,0,2025-02-11
3037997,1,0,2025-10-24
3038027,3,1,2026-02-19
3038030,1,0,2025-08-25
3038040,1,1,2025-02-13
3038119,3,0,2025-08-27
3038167,2,1,2026-05-01
3038177,13,11,2026-07-27
3038181,1,1,2025-12-30
3038244,1,1,2025-07-15
3038260,1,0,2026-07-30
3038261,3,1,2026-05-11
3038262,2,0,2026-03-23
3038281,1,0,2025-07-01
3038282,1,0,2025-07-01
3038283,1,0,2025-07-01
3038310,1,0,2026-08-04
3038330,2,0,2026-02-26
3038371,1,1,2025-07-01
3038372,8,1,2026-06-24
3038377,2,0,2026-04-29
3038385,1,0,2025-05-01
3038386,4,2,2026-05-01
3038387,1,0,2025-02-21
3038392,2,0,2025-05-06
3038414,1,0,2025-03-17
3038416,5,2,2026-08-04
3038417,5,4,2026-07-27
3038436,1,0,2026-02-26
3038438,3,0,2025-12-12
3038457,1,0,2025-09-29
3038481,2,0,2026-07-29
3038482,4,2,2026-07-14
3038488,5,5,2025-09-22
3038502,7,5,2026-05-20
3038503,7,3,2026-05-19
3038512,1,1,2025-07-31
3038517,2,1,2026-08-19
3038519,2,0,2025-09-12
3038520,4,2,2025-06-05
3038522,2,0,2025-01-08
3038562,3,3,2025-10-22
3038570,2,1,2026-03-31
3038593,2,2,2026-04-13
3038603,4,1,2026-04-02
3038604,9,8,2026-06-15
3038607,2,0,2025-04-24
3038612,1,1,2026-04-10
3038614,4,1,2026-08-16
3038635,1,0,2026-03-14
3038651,17,7,2026-09-01
3038664,1,0,2025-02-11
3038665,10,1,2026-07-10
3038666,8,4,2026-05-21
3038667,4,3,2026-02-10
3038671,7,2,2025-06-05
3038674,4,2,2025-06-05
3038701,3,2,2026-04-14
3038718,6,0,2026-05-22
3038719,7,5,2025-12-19
3038725,5,0,2026-03-18
3038738,1,0,2025-12-06
3038759,1,0,2026-04-01
3038765,3,1,2026-04-10
3038780,1,0,2026-05-12
3038784,1,0,2025-07-01
3038814,9,8,2026-02-04
3038825,2,1,2025-09-16
3038828,1,1,2025-10-28
3038829,1,1,2025-10-28
3038832,3,2,2026-08-28
3038859,2,2,2026-05-27
3038860,2,2,2026-05-27
3038893,3,0,2025-07-21
3038939,2,0,2026-05-22
3038961,1,0,2026-05-27
3038970,4,4,2025-09-05
3039004,1,0,2026-04-29
3039006,2,2,2026-04-23
3039023,7,3,2026-04-20
3039039,2,1,2026-03-04
3039063,13,2,2026-04-23
3039078,5,4,2026-08-13
3039104,2,0,2026-09-03
3039123,1,0,2025-04-24
3039125,2,1,2026-04-22
3039131,2,0,2025-08-25
3039144,1,0,2025-10-21
3039148,1,0,2026-04-30
3039174,3,0,2026-05-26
3039194,1,1,2026-07-02
3039350,1,0,2025-09-11
3039356,1,0,2025-07-23
3039371,1,0,2025-09-19
3039373,1,1,2026-04-22
3039374,2,2,2026-04-22
3039376,1,1,2025-12-23
3039383,2,1,2026-04-21
3039408,6,1,2026-08-18
3039409,5,2,2026-03-06
3039446,3,1,2026-05-05
3039454,2,0,2025-05-13
3039455,1,0,2026-02-19
3039479,1,0,2025-04-25
3039530,1,0,2025-05-29
3039542,3,1,2025-12-01
3039556,1,1,2025-10-31
3039557,1,1,2025-10-31
3039567,22,10,2026-07-13
3039570,2,0,2026-04-23
3039572,2,0,2026-05-04
3039579,2,0,2025-07-21
3039598,2,2,2025-08-28
3039609,1,0,2026-03-14
3039624,2,2,2026-01-12
3039625,2,1,2025-04-01
3039628,2,2,2026-08-13
3039645,2,1,2025-06-12
3039655,1,0,2026-06-19
3039676,3,0,2026-05-07
3039679,1,0,2025-09-19
3039694,2,0,2026-04-09
3039714,1,0,2025-11-19
3039721,1,0,2025-04-08
3039736,2,1,2025-02-07
3039742,1,0,2026-04-23
3039744,1,0,2025-04-02
3039751,1,0,2025-11-26
3039775,1,0,2026-09-02
3039809,1,0,2026-01-24
3039830,8,8,2026-07-29
3039851,1,0,2025-07-01
3039902,1,0,2025-10-30
3039903,4,3,2026-04-20
3039906,5,0,2026-05-07
3039921,1,0,2025-05-06
3039973,1,0,2026-01-22
3039983,2,0,2026-07-20
3039999,1,1,2025-01-08
3040069,1,0,2026-06-03
3040131,2,2,2025-12-29
3040134,5,4,2026-08-20
3040189,8,3,2025-12-16
3040210,2,0,2025-02-03
3040257,1,0,2025-11-13
3040259,3,2,2026-02-12
3040439,1,0,2026-04-29
3040478,1,1,2025-03-05
3040489,1,0,2026-03-17
3040542,2,0,2026-08-26
3040605,17,4,2026-08-28
3040629,1,0,2025-04-25
3040631,4,4,2025-04-14
3040640,5,1,2025-03-17
3040642,1,1,2026-02-16
3040647,5,4,2026-05-14
3040660,1,1,2026-03-11
3040836,4,4,2026-06-26
3040850,2,2,2026-01-08
3040858,1,1,2025-09-22
3040860,2,0,2025-07-14
3040878,6,0,2026-05-26
3040889,1,0,2025-01-10
3040892,6,0,2025-07-01
3040942,1,0,2025-12-11
3040959,1,0,2025-02-13
3040991,1,1,2026-08-04
3041010,12,4,2026-01-29
3041012,1,0,2026-01-23
3041044,1,0,2025-06-27
3041058,1,1,2026-04-10
3041069,8,2,2026-05-08
3041097,1,0,2025-10-06
3041114,1,0,2026-06-01
3041147,6,5,2026-07-08
3041173,5,0,2026-02-04
3041178,2,2,2026-02-19
3041194,1,1,2026-08-25
3041214,6,0,2026-05-08
3041219,1,0,2025-07-30
3041236,1,1,2025-01-08
3041253,1,0,2026-02-13
3041256,6,6,2026-04-07
3041304,1,1,2026-08-28
3041311,6,1,2026-05-14
3041333,2,1,2026-08-21
3041337,4,2,2026-05-28
3041357,4,3,2025-04-25
3041367,1,0,2025-07-01
3041409,3,3,2026-04-11
3041443,1,1,2025-12-21
3041561,3,0,2025-04-25
3041573,1,0,2026-01-06
3041585,1,0,2025-05-06
3041592,1,0,2026-03-13
3041608,1,1,2026-03-25
3041618,3,1,2026-02-04
3041669,1,1,2026-07-30
3041677,1,1,2026-06-02
3041698,3,3,2026-06-02
3041699,2,1,2025-08-19
3041700,10,4,2026-06-15
3041726,2,2,2026-08-23
3041728,1,0,2025-07-01
3041742,1,1,2026-09-03
3041744,1,1,2025-10-24
3041759,1,1,2026-06-12
3041761,1,0,2025-05-28
3041762,3,1,2026-05-05
3041768,1,0,2026-04-15
3041776,1,0,2025-05-28
3041785,3,1,2025-11-03
3041787,4,2,2026-02-18
3041933,1,0,2025-11-19
3041955,1,0,2026-05-07
3041971,1,0,2025-07-01
3041972,1,0,2026-06-17
3041999,3,0,2026-06-29
3042000,3,1,2026-04-15
3042023,1,1,2026-07-22
3042038,4,3,2026-04-14
3042040,7,6,2026-05-05
3042076,1,1,2026-04-23
3042096,1,1,2025-01-29
3042097,4,4,2026-04-30
3042157,7,0,2026-05-27
3042192,1,0,2026-01-08
3042195,2,2,2026-04-07
3042202,1,1,2026-03-26
3042210,1,0,2025-10-16
3042251,1,0,2026-04-07
3042258,1,1,2026-07-28
3042261,1,0,2025-01-08
3042263,5,0,2026-05-27
3042276,2,0,2025-07-01
3042287,4,1,2025-03-03
3042334,1,0,2026-05-07
3042354,1,0,2025-03-03
3042380,1,0,2025-11-25
3042395,1,0,2025-11-17
3042425,20,1,2025-12-09
3042447,5,3,2026-06-16
3042456,17,0,2026-08-11
3042514,3,1,2026-04-24
3042541,8,5,2026-05-29
3042568,1,1,2026-01-07
3042649,2,2,2026-05-04
3042666,2,0,2026-08-03
3042676,1,0,2026-04-24
3042685,1,0,2025-05-28
3042690,1,0,2026-03-30
3042707,7,1,2025-12-03
3042711,2,0,2025-02-11
3042712,2,0,2025-11-20
3042730,9,5,2026-04-23
3042733,1,0,2025-04-25
3042745,1,0,2026-04-10
3042802,4,4,2026-01-23
3042826,1,0,2025-03-24
3042827,26,9,2026-08-24
3042828,1,0,2025-11-10
3042855,1,0,2025-06-24
3042877,2,1,2025-11-13
3042888,1,1,2026-05-21
3042893,5,4,2026-06-02
3042939,1,0,2025-07-04
3042950,2,2,2025-12-29
3042991,3,2,2025-11-16
3043001,4,0,2026-09-03
3043002,1,0,2025-07-22
3043015,1,0,2025-10-06
3043023,4,0,2026-07-22
3043024,2,1,2026-01-29
3043081,1,0,2025-02-11
3043113,2,0,2025-08-14
3043127,3,2,2026-05-06
3043135,1,0,2026-06-25
3043172,1,0,2025-04-09
3043179,3,0,2025-11-06
3043185,4,0,2026-01-07
3043200,10,4,2025-11-24
3043203,15,5,2026-08-07
3043205,6,0,2026-04-09
3043222,1,0,2025-06-30
3043247,1,1,2026-07-03
3043248,4,0,2026-05-08
3043261,2,1,2025-10-22
3043313,1,1,2025-11-24
3043345,1,0,2026-06-16
3043347,1,1,2025-10-06
3043355,2,0,2026-03-26
3043364,1,1,2025-10-29
3043383,16,0,2026-09-03
3043408,1,0,2026-01-09
3043466,2,0,2026-07-02
3043506,1,0,2025-07-01
3043531,1,1,2025-12-03
3043557,4,3,2025-04-18
3043589,1,1,2025-06-04
3043617,2,2,2025-12-22
3043636,1,0,2025-02-28
3043659,5,3,2026-03-30
3043670,4,4,2026-05-14
3043671,3,2,2025-09-29
3043681,1,0,2026-05-19
3043697,1,1,2026-02-18
3043717,2,2,2025-09-19
3043740,1,0,2025-04-23
3043822,7,0,2026-05-08
3043879,1,1,2025-10-01
3043907,2,0,2025-07-24
3043925,4,1,2025-12-02
3043944,2,1,2026-02-02
3044006,1,0,2025-12-29
3044022,1,0,2025-12-11
3044048,1,0,2025-03-14
3044052,5,0,2026-03-25
3044060,1,1,2025-10-30
3044064,1,0,2025-07-30
3044100,1,0,2025-07-28
3044103,1,0,2025-07-28
3044135,4,1,2026-01-04
3044152,3,1,2025-05-19
3044156,1,0,2025-07-28
3044242,1,0,2025-02-11
3044251,2,0,2025-11-03
3044254,3,1,2026-08-27
3044256,3,3,2025-04-18
3044327,4,3,2025-09-17
3044346,1,1,2025-12-16
3044347,5,4,2026-03-09
3044380,1,0,2025-01-07
3044421,1,0,2025-01-08
3044433,1,1,2026-02-27
3044459,1,0,2026-08-04
3044476,1,0,2025-07-17
3044493,4,1,2025-07-17
3044494,1,0,2025-08-21
3044501,10,0,2026-08-31
3044512,2,0,2025-10-15
3044516,1,1,2025-12-10
3044579,4,1,2026-07-02
3044605,3,0,2025-11-28
3044617,3,3,2026-01-05
3044621,5,1,2026-05-12
3044629,7,7,2025-05-27
3044657,10,0,2026-05-11
3044663,2,1,2026-03-16
3044711,1,0,2025-04-08
3044730,1,0,2025-06-03
3044731,1,0,2025-06-03
3044732,1,0,2025-09-17
3044752,1,0,2025-02-25
3044754,1,0,2025-02-25
3044762,1,1,2025-12-09
3044798,16,15,2026-05-11
3044809,1,0,2025-05-29
3044815,1,0,2025-08-28
3044837,3,1,2025-10-24
3044882,1,1,2026-05-14
3044948,2,1,2025-12-18
3044961,3,2,2026-04-17
3044965,1,1,2026-03-25
3044978,1,1,2025-01-22
3044991,3,2,2025-01-22
3045047,5,0,2026-05-12
3045049,3,0,2025-02-22
3045056,1,0,2026-04-28
3045107,1,0,2026-05-04
3045125,1,0,2026-02-26
3045132,2,0,2025-01-10
3045152,2,0,2026-02-05
3045160,3,0,2025-12-11
3045189,2,0,2025-06-12
3045190,1,0,2026-04-07
3045199,1,0,2025-01-07
3045223,4,1,2025-08-26
3045314,2,1,2026-03-23
3045327,1,1,2025-11-21
3045345,3,2,2026-01-13
3045367,2,0,2026-04-24
3045419,4,1,2025-01-16
3045460,3,3,2026-04-27
3045534,15,12,2026-02-12
3045637,1,1,2025-12-04
3045668,1,0,2026-01-05
3045711,3,0,2026-05-15
3045733,1,0,2026-01-23
3045780,1,0,2025-01-06
3045790,1,0,2026-04-28
3045834,1,0,2025-02-22
3045848,1,0,2026-08-26
3045857,1,0,2025-07-01
3045914,1,0,2025-04-15
3045923,1,1,2025-11-18
3045924,4,4,2026-01-22
3045975,1,0,2026-02-09
3045983,1,0,2026-08-28
3046019,2,0,2026-01-07
3046038,1,0,2025-07-11
3046071,1,0,2026-06-10
3046079,1,1,2025-06-03
3046110,7,4,2026-01-08
3046261,1,0,2026-07-27
3046339,1,0,2025-09-25
3046373,2,0,2026-06-22
3046401,1,0,2026-01-16
3046434,6,0,2026-06-07
3046515,8,2,2026-08-31
3046557,1,0,2025-12-19
3046618,2,1,2026-08-14
3046633,1,1,2025-11-05
3046671,1,0,2025-04-23
3046687,1,1,2025-03-03
3046780,3,0,2025-12-09
3046800,4,4,2026-06-10
3046876,2,0,2026-05-12
3046886,2,0,2026-01-02
3046887,1,0,2025-01-06
3046892,1,1,2025-02-14
3047054,1,0,2025-04-28
3047096,2,1,2026-02-08
3047118,1,0,2026-06-25
3047143,1,0,2025-06-11
3047144,1,1,2026-07-19
3047159,1,0,2025-07-01
3047176,1,1,2026-08-21
3047271,2,0,2026-06-03
3047305,1,1,2025-12-15
3047352,2,2,2026-01-09
3047374,1,1,2025-10-10
3047511,2,0,2026-05-29
3047520,4,4,2026-02-11
3047573,2,1,2025-04-08
3047584,1,1,2025-04-15
3047630,4,1,2026-06-29
3047655,5,3,2025-07-09
3047699,6,1,2026-08-13
3047734,4,0,2025-06-12
3047802,11,4,2026-04-15
3047820,1,0,2025-09-04
3047855,6,6,2025-11-05
3047862,1,0,2026-08-24
3047914,6,0,2026-05-13
3047916,3,0,2025-07-01
3047923,5,1,2026-09-08
3047934,1,0,2025-11-03
3047958,9,5,2025-02-12
3047971,1,0,2025-10-24
3047976,1,1,2026-06-15
3047981,12,6,2026-08-27
3047996,6,0,2026-05-18
3048015,1,1,2026-03-09
3048036,1,1,2025-12-04
3048037,1,0,2026-06-02
3048053,1,0,2026-01-13
3048136,3,3,2026-03-18
3048176,7,2,2026-07-23
3048181,4,2,2025-11-12
3048190,1,1,2025-11-24
3048198,2,1,2025-01-20
3048201,5,0,2025-07-10
3048237,2,0,2026-05-01
3048266,3,0,2025-12-03
3048296,1,1,2026-07-09
3048297,1,0,2025-12-03
3048298,4,1,2026-09-10
3048303,3,3,2026-03-24
3048335,4,2,2026-02-04
3048339,1,1,2025-09-11
3048352,3,0,2025-05-19
3048354,1,0,2025-03-28
3048360,1,1,2026-01-30
3048362,4,0,2026-02-19
3048379,12,11,2025-12-12
3048396,1,1,2026-02-18
3048406,2,0,2025-11-05
3048409,8,2,2026-07-07
3048420,1,0,2025-12-11
3048423,1,1,2025-02-06
3048435,1,1,2025-12-05
3048462,2,2,2026-03-06
3048468,5,3,2025-07-23
3048469,1,0,2026-01-22
3048476,11,3,2025-10-21
3048491,1,0,2025-06-09
3048494,1,1,2026-01-07
3048495,4,1,2026-07-13
3048505,2,1,2025-12-31
3048508,11,0,2026-05-14
3048509,1,0,2026-03-20
3048517,4,0,2026-05-14
3048535,6,2,2026-07-23
3048536,8,5,2025-07-09
3048543,1,0,2025-10-23
3048546,7,0,2026-05-21
3048556,1,0,2025-12-01
3048561,1,0,2025-08-20
3048562,23,17,2026-08-27
3048563,8,6,2026-03-18
3048569,6,1,2026-02-03
3048580,3,1,2026-02-20
3048612,1,0,2025-01-29
3048613,3,2,2026-03-26
3048622,1,0,2025-03-31
3048628,3,2,2026-02-03
3048643,17,15,2025-12-03
3048644,1,0,2025-02-05
3048650,4,2,2025-01-14
3048653,4,0,2026-04-22
3048656,1,1,2026-03-25
3048661,4,3,2026-05-14
3048698,2,0,2025-03-08
3048702,10,4,2026-02-17
3048707,5,0,2026-08-10
3048724,2,2,2026-01-30
3048727,1,0,2025-09-12
3048728,6,3,2025-11-14
3048729,4,1,2026-07-03
3048730,10,2,2026-07-03
3048736,1,0,2026-03-17
3048738,1,0,2026-03-17
3048770,4,4,2025-08-06
3048772,4,3,2025-12-23
3048775,2,2,2026-01-06
3048776,3,1,2025-07-03
3048777,1,1,2025-09-17
3048787,10,4,2026-01-09
3048792,1,1,2026-02-26
3048793,3,1,2025-04-29
3048813,2,1,2026-02-17
3048815,8,3,2026-03-19
3048816,1,0,2025-08-07
3048818,3,0,2026-06-01
3048823,3,0,2026-05-12
3048833,1,0,2026-02-20
3048838,1,1,2026-01-15
3048846,2,1,2026-02-18
3048870,6,3,2025-08-25
3048877,2,1,2026-07-24
3048878,9,2,2026-08-11
3048883,11,9,2025-11-21
3048901,3,2,2026-02-11
3048913,1,1,2026-05-26
3048944,11,4,2026-08-17
3048945,1,0,2026-08-03
3048946,4,0,2025-08-20
3048954,2,0,2025-08-24
3048976,3,0,2026-06-05
3048977,1,1,2026-03-30
3048982,5,2,2026-09-08
3049009,1,1,2026-02-24
3049016,1,0,2026-07-23
3049020,4,0,2026-05-18
3049031,1,1,2025-10-07
3049040,5,1,2026-05-15
3049047,1,1,2026-07-28
3049048,1,0,2025-06-30
3049050,1,0,2026-01-06
3049059,1,0,2026-05-11
3049073,3,2,2026-04-06
3049101,2,1,2025-08-11
3049102,2,0,2026-07-27
3049127,1,0,2025-04-09
3049141,2,0,2026-08-31
3049151,10,4,2026-08-20
3049152,5,3,2026-08-31
3049160,4,3,2026-02-05
3049209,2,1,2025-09-09
3049224,1,0,2025-07-01
3049249,2,2,2026-03-30
3049287,1,0,2025-10-15
3049297,1,1,2026-07-02
3049316,1,0,2025-11-07
3049321,1,1,2026-08-13
3049349,1,0,2025-09-09
3049353,4,1,2025-09-13
3049420,3,0,2026-05-18
3049445,4,2,2026-05-11
3049521,5,4,2025-04-29
3049530,1,0,2026-03-05
3049537,1,0,2026-02-19
3049565,4,2,2026-02-06
3049569,1,1,2026-03-06
3049570,1,0,2026-01-16
3049576,3,3,2025-07-29
3049591,2,1,2026-01-30
3049596,5,0,2025-12-09
3049598,6,3,2026-06-03
3049615,4,0,2025-08-12
3049622,15,2,2026-08-29
3049647,2,0,2026-06-15
3049691,1,1,2026-01-30
3049693,9,2,2026-07-16
3049703,1,1,2026-08-25
3049709,4,3,2025-11-26
3049714,1,0,2025-03-19
3049715,1,0,2025-01-09
3049719,1,0,2025-04-29
3049732,1,0,2025-01-04
3049760,1,0,2025-03-14
3049766,3,2,2026-03-12
3049767,2,0,2025-07-29
3049768,1,0,2025-01-29
3049769,5,0,2026-05-15
3049800,1,1,2026-07-02
3049807,2,0,2025-11-20
3049812,1,0,2025-12-11
3049820,12,4,2026-05-20
3049858,4,0,2026-05-15
3049873,1,1,2026-08-31
3049879,5,0,2026-02-21
3049909,2,1,2026-03-31
3049920,1,0,2026-08-31
3049938,2,0,2026-08-28
3049966,1,0,2025-07-30
3050011,3,1,2025-10-31
3050066,1,1,2025-04-29
3050080,2,0,2026-04-21
3050082,1,0,2026-07-10
3050083,3,0,2025-07-30
3050120,1,0,2025-03-21
3050121,1,0,2026-05-20
3050158,1,0,2026-02-27
3050160,2,2,2026-04-10
3050177,3,2,2026-04-27
3050223,1,0,2025-09-10
3050240,1,0,2025-09-29
3050296,1,1,2025-08-13
3050313,1,1,2026-04-02
3050362,1,1,2025-10-21
3050417,4,0,2026-05-01
3050447,14,8,2025-12-22
3050454,1,0,2025-05-30
3050479,6,4,2025-05-05
3050491,5,1,2026-04-24
3050588,1,0,2025-05-01
3050594,2,0,2025-09-26
3050603,1,1,2025-07-31
3050604,3,0,2025-07-23
3050614,3,1,2026-04-13
3050644,3,2,2026-02-03
3050703,6,0,2025-05-08
3050765,1,0,2026-04-10
3050766,5,5,2025-11-12
3050775,1,0,2025-07-28
3050781,4,2,2026-03-10
3050782,3,3,2025-10-29
3050783,1,0,2025-10-15
3050784,2,2,2025-10-15
3050785,2,0,2025-12-03
3050787,7,6,2026-05-13
3050793,1,1,2026-01-12
3050805,3,3,2025-03-18
3050831,3,3,2026-06-18
3050853,3,0,2026-01-16
3050883,3,1,2025-11-28
3050958,3,0,2025-11-25
3050959,1,0,2025-12-09
3050971,1,0,2025-12-31
3050978,2,2,2026-08-11
3051011,1,1,2025-11-10
3051021,1,0,2025-03-04
3051048,1,0,2025-07-29
3051074,4,0,2026-05-07
3051079,12,0,2026-07-23
3051084,2,2,2025-10-31
3051111,2,0,2026-05-08
3051131,2,1,2026-08-24
3051134,1,0,2026-07-28
3051169,8,2,2025-06-18
3051204,3,0,2026-08-26
3051282,2,0,2026-08-24
3051283,4,1,2026-05-06
3051312,2,1,2026-04-24
3051317,3,0,2026-08-03
3051318,1,1,2025-07-11
3051409,1,0,2026-07-15
3051438,1,0,2026-07-15
3051454,2,0,2025-12-05
3051458,4,0,2026-05-15
3051512,6,0,2026-07-07
3051537,3,2,2026-04-06
3051540,4,0,2026-05-18
3051545,4,2,2026-07-30
3051547,1,1,2026-01-06
3051557,1,0,2026-02-20
3051566,4,0,2026-02-13
3051571,6,1,2025-08-21
3051572,18,6,2026-08-28
3051578,7,6,2026-03-10
3051588,1,0,2025-05-07
3051611,1,0,2026-01-09
3051619,5,0,2026-03-17
3051634,1,0,2025-10-27
3051640,1,0,2026-02-05
3051641,8,4,2026-05-18
3051661,8,7,2026-01-13
3051686,3,1,2026-01-03
3051709,5,0,2026-09-01
3051738,1,1,2026-01-15
3051764,1,0,2025-11-05
3051778,2,0,2025-08-07
3051783,1,0,2026-01-14
3051788,1,0,2025-05-15
3051792,1,0,2025-11-24
3051832,1,0,2025-11-14
3051872,1,0,2025-05-07
3051874,1,1,2026-07-20
3051884,2,0,2026-05-08
3051914,1,0,2025-04-28
3052038,10,8,2026-06-26
3052052,3,2,2025-09-22
3052104,1,0,2026-05-01
3052111,1,0,2026-01-20
3052125,2,0,2025-07-07
3052162,3,1,2026-06-01
3052163,1,0,2025-05-06
3052193,1,0,2025-05-13
3052216,1,0,2025-01-29
3052222,3,3,2025-07-21
3052223,1,0,2025-07-01
3052261,3,2,2025-08-20
3052291,1,0,2025-09-15
3052339,1,0,2026-04-06
3052342,3,0,2025-04-18
3052387,1,0,2026-08-12
3052403,1,0,2025-02-05
3052433,1,0,2026-05-20
3052451,1,0,2025-04-11
3052461,1,0,2025-05-08
3052462,2,0,2026-02-21
3052482,2,2,2026-04-07
3052485,2,1,2026-03-06
3052512,2,0,2025-10-20
3052566,1,0,2026-04-29
3052568,1,0,2026-01-22
3052571,5,2,2026-03-16
3052579,1,0,2025-02-13
3052614,3,2,2026-01-08
3052618,1,0,2026-02-13
3052632,1,0,2025-05-02
3052704,1,0,2025-07-01
3052724,1,0,2025-04-23
3052832,1,0,2025-07-01
3052850,1,0,2025-07-01
3052859,1,0,2025-09-08
3052863,1,0,2026-02-05
3052940,1,0,2026-09-03
3052978,6,1,2026-07-01
3052984,2,1,2025-11-12
3052988,13,9,2026-01-19
3053020,4,0,2026-05-18
3053033,2,0,2025-01-03
3053056,1,0,2026-03-11
3053065,2,0,2026-03-06
3053071,4,4,2026-05-08
3053075,8,0,2026-05-19
3053108,2,0,2025-10-02
3053115,3,3,2026-07-22
3053143,8,5,2026-05-08
3053171,2,0,2026-01-22
3053176,8,2,2025-10-06
3053198,3,3,2026-03-13
3053204,1,0,2026-04-03
3053215,1,1,2026-03-16
3053219,2,1,2026-08-20
3053238,2,0,2025-05-07
3053244,1,0,2025-03-04
3053249,1,0,2025-11-21
3053262,1,1,2026-05-27
3053271,3,0,2026-08-31
3053279,1,0,2026-05-08
3053284,3,1,2026-02-25
3053302,1,0,2026-02-24
3053323,2,0,2026-08-07
3053337,4,0,2026-02-02
3053341,1,0,2026-06-16
3053342,1,0,2025-07-01
3053382,2,0,2026-03-27
3053394,1,0,2026-08-07
3053455,1,1,2026-07-02
3053459,3,3,2026-07-28
3053460,3,1,2026-08-24
3053467,3,2,2026-08-21
3053468,5,0,2026-05-29
3053475,2,0,2026-04-20
3053529,2,1,2025-07-24
3053621,2,2,2026-06-29
3053623,1,1,2025-09-02
3053626,1,0,2025-11-18
3053630,1,0,2025-11-18
3053637,1,0,2025-01-08
3053641,6,1,2026-08-29
3053645,2,0,2025-11-18
3053683,1,0,2025-07-01
3053684,2,0,2026-07-19
3053687,1,1,2025-12-29
3053705,1,0,2025-04-04
3053711,1,0,2025-01-29
3053730,1,1,2025-09-19
3053741,3,3,2025-09-22
3053746,2,2,2026-07-29
3053758,1,0,2025-09-19
3053786,5,4,2026-07-15
3053791,1,0,2026-01-12
3053808,1,1,2025-11-18
3053809,1,0,2025-02-03
3053822,1,1,2026-01-20
3053828,1,0,2025-03-16
3053862,1,0,2026-01-14
3053927,2,1,2025-11-14
3053930,3,2,2026-03-25
3053934,5,5,2026-06-25
3053979,7,6,2026-07-10
3053982,13,6,2026-03-26
3053991,1,0,2026-04-24
3053993,7,0,2026-05-19
3054002,5,4,2026-01-06
3054005,1,1,2025-03-13
3054023,9,4,2026-09-03
3054024,4,4,2026-02-06
3054028,6,0,2025-12-23
3054043,7,1,2026-07-29
3054046,8,0,2026-08-21
3054048,3,3,2026-01-09
3054055,1,0,2025-01-09
3054091,5,5,2026-02-10
3054093,1,1,2026-03-25
3054130,2,2,2026-03-31
3054138,7,6,2025-12-09
3054140,6,5,2026-03-23
3054157,3,1,2026-05-19
3054158,4,2,2025-11-28
3054191,3,0,2026-01-24
3054193,1,0,2026-03-09
3054201,1,0,2025-11-21
3054205,2,0,2025-09-07
3054269,1,1,2026-08-07
3054290,1,0,2025-07-09
3054314,1,0,2025-07-01
3054320,6,2,2026-08-27
3054323,8,0,2026-02-02
3054357,4,0,2025-12-17
3054358,3,1,2025-12-08
3054370,1,0,2025-10-07
3054374,1,0,2025-07-22
3054380,3,1,2026-04-13
3054395,9,7,2026-09-03
3054401,1,1,2025-08-23
3054403,1,0,2025-07-01
3054404,1,1,2025-03-20
3054487,1,1,2025-03-31
3054500,1,0,2026-03-17
3054505,14,4,2026-02-11
3054516,1,1,2025-05-06
3054517,10,6,2025-10-21
3054519,1,1,2025-10-21
3054520,1,0,2025-03-26
3054589,1,1,2025-08-07
3054599,4,4,2025-12-02
3054602,2,1,2025-06-06
3054611,2,1,2025-10-15
3054617,3,3,2025-11-13
3054631,1,0,2026-05-19
3054671,7,0,2026-05-19
3054701,3,0,2025-11-10
3054706,1,0,2025-12-05
3054714,1,0,2025-10-14
3054738,6,4,2025-04-07
3054739,4,0,2026-04-06
3054742,4,0,2026-09-08
3054750,5,5,2026-02-27
3054783,2,0,2025-08-01
3054792,1,0,2025-03-26
3054797,2,1,2026-09-09
3054805,3,0,2025-06-04
3054809,1,0,2025-10-07
3054811,1,0,2025-01-29
3054841,2,1,2025-10-09
3054900,3,2,2026-08-18
3054910,10,5,2026-07-22
3054926,2,0,2025-11-12
3054927,1,0,2025-02-11
3054931,3,1,2026-01-30
3054939,9,1,2025-12-03
3054945,1,0,2025-07-01
3054946,1,1,2026-01-06
3054953,3,1,2026-07-27
3054954,11,8,2026-06-15
3054955,1,1,2025-09-22
3054998,1,1,2025-01-16
3055002,1,0,2025-02-28
3055020,1,1,2025-12-13
3055027,2,0,2026-02-05
3055034,1,0,2025-10-02
3055056,3,0,2026-05-08
3055073,1,0,2025-06-20
3055074,7,3,2026-06-11
3055092,1,0,2025-04-05
3055093,2,1,2026-07-02
3055095,3,2,2026-08-18
3055100,3,0,2026-01-08
3055118,6,1,2026-08-31
3055136,2,0,2026-08-19
3055137,5,1,2025-07-17
3055165,7,0,2026-05-26
3055168,2,2,2026-05-15
3055171,1,0,2026-01-07
3055183,2,1,2026-02-16
3055212,2,1,2025-07-08
3055234,2,0,2025-11-20
3055239,1,1,2025-12-02
3055250,2,0,2025-12-01
3055252,1,0,2026-08-26
3055268,3,2,2025-04-02
3055296,1,0,2025-03-21
3055309,1,0,2025-07-01
3055310,1,1,2025-09-29
3055324,3,1,2025-01-31
3055375,1,0,2025-04-08
3055377,2,0,2025-10-29
3055378,5,0,2026-02-03
3055383,1,1,2026-01-30
3055401,2,0,2025-07-17
3055415,9,2,2026-02-21
3055417,7,4,2026-02-21
3055424,4,1,2026-04-09
3055443,10,7,2025-11-25
3055444,1,1,2025-07-29
3055445,6,0,2026-06-30
3055477,1,0,2025-09-29
3055488,7,0,2026-06-08
3055515,3,1,2026-01-22
3055536,1,0,2026-01-12
3055539,1,0,2025-07-23
3055541,1,0,2025-09-25
3055546,4,4,2026-07-16
3055580,1,0,2026-06-23
3055594,1,0,2025-04-03
3055597,1,0,2025-05-19
3055619,1,0,2026-04-16
3055620,1,0,2026-06-23
3055645,3,0,2025-02-27
3055670,1,0,2025-12-04
3055679,9,3,2026-09-08
3055695,1,1,2025-12-30
3055698,1,1,2026-02-18
3055710,3,2,2026-08-31
3055761,1,0,2025-12-24
3055784,9,7,2025-10-22
3055808,1,0,2026-06-01
3055815,2,1,2026-02-04
3055819,1,1,2026-07-09
3055821,5,2,2026-07-09
3055827,3,1,2026-02-02
3055848,5,1,2026-05-21
3055849,1,0,2026-07-02
3055863,3,0,2026-02-20
3055921,1,0,2025-09-15
3055926,3,2,2025-07-07
3055930,3,3,2025-11-12
3055956,3,1,2025-10-01
3055957,6,2,2026-04-22
3055959,2,0,2026-05-18
3055983,2,0,2026-03-26
3055994,2,1,2026-08-28
3055996,2,1,2026-04-29
3056005,2,0,2025-01-29
3056061,4,2,2026-08-19
3056082,1,0,2026-01-13
3056084,1,0,2026-08-04
3056165,1,0,2026-08-14
3056174,8,4,2026-08-04
3056191,1,0,2026-09-09
3056215,1,0,2025-07-01
3056259,1,0,2026-04-23
3056297,1,1,2026-01-28
3056302,1,0,2026-01-23
3056319,7,6,2026-01-27
3056327,7,5,2026-02-09
3056333,1,0,2025-02-11
3056339,2,1,2026-01-20
3056377,1,0,2026-03-27
3056403,1,0,2026-08-31
3056405,6,2,2026-01-21
3056423,1,1,2026-03-11
3056428,5,0,2026-05-12
3056430,1,1,2025-12-15
3056454,1,1,2025-07-22
3056468,2,0,2026-03-05
3056490,1,1,2025-10-15
3056500,2,1,2026-03-19
3056501,1,0,2025-11-17
3056509,1,0,2025-11-19
3056519,2,1,2026-01-09
3056520,1,0,2025-09-18
3056532,1,0,2025-04-22
3056552,10,8,2026-05-26
3056589,2,0,2026-02-03
3056595,2,0,2026-08-07
3056597,2,0,2025-07-17
3056600,6,2,2026-04-01
3056612,2,0,2025-11-26
3056622,1,1,2025-10-07
3056641,11,7,2025-10-31
3056648,3,1,2026-06-01
3056650,1,0,2026-07-07
3056653,3,2,2026-08-24
3056666,1,0,2026-05-18
3056699,3,0,2025-04-16
3056728,6,3,2025-08-29
3056735,10,1,2026-07-23
3056786,7,6,2025-12-07
3056805,2,1,2026-07-22
3056893,1,1,2025-08-25
3056898,1,0,2025-12-11
3056915,4,2,2026-06-15
3056936,1,1,2025-09-16
3056953,1,1,2025-10-09
3056977,5,3,2026-01-15
3056981,2,1,2026-03-20
3057007,1,0,2026-02-03
3057011,2,0,2025-01-04
3057089,1,0,2026-08-25
3057097,3,0,2026-08-20
3057127,2,1,2026-05-20
3057153,1,1,2026-01-05
3057161,1,0,2026-03-26
3057185,1,0,2025-01-31
3057214,3,1,2025-07-09
3057215,1,1,2025-11-14
3057234,1,0,2025-09-10
3057258,2,0,2025-09-10
3057282,4,2,2025-12-30
3057295,2,2,2025-12-01
3057297,10,10,2026-04-10
3057301,2,1,2025-10-31
3057360,3,3,2026-06-03
3057362,2,0,2026-08-13
3057377,1,0,2025-11-16
3057382,13,3,2026-07-17
3057406,4,0,2026-05-26
3057409,1,0,2025-12-01
3057410,3,1,2026-03-02
3057420,1,0,2025-04-21
3057435,1,0,2025-11-14
3057467,5,2,2025-09-16
3057470,1,0,2025-11-03
3057474,11,9,2026-05-12
3057520,2,1,2026-08-01
3057521,6,0,2026-02-04
3057525,1,0,2025-07-15
3057553,1,0,2026-07-16
3057615,2,2,2025-09-25
3057634,3,0,2025-09-23
3057635,1,1,2026-02-20
3057638,1,0,2026-02-05
3057647,1,0,2026-03-16
3057658,2,0,2026-09-07
3057679,5,2,2025-10-16
3057704,1,0,2025-07-01
3057705,1,0,2025-07-01
3057720,1,0,2025-08-27
3057725,1,0,2025-12-03
3057751,3,1,2026-06-16
3057758,1,0,2026-08-18
3057776,2,1,2026-04-01
3057777,1,1,2025-02-18
3057833,7,5,2026-06-16
3057840,2,1,2026-06-26
3057845,2,2,2025-09-17
3057847,9,8,2026-07-30
3057848,2,1,2025-12-23
3057881,14,1,2026-02-10
3057895,1,0,2026-09-08
3057898,1,1,2026-05-11
3057899,1,0,2025-07-16
3057912,2,0,2025-01-02
3057921,3,1,2026-09-04
3057925,3,3,2026-02-09
3057935,18,9,2026-07-09
3057942,3,0,2026-02-05
3057984,1,0,2026-02-24
3058005,3,3,2026-07-15
3058006,9,4,2025-10-15
3058025,1,0,2026-01-07
3058036,7,1,2025-11-05
3058038,2,0,2025-05-30
3058044,1,1,2026-03-13
3058067,1,1,2026-01-16
3058078,1,1,2026-04-18
3058079,1,1,2026-04-18
3058080,1,1,2026-04-18
3058088,12,0,2026-02-02
3058097,3,2,2026-07-31
3058116,1,1,2025-09-11
3058146,2,2,2026-08-10
3058181,1,1,2026-07-16
3058206,3,3,2026-02-17
3058215,3,2,2025-12-22
3058216,12,7,2026-05-08
3058223,1,1,2025-10-15
3058263,14,8,2026-01-22
3058265,12,2,2026-08-03
3058272,1,0,2025-07-01
3058293,2,1,2026-07-09
3058325,2,1,2025-06-26
3058327,1,1,2025-06-02
3058329,2,0,2025-12-01
3058349,2,0,2025-10-02
3058354,3,0,2026-01-08
3058386,1,0,2025-10-01
3058389,1,0,2025-03-31
3058393,2,0,2025-04-05
3058410,3,1,2026-03-13
3058411,5,1,2026-06-08
3058528,1,1,2026-09-04
3058531,7,0,2026-02-06
3058535,1,0,2025-10-15
3058544,1,0,2025-03-26
3058661,1,0,2025-01-08
3058677,3,2,2025-06-14
3058710,1,0,2025-10-09
3058733,3,0,2026-08-04
3058734,4,2,2026-04-17
3058749,3,1,2025-07-25
3058752,14,1,2026-02-04
3058759,2,0,2025-05-12
3058761,1,0,2026-02-17
3058769,1,0,2025-07-01
3058788,4,0,2026-07-21
3058854,2,0,2025-07-01
3058855,3,0,2025-09-15
3058862,1,0,2026-08-22
3058868,1,1,2025-03-21
3058922,6,3,2026-08-04
3058981,3,0,2025-07-16
3058998,1,0,2025-07-23
3059012,8,2,2026-08-05
3059019,1,0,2026-02-27
3059021,1,0,2025-11-24
3059027,1,0,2025-12-11
3059051,6,0,2026-02-05
3059064,1,0,2026-06-08
3059118,12,1,2026-08-28
3059161,1,0,2026-04-20
3059162,3,0,2025-11-05
3059164,1,0,2026-07-20
3059181,1,0,2025-06-04
3059187,1,1,2025-04-24
3059222,1,0,2026-08-14
3059226,1,0,2025-12-09
3059229,1,1,2026-03-09
3059242,14,0,2026-06-08
3059265,1,0,2025-07-01
3059266,1,0,2025-07-01
3059287,1,0,2025-09-09
3059318,1,0,2025-07-09
3059346,1,0,2026-07-03
3059350,1,0,2026-09-09
3059377,1,0,2025-01-29
3059418,10,3,2026-08-26
3059438,2,1,2025-09-11
3059456,1,0,2025-08-05
3059486,7,0,2026-03-05
3059488,5,1,2026-08-05
3059496,1,0,2025-10-31
3059504,5,4,2025-02-20
3059514,5,0,2026-08-03
3059530,1,0,2025-04-08
3059531,4,1,2025-06-04
3059532,4,1,2026-07-13
3059545,2,1,2025-11-06
3059549,1,0,2025-11-18
3059551,4,3,2025-10-20
3059555,1,0,2025-04-08
3059566,1,0,2025-02-24
3059567,1,1,2025-01-09
3059582,3,3,2025-09-05
3059584,4,1,2026-08-31
3059598,2,0,2026-06-05
3059691,1,0,2025-02-20
3059730,8,5,2025-07-11
3059741,1,0,2025-07-01
3059742,1,1,2026-01-29
3059744,1,1,2025-11-21
3059752,6,5,2026-08-06
3059755,9,5,2026-01-23
3059763,4,2,2025-10-08
3059764,3,1,2025-10-08
3059765,1,1,2025-02-24
3059776,2,1,2025-03-25
3059781,3,2,2025-04-24
3059799,3,2,2026-09-02
3059804,2,1,2026-07-16
3059814,2,0,2026-06-08
3059821,1,1,2025-03-20
3059832,11,3,2026-07-17
3059851,2,2,2026-07-13
3059906,7,0,2026-05-29
3059909,2,0,2026-03-04
3059911,1,1,2025-10-14
3059927,1,0,2025-12-23
3059929,4,0,2026-08-18
3059959,2,0,2026-04-02
3059971,14,9,2026-03-04
3060037,1,0,2025-09-15
3060084,8,5,2026-01-22
3060087,7,2,2026-02-24
3060093,1,1,2025-09-18
3060113,1,0,2025-02-25
3060114,2,1,2025-12-13
3060116,2,2,2025-09-22
3060122,3,2,2025-03-07
3060123,5,2,2025-12-22
3060131,1,0,2025-09-29
3060155,6,4,2025-10-27
3060168,2,0,2025-01-29
3060172,3,2,2025-07-08
3060203,3,3,2025-10-21
3060245,2,2,2025-11-06
3060255,1,1,2025-12-29
3060288,1,1,2026-01-07
3060294,1,1,2025-10-21
3060342,3,3,2025-08-11
3060353,2,2,2025-10-29
3060490,1,1,2026-07-26
3060548,1,1,2026-05-28
3060576,2,2,2026-02-09
3060583,2,0,2026-02-05
3060626,2,0,2025-11-07
3060651,3,3,2026-07-10
3060668,1,1,2026-07-15
3060677,1,1,2025-10-23
3060683,9,9,2026-05-08
3060709,1,0,2026-03-23
3060777,1,0,2025-03-21
3060780,2,0,2025-07-01
3060844,4,2,2026-05-18
3060910,1,1,2025-10-09
3060932,6,6,2025-04-23
3060955,2,2,2025-11-14
3060973,8,5,2025-09-22
3061028,2,0,2025-10-27
3061064,7,0,2026-06-02
3061065,1,0,2025-07-01
3061066,1,1,2025-05-02
3061069,2,2,2025-11-10
3061070,2,0,2025-02-21
3061071,2,1,2026-03-10
3061075,3,1,2026-08-25
3061156,1,0,2025-11-06
3061180,2,1,2026-09-07
3061211,2,0,2026-04-23
3061234,1,1,2025-10-22
3061235,8,0,2026-07-10
3061244,1,1,2025-07-07
3061297,3,0,2026-08-21
3061300,1,0,2026-05-07
3061307,3,1,2025-10-27
3061312,7,7,2026-08-21
3061328,8,0,2026-06-05
3061336,1,1,2025-01-08
3061344,1,1,2026-02-01
3061366,1,0,2025-04-24
3061409,5,4,2026-02-05
3061430,1,0,2025-02-10
3061432,3,2,2026-03-18
3061435,1,1,2025-05-03
3061450,2,0,2025-09-13
3061463,3,3,2025-10-20
3061471,5,0,2026-05-26
3061513,1,1,2025-07-30
3061522,7,3,2026-08-27
3061548,2,0,2025-03-10
3061572,2,0,2026-05-21
3061610,3,1,2025-09-17
3061623,3,1,2025-09-29
3061625,2,0,2026-02-07
3061651,3,0,2026-08-18
3061660,1,0,2025-11-17
3061662,2,1,2025-02-18
3061666,1,0,2025-09-04
3061667,1,0,2026-01-27
3061674,4,0,2026-07-10
3061688,23,18,2025-11-10
3061689,1,1,2025-06-05
3061693,2,0,2025-03-26
3061701,1,0,2026-03-13
3061744,1,0,2026-07-16
3061777,1,0,2025-05-02
3061783,4,2,2025-10-23
3061820,2,0,2026-08-31
3061834,2,0,2026-08-13
3061838,1,1,2026-04-21
3061847,4,1,2025-12-30
3061850,1,0,2025-01-29
3061853,1,0,2025-08-29
3061857,7,1,2026-05-13
3061864,1,0,2026-08-19
3061914,7,6,2026-08-19
3061918,1,0,2025-04-15
3061944,1,0,2026-02-17
3061956,1,0,2025-01-29
3061972,10,1,2026-06-29
3061989,6,6,2026-07-16
3061992,5,0,2026-06-09
3061994,6,1,2026-05-13
3062037,1,0,2025-03-24
3062038,11,0,2026-02-24
3062092,2,0,2025-10-22
3062096,1,0,2025-07-01
3062105,2,1,2025-12-11
3062112,2,0,2025-03-01
3062113,1,0,2025-09-11
3062133,4,2,2025-12-29
3062135,5,2,2026-08-20
3062142,7,2,2025-12-23
3062155,2,1,2025-02-26
3062164,2,0,2026-08-20
3062211,1,0,2025-08-09
3062216,3,1,2025-11-03
3062236,2,0,2026-03-24
3062247,1,0,2025-10-20
3062256,4,4,2026-07-31
3062268,1,1,2026-08-11
3062291,12,8,2026-08-18
3062293,1,0,2025-09-29
3062316,5,1,2026-07-16
3062326,2,0,2025-03-20
3062332,1,1,2025-02-27
3062336,1,1,2025-10-24
3062358,1,1,2026-01-09
3062371,2,0,2026-02-04
3062377,2,0,2025-09-23
3062380,2,2,2025-10-14
3062394,1,1,2025-10-15
3062396,10,3,2026-06-23
3062419,1,0,2025-10-29
3062426,2,1,2026-08-16
3062428,1,0,2025-04-08
3062434,1,0,2025-04-17
3062436,4,1,2025-05-13
3062447,4,3,2025-12-18
3062477,7,1,2026-08-24
3062478,1,1,2025-06-03
3062486,4,0,2025-10-27
3062494,5,2,2026-08-28
3062501,1,0,2025-01-29
3062507,2,0,2025-11-03
3062508,2,1,2025-11-03
3062529,1,0,2025-06-04
3062533,8,7,2025-10-23
3062550,2,0,2025-03-26
3062551,13,4,2026-04-29
3062556,1,0,2025-07-31
3062565,7,3,2025-09-10
3062603,2,0,2026-07-29
3062626,2,1,2026-08-24
3062635,1,0,2025-08-22
3062647,2,1,2025-10-28
3062690,1,0,2025-07-01
3062732,4,3,2025-05-22
3062746,1,1,2025-09-17
3062760,5,1,2025-02-13
3062766,5,0,2026-06-02
3062776,2,0,2025-10-07
3062793,3,2,2025-06-20
3062797,7,5,2026-02-06
3062798,1,0,2026-08-13
3062828,1,0,2025-04-15
3062832,1,1,2025-03-05
3062833,1,1,2025-03-05
3062834,1,0,2026-07-06
3062835,2,2,2025-10-23
3062846,2,2,2025-06-06
3062848,1,0,2025-07-01
3062850,1,1,2026-05-07
3062851,1,1,2025-09-18
3062861,1,1,2025-09-18
3062876,2,0,2025-02-18
3062888,24,12,2026-08-27
3062905,1,0,2025-10-16
3062906,1,0,2025-05-15
3062910,1,0,2025-01-29
3062922,2,0,2026-02-26
3062941,2,1,2025-10-06
3062956,1,1,2025-03-27
3062965,1,0,2026-08-10
3062966,1,0,2025-10-06
3062969,3,0,2025-11-06
3062995,9,6,2026-08-17
3062998,1,1,2026-03-18
3063012,1,1,2026-03-25
3063013,1,0,2025-09-05
3063018,1,1,2025-11-25
3063019,2,2,2025-10-14
3063021,1,0,2025-11-25
3063028,1,0,2026-02-12
3063031,2,0,2026-05-28
3063041,1,0,2025-07-01
3063045,1,0,2025-09-11
3063047,1,0,2025-12-22
3063048,3,1,2025-09-29
3063049,2,1,2025-09-29
3063058,3,3,2026-07-29
3063060,3,1,2025-08-28
3063067,1,0,2025-03-08
3063068,2,0,2025-02-18
3063081,1,0,2025-02-08
3063104,6,0,2025-07-14
3063105,9,3,2025-06-05
3063106,1,0,2025-07-14
3063120,1,0,2026-08-12
3063126,9,9,2025-10-27
3063128,5,0,2026-06-03
3063130,1,0,2026-02-17
3063157,1,0,2025-01-29
3063175,10,1,2026-01-30
3063184,1,0,2026-07-29
3063188,7,0,2026-06-04
3063189,2,0,2026-06-04
3063199,2,0,2025-10-01
3063200,1,1,2025-03-18
3063215,7,0,2026-08-13
3063216,1,1,2025-02-04
3063217,7,5,2026-08-19
3063218,1,1,2026-07-28
3063219,5,5,2026-07-28
3063221,6,6,2026-06-08
3063223,2,2,2026-03-16
3063224,2,0,2025-07-01
3063229,2,0,2026-08-31
3063242,1,0,2026-06-25
3063267,4,2,2026-08-31
3063289,1,0,2025-10-02
3063291,7,3,2026-07-31
3063293,2,2,2025-02-14
3063314,1,1,2025-10-21
3063323,6,2,2026-03-06
3063327,1,0,2026-08-19
3063331,1,0,2026-03-31
3063345,4,0,2025-08-04
3063347,1,1,2025-12-22
3063350,11,6,2026-04-20
3063356,3,0,2025-03-25
3063366,3,1,2025-10-03
3063398,2,1,2025-04-09
3063399,1,0,2025-04-30
3063460,1,1,2026-01-06
3063483,1,0,2025-07-31
3063500,2,2,2026-03-16
3063507,2,0,2026-06-04
3063520,2,0,2026-09-08
3063536,1,0,2025-06-13
3063538,8,4,2026-08-05
3063539,1,0,2025-04-10
3063543,1,0,2025-05-13
3063544,3,0,2025-05-28
3063547,1,1,2026-08-25
3063550,1,0,2026-08-25
3063555,1,0,2026-08-25
3063559,4,1,2026-06-02
3063571,1,0,2025-01-29
3063577,7,2,2026-04-17
3063598,1,1,2025-02-04
3063599,1,0,2026-06-05
3063619,8,3,2026-05-04
3063628,1,0,2025-02-27
3063669,6,5,2026-08-20
3063697,1,0,2025-01-17
3063704,1,0,2025-09-11
3063705,1,0,2025-05-29
3063710,5,0,2026-04-22
3063714,1,0,2026-07-28
3063715,3,0,2026-06-26
3063728,3,0,2026-08-11
3063736,1,0,2025-05-15
3063748,4,3,2025-09-11
3063754,2,0,2025-07-15
3063760,1,1,2026-07-08
3063764,4,0,2025-02-03
3063812,1,0,2026-02-05
3063815,1,0,2026-07-09
3063828,7,5,2026-08-26
3063902,1,1,2025-05-31
3063928,1,0,2025-01-02
3063931,1,0,2025-05-19
3063959,1,0,2025-03-18
3063963,2,2,2025-06-04
3063966,4,1,2026-05-11
3063976,1,0,2025-01-06
3064046,1,1,2025-11-25
3064087,1,0,2025-01-29
3064111,2,1,2025-01-14
3064138,3,0,2025-11-05
3064149,2,0,2026-02-12
3064150,8,1,2026-07-16
3064151,5,2,2026-04-09
3064167,4,3,2026-05-08
3064204,5,4,2026-07-14
3064222,1,1,2025-01-21
3064241,1,1,2025-03-26
3064253,2,1,2025-08-20
3064259,2,1,2026-03-20
3064262,2,2,2026-04-01
3064276,2,0,2025-04-14
3064344,2,0,2026-09-02
3064361,2,1,2025-10-06
3064408,4,3,2025-10-29
3064414,1,0,2025-10-06
3064416,1,0,2026-06-29
3064434,1,0,2026-01-02
3064473,5,4,2026-07-08
3064486,2,0,2025-12-12
3064534,5,2,2026-08-31
3064540,1,1,2026-07-31
3064544,1,0,2025-07-01
3064606,11,2,2026-08-28
3064725,1,0,2025-09-18
3064743,2,1,2026-03-19
3064752,1,1,2026-07-27
3064763,1,1,2025-11-26
3064781,3,0,2025-11-24
3064799,2,0,2025-05-12
3064825,3,2,2026-05-15
3064831,2,0,2026-07-24
3064832,2,0,2026-05-15
3064855,2,2,2026-03-30
3064907,1,0,2025-05-29
3064942,1,0,2025-02-18
3064971,1,0,2025-06-09
3065023,1,0,2025-06-04
3065036,2,0,2026-05-20
3065054,2,0,2025-09-02
3065103,2,0,2026-05-07
3065131,2,0,2026-08-24
3065151,6,6,2025-09-11
3065162,1,0,2025-01-08
3065170,1,1,2026-07-09
3065222,1,0,2025-09-04
3065245,2,2,2026-06-02
3065247,12,11,2025-12-05
3065249,13,12,2026-01-04
3065251,8,8,2025-08-21
3065299,6,0,2026-06-04
3065312,5,4,2026-03-30
3065313,3,1,2026-05-21
3065318,3,2,2025-09-09
3065338,1,0,2025-01-29
3065358,6,5,2025-12-03
3065367,1,0,2025-04-02
3065399,7,4,2026-06-19
3065421,14,7,2025-09-08
3065435,1,0,2025-07-01
3065453,1,0,2025-02-18
3065580,2,2,2026-01-23
3065591,1,0,2026-08-03
3065593,1,0,2025-06-10
3065651,7,4,2026-03-12
3065657,1,0,2026-08-24
3065680,1,0,2025-05-06
3065716,23,10,2026-04-28
3065733,3,0,2026-06-04
3065829,2,0,2026-07-15
3065833,1,1,2025-11-14
3065896,2,1,2025-11-06
3065964,1,0,2025-04-01
3065965,1,0,2025-01-25
3066006,1,0,2026-08-20
3066028,1,0,2025-12-13
3066036,2,2,2025-08-21
3066041,1,1,2025-06-13
3066051,2,0,2026-09-10
3066064,5,0,2026-08-24
3066076,2,0,2026-01-12
3066097,4,0,2026-05-07
3066098,1,0,2026-04-28
3066128,3,1,2026-09-02
3066150,1,0,2025-01-29
3066152,1,0,2025-01-29
3066167,2,1,2025-10-14
3066185,5,5,2025-03-19
3066236,2,2,2025-03-29
3066243,1,0,2025-07-17
3066267,7,2,2026-07-24
3066297,7,3,2025-05-23
3066302,1,0,2026-02-24
3066327,5,5,2026-08-26
3066475,1,1,2025-08-17
3066597,1,0,2025-02-11
3066598,2,2,2025-10-07
3066603,1,0,2025-02-06
3066616,2,0,2025-08-29
3066685,1,0,2025-05-05
3066695,1,0,2025-11-20
3066697,1,0,2025-11-17
3066698,6,0,2026-06-04
3066720,3,1,2026-01-29
3066732,1,0,2025-09-24
3066750,1,1,2025-11-14
3066752,4,4,2026-06-02
3066764,4,4,2025-05-30
3066773,1,1,2025-10-21
3066801,1,1,2025-10-14
3066802,10,5,2026-05-13
3066815,2,0,2025-11-06
3066858,2,0,2025-03-10
3066872,12,3,2026-05-26
3066880,1,0,2025-11-20
3066904,1,0,2025-11-10
3067007,1,1,2025-04-28
3067026,1,0,2026-05-13
3067038,4,1,2025-10-23
3067040,2,2,2026-02-26
3067051,1,0,2025-06-06
3067079,1,0,2026-08-21
3067081,15,9,2026-03-09
3067082,1,1,2026-01-06
3067138,2,0,2025-10-22
3067144,3,0,2026-06-05
3067192,4,2,2025-01-09
3067261,3,2,2025-01-15
3067282,1,0,2026-06-12
3067362,2,1,2026-03-17
3067374,2,2,2026-07-15
3067528,1,0,2026-08-28
3067536,1,0,2025-08-18
3067544,3,3,2025-09-09
3067578,2,1,2025-09-10
3067579,2,0,2026-07-07
3067583,2,2,2025-08-26
3067619,1,1,2025-01-03
3067787,9,8,2026-05-07
3067788,5,0,2026-06-04
3067793,1,0,2026-07-30
3067814,1,0,2025-09-26
3067830,1,0,2025-03-28
3067865,9,6,2025-11-03
3067904,1,0,2025-01-29
3067909,6,4,2025-08-06
3067935,6,0,2025-10-04
3067997,2,1,2026-02-13
3068012,1,0,2026-07-09
3068013,1,0,2025-07-01
3068016,1,0,2025-09-15
3068034,1,1,2025-03-01
3068043,2,1,2025-10-01
3068046,2,0,2026-03-31
3068058,1,1,2025-04-22
3068072,1,1,2025-10-14
3068098,1,0,2025-11-20
3068149,22,5,2026-07-21
3068193,2,0,2025-07-14
3068195,1,0,2026-03-31
3068214,1,0,2025-01-08
3068217,2,1,2025-09-16
3068231,8,3,2025-06-06
3068291,6,2,2025-09-26
3068332,5,1,2025-02-25
3068358,1,0,2025-07-07
3068360,1,0,2025-02-03
3068441,4,3,2026-04-19
3068486,4,1,2026-01-04
3068539,3,0,2025-02-24
3068587,1,0,2025-12-23
3068608,1,1,2025-04-01
3068613,1,0,2025-07-31
3068642,5,1,2026-05-05
3068649,7,1,2026-09-10
3068660,3,2,2026-08-05
3068666,1,0,2026-08-11
3068696,1,0,2025-07-01
3068725,5,3,2026-03-25
3068728,5,0,2026-06-04
3068767,1,0,2026-03-20
3068768,18,9,2026-06-10
3068781,1,1,2026-08-05
3068782,2,2,2026-08-17
3068790,1,1,2025-09-16
3068816,17,1,2026-07-14
3068822,3,0,2026-04-27
3068839,6,3,2026-02-13
3068854,1,0,2025-01-03
3068866,4,1,2026-03-20
3068870,3,1,2025-12-09
3068871,4,1,2025-12-08
3068872,14,2,2026-07-18
3068894,8,2,2026-01-05
3068916,1,0,2025-01-20
3068924,2,0,2025-04-11
3068934,1,1,2025-11-25
3068948,1,0,2026-08-28
3068957,1,0,2025-11-12
3069055,2,0,2025-07-30
3069072,1,0,2026-07-30
3069124,7,3,2026-07-10
3069228,2,0,2025-09-27
3069258,1,0,2025-07-30
3069278,7,6,2025-10-23
3069286,2,1,2025-10-06
3069299,3,2,2026-08-13
3069300,1,0,2026-06-11
3069322,1,0,2026-03-24
3069325,1,1,2025-09-16
3069331,8,3,2025-10-01
3069363,1,0,2026-03-30
3069384,1,0,2025-07-14
3069390,1,0,2025-07-03
3069392,4,3,2026-08-11
3069394,1,1,2026-01-07
3069410,5,4,2026-03-20
3069476,1,1,2026-08-31
3069493,3,0,2025-09-12
3069511,1,0,2025-09-16
3069532,1,0,2025-12-01
3069537,3,3,2025-09-25
3069549,5,2,2025-07-11
3069558,1,1,2025-04-28
3069559,10,0,2026-06-05
3069569,1,0,2025-09-15
3069578,1,1,2025-10-22
3069599,2,0,2025-04-25
3069607,1,0,2025-03-19
3069651,2,0,2025-09-02
3069656,2,1,2026-03-02
3069679,1,1,2025-02-06
3069688,1,0,2025-01-29
3069699,1,1,2026-09-09
3069732,2,2,2026-08-07
3069747,1,0,2025-05-10
3069759,9,1,2025-05-19
3069761,6,2,2025-03-26
3069775,17,5,2026-07-29
3069795,1,0,2025-02-07
3069804,2,1,2026-05-10
3069850,1,0,2025-04-01
3069874,1,0,2026-07-08
3069933,1,0,2025-09-18
3069973,4,3,2026-08-17
3069981,1,1,2025-09-15
3069985,1,1,2026-01-02
3069998,2,2,2025-07-30
3070017,2,0,2026-07-07
3070064,11,3,2026-08-20
3070137,1,0,2025-07-01
3070138,4,2,2025-08-05
3070139,1,0,2025-04-02
3070177,6,0,2026-04-30
3070210,2,0,2025-08-21
3070234,1,1,2025-07-21
3070249,1,0,2026-06-22
3070305,7,7,2025-09-11
3070360,1,0,2026-05-14
3070385,1,0,2026-07-23
3070414,3,1,2026-06-05
3070438,1,0,2025-09-13
3070445,1,1,2025-04-17
3070484,5,3,2026-08-18
3070489,2,2,2026-07-10
3070501,2,2,2025-11-17
3070502,6,6,2025-09-26
3070555,1,0,2026-06-04
3070566,2,1,2025-11-30
3070572,5,3,2026-03-11
3070574,1,1,2026-04-09
3070596,1,1,2025-09-09
3070605,1,1,2025-09-15
3070609,1,1,2026-02-20
3070612,1,0,2025-07-01
3070619,8,3,2025-12-05
3070622,3,0,2025-01-29
3070623,1,0,2025-01-02
3070624,17,1,2026-04-29
3070665,1,0,2025-02-03
3070672,8,3,2026-01-07
3070675,3,1,2025-08-27
3070676,3,1,2025-08-27
3070690,7,0,2026-04-22
3070701,1,1,2026-08-14
3070709,1,1,2026-02-21
3070712,1,0,2025-03-24
3070716,1,0,2025-12-08
3070750,7,4,2026-08-26
3070779,1,1,2025-10-06
3070825,2,0,2026-06-08
3070827,1,0,2025-05-29
3070870,2,0,2026-04-14
3070896,1,1,2026-04-20
3070919,1,0,2025-09-26
3070944,7,5,2026-03-03
3070952,4,0,2025-12-05
3070976,7,0,2026-06-15
3070988,3,0,2026-07-16
3070991,3,0,2026-03-31
3071001,1,1,2025-08-12
3071024,13,0,2026-06-08
3071062,1,0,2025-12-02
3071064,2,1,2026-03-13
3071083,3,1,2026-08-25
3071092,1,0,2025-07-01
3071105,1,1,2025-10-15
3071113,3,2,2026-02-12
3071115,1,0,2026-04-02
3071118,1,0,2026-02-05
3071130,3,1,2025-05-15
3071132,1,0,2025-12-24
3071137,2,1,2025-12-08
3071149,25,6,2026-04-10
3071188,1,1,2025-10-31
3071195,1,0,2026-08-19
3071199,4,0,2026-06-09
3071200,6,0,2026-07-07
3071204,1,0,2025-09-05
3071207,1,0,2025-04-16
3071211,1,0,2025-07-01
3071224,1,1,2026-05-29
3071239,2,1,2025-03-14
3071246,1,0,2025-12-22
3071247,2,2,2026-08-06
3071271,6,1,2026-08-28
3071289,1,1,2025-04-19
3071300,1,0,2025-01-29
3071301,1,0,2025-07-01
3071327,1,1,2026-06-19
3071328,1,0,2026-01-13
3071335,1,0,2025-07-16
3071343,2,2,2025-10-03
3071350,2,1,2026-06-23
3071403,1,0,2025-01-29
3071414,1,1,2025-07-26
3071418,1,0,2026-06-09
3071420,3,3,2025-05-22
3071461,9,3,2025-06-02
3071462,10,5,2025-06-02
3071470,1,0,2026-01-13
3071480,1,1,2026-03-10
3071483,6,6,2026-04-20
3071509,11,4,2026-08-25
3071516,1,1,2025-09-02
3071530,1,1,2025-09-26
3071565,1,1,2026-03-02
3071566,1,0,2026-06-24
3071571,1,1,2025-10-21
3071631,3,1,2025-10-27
3071663,1,0,2026-01-02
3071682,1,1,2026-02-08
3071693,1,1,2026-04-28
3071738,1,0,2025-07-01
3071757,1,0,2025-03-28
3071758,1,0,2025-03-28
3071760,1,0,2025-03-28
3071774,21,5,2026-04-07
3071778,4,0,2026-09-08
3071800,4,1,2025-12-02
3071806,8,0,2026-04-24
3071807,10,6,2026-04-15
3071819,4,3,2026-06-30
3071820,2,0,2026-01-31
3071823,1,1,2025-02-12
3071843,1,0,2025-09-02
3071846,14,4,2026-03-10
3071847,5,3,2025-06-26
3071848,6,6,2026-06-30
3071890,12,4,2025-11-21
3071908,2,1,2026-02-03
3071915,14,0,2026-04-24
3071922,7,4,2026-06-30
3071925,1,1,2026-06-30
3071929,2,1,2026-07-01
3071937,1,0,2025-10-30
3071939,1,0,2025-06-10
3071944,4,3,2026-07-01
3071962,5,0,2026-04-24
3071980,1,1,2026-04-03
3072001,3,1,2026-07-07
3072011,2,1,2026-02-03
3072012,1,1,2026-08-14
3072029,1,0,2025-05-28
3072031,2,1,2025-04-21
3072047,3,0,2026-04-28
3072049,2,2,2026-07-02
3072058,1,0,2026-07-02
3072082,6,2,2026-07-15
3072092,1,0,2025-05-28
3072097,1,0,2025-07-01
3072101,4,0,2026-07-02
3072103,2,1,2026-07-27
3072114,4,1,2026-07-06
3072137,1,1,2026-07-07
3072163,8,5,2026-04-17
3072188,2,0,2026-07-29
3072209,19,1,2026-05-20
3072232,1,1,2026-06-03
3072236,1,0,2025-03-11
3072245,2,0,2025-05-15
3072246,1,0,2026-07-15
3072253,1,0,2025-07-01
3072257,2,0,2026-07-01
3072263,1,0,2026-07-07
3072280,2,0,2026-05-20
3072349,1,1,2026-05-10
3072391,9,9,2025-07-12
3072410,1,0,2026-06-11
3072427,2,0,2026-01-06
3072429,4,2,2025-08-15
3072437,1,0,2026-05-05
3072445,4,4,2026-05-06
3072476,2,0,2026-03-09
3072478,1,0,2025-07-16
3072494,2,0,2026-07-21
3072497,6,0,2026-04-27
3072498,1,0,2026-09-02
3072524,1,0,2025-01-29
3072540,1,0,2025-05-28
3072557,1,0,2025-12-31
3072561,1,1,2026-05-21
3072574,6,6,2026-07-09
3072577,8,0,2026-09-02
3072579,2,1,2026-02-08
3072642,1,0,2025-04-01
3072674,2,2,2025-07-10
3072682,1,1,2026-05-05
3072693,2,0,2025-10-06
3072702,3,0,2025-08-29
3072707,1,0,2025-01-29
3072713,6,3,2026-05-29
3072717,1,1,2025-12-05
3072729,1,0,2026-07-09
3072730,1,0,2026-09-03
3072731,10,8,2026-07-10
3072736,4,1,2025-11-07
3072765,1,1,2025-01-06
3072773,2,0,2025-12-03
3072776,1,0,2025-05-28
3072788,1,0,2025-06-06
3072799,1,0,2025-07-01
3072801,7,4,2026-07-10
3072806,1,0,2025-07-01
3072815,5,2,2026-07-10
3072823,1,1,2026-04-08
3072828,1,1,2025-11-14
3072858,1,1,2026-05-04
3072862,1,1,2026-05-05
3072908,2,2,2025-02-03
3072928,1,0,2025-12-03
3072933,3,1,2026-04-23
3072958,1,0,2025-05-28
3072966,6,0,2026-05-01
3072973,2,0,2025-02-05
3072976,5,3,2026-07-10
3072991,2,2,2025-03-28
3072997,1,1,2026-06-11
3073018,5,0,2026-04-30
3073054,1,1,2026-04-20
3073075,1,0,2025-09-29
3073081,7,3,2026-07-13
3073087,1,1,2026-06-02
3073088,1,1,2025-10-06
3073090,1,0,2026-04-01
3073093,1,0,2026-09-08
3073103,1,0,2026-07-13
3073129,1,0,2025-07-01
3073141,1,0,2025-08-13
3073155,1,0,2025-05-28
3073195,1,0,2025-07-01
3073228,1,0,2025-12-03
3073235,1,0,2025-04-22
3073250,3,1,2026-07-29
3073257,1,0,2025-02-25
3073267,11,5,2026-01-17
3073288,6,6,2026-07-13
3073304,4,2,2026-06-18
3073359,1,1,2026-05-04
3073367,2,0,2026-06-03
3073408,3,0,2026-04-30
3073409,1,0,2026-04-10
3073426,11,10,2025-10-20
3073436,6,3,2025-07-24
3073446,2,0,2025-02-20
3073452,13,6,2026-08-25
3073453,2,2,2026-07-14
3073462,8,1,2026-05-06
3073551,1,1,2025-08-08
3073585,1,0,2025-10-22
3073587,1,0,2025-06-25
3073593,4,1,2026-05-04
3073620,1,0,2025-10-24
3073624,3,0,2025-09-08
3073634,3,0,2025-11-10
3073642,1,0,2025-12-05
3073645,1,1,2026-04-24
3073752,4,0,2026-04-28
3073756,2,0,2026-05-01
3073757,2,0,2026-02-21
3073758,7,4,2026-07-14
3073759,1,0,2025-08-19
3073761,8,1,2026-04-28
3073817,1,0,2026-04-16
3073819,10,6,2026-07-14
3073829,4,3,2026-04-01
3073841,1,0,2025-12-03
3073865,1,0,2026-04-15
3073883,1,0,2026-04-07
3073909,4,0,2026-02-01
3073927,3,0,2025-05-16
3073959,2,1,2026-06-11
3073968,1,0,2025-05-12
3073993,1,1,2026-05-07
3074010,3,2,2026-06-12
3074011,2,2,2026-02-12
3074016,1,0,2025-02-10
3074035,1,0,2026-05-04
3074051,3,0,2026-05-19
3074114,3,0,2025-11-13
3074116,1,0,2025-05-30
3074120,1,0,2025-02-11
3074129,7,6,2026-07-15
3074135,1,0,2026-08-06
3074169,1,0,2025-12-03
3074194,3,2,2026-07-15
3074219,8,6,2026-07-27
3074230,1,0,2026-05-20
3074231,2,0,2025-04-03
3074235,1,1,2026-06-24
3074236,7,3,2026-05-29
3074244,1,0,2026-07-27
3074247,1,0,2025-07-01
3074290,6,1,2026-05-27
3074291,1,0,2025-10-07
3074314,2,0,2026-07-16
3074315,3,3,2026-07-15
3074321,2,0,2025-05-08
3074331,7,2,2026-07-29
3074348,1,0,2026-04-02
3074370,7,3,2026-07-27
3074394,4,3,2026-03-31
3074452,4,0,2025-05-08
3074453,5,4,2025-08-13
3074461,3,0,2025-05-23
3074472,2,1,2026-07-22
3074482,2,0,2025-06-30
3074483,2,0,2026-07-22
3074493,1,1,2025-07-31
3074497,1,0,2025-01-02
3074538,5,4,2025-09-11
3074545,1,0,2025-02-13
3074554,10,10,2026-05-12
3074568,9,6,2026-07-22
3074581,2,1,2026-07-23
3074626,1,0,2026-06-17
3074631,1,1,2026-03-23
3074675,1,1,2025-09-12
3074730,1,0,2025-07-30
3074757,2,1,2025-07-30
3074765,1,0,2026-08-14
3074770,2,1,2026-07-23
3074771,1,0,2025-07-01
3074772,7,1,2026-07-23
3074773,2,0,2026-02-18
3074776,2,0,2026-07-23
3074784,4,0,2026-08-06
3074794,2,1,2025-01-24
3074808,6,2,2026-08-13
3074825,1,0,2026-02-12
3074828,2,0,2025-03-25
3074978,1,0,2025-03-05
3074992,9,9,2026-01-31
3074998,3,2,2025-02-26
3075028,1,0,2025-01-29
3075072,4,1,2026-04-28
3075075,1,0,2025-03-11
3075096,1,0,2026-07-02
3075100,1,0,2026-05-19
3075103,1,1,2025-02-13
3075109,9,0,2026-04-28
3075119,1,0,2025-12-19
3075151,1,0,2025-02-21
3075188,1,1,2026-05-28
3075190,2,0,2025-04-25
3075196,2,0,2025-04-11
3075205,2,0,2026-07-24
3075227,5,2,2026-07-24
3075231,2,1,2026-07-24
3075297,12,4,2025-09-07
3075335,1,0,2026-07-24
3075340,1,0,2025-07-31
3075351,1,0,2025-02-13
3075357,4,2,2026-03-27
3075359,2,0,2026-03-27
3075364,1,0,2025-12-11
3075381,9,5,2026-08-25
3075388,1,0,2025-01-21
3075395,2,1,2026-05-01
3075400,2,0,2025-07-01
3075413,10,0,2026-04-28
3075414,1,0,2025-04-07
3075449,3,0,2025-05-29
3075464,1,0,2025-07-01
3075481,1,1,2026-04-07
3075493,1,0,2025-07-01
3075494,1,0,2025-12-11
3075496,3,3,2026-07-24
3075506,1,0,2025-03-06
3075534,4,4,2026-08-04
3075573,5,3,2026-08-12
3075611,7,1,2026-08-12
3075613,1,0,2026-08-04
3075617,2,1,2025-12-09
3075624,1,0,2025-05-16
3075626,1,0,2025-01-08
3075639,1,0,2025-07-01
3075641,1,0,2025-07-01
3075650,16,4,2026-07-28
3075651,1,0,2025-07-01
3075660,1,0,2025-07-07
3075664,1,0,2026-01-30
3075704,2,2,2025-08-16
3075717,1,0,2025-11-25
3075728,2,0,2025-05-22
3075753,1,0,2025-12-03
3075756,1,0,2025-04-08
3075761,1,0,2026-05-14
3075819,3,0,2026-01-07
3075823,3,0,2026-01-07
3075848,2,0,2026-05-07
3075861,1,1,2026-07-24
3075879,13,1,2026-05-01
3075887,1,1,2026-03-27
3075906,1,1,2026-08-13
3075909,7,0,2026-05-01
3075916,6,4,2026-09-04
3075956,4,1,2026-07-29
3075981,2,0,2026-06-22
3076018,1,0,2026-05-07
3076020,5,4,2026-07-29
3076031,1,1,2026-07-29
3076042,1,0,2026-03-03
3076057,1,1,2025-03-27
3076080,5,1,2025-11-13
3076085,1,0,2026-06-25
3076090,1,0,2026-02-10
3076103,2,2,2025-04-02
3076109,1,1,2026-07-29
3076116,2,0,2026-03-09
3076119,1,0,2025-10-07
3076121,15,8,2026-04-28
3076154,3,0,2025-07-02
3076174,1,0,2026-03-02
3076177,1,0,2026-06-08
3076189,2,1,2026-05-18
3076190,7,6,2026-07-30
3076192,1,1,2026-05-13
3076193,2,1,2026-05-18
3076203,2,2,2025-02-05
3076207,1,0,2025-05-28
3076214,1,0,2026-04-16
3076223,1,1,2025-06-22
3076253,1,0,2025-07-21
3076260,2,2,2025-11-13
3076261,1,1,2026-07-30
3076304,1,0,2025-05-28
3076373,1,0,2026-05-30
3076376,1,0,2026-06-11
3076389,1,0,2026-05-08
3076398,12,8,2026-07-30
3076440,3,1,2026-04-10
3076445,1,0,2026-02-12
3076460,6,0,2026-05-04
3076494,5,3,2026-08-03
3076527,1,0,2026-01-22
3076529,5,1,2026-04-27
3076539,1,0,2025-07-01
3076545,8,4,2026-09-02
3076567,3,0,2026-04-30
3076570,8,3,2025-07-21
3076582,1,0,2025-09-15
3076598,5,2,2026-07-20
3076601,1,0,2026-06-30
3076633,1,0,2026-05-21
3076702,1,1,2025-11-04
3076719,1,0,2026-03-06
3076734,2,0,2026-05-04
3076744,3,0,2026-03-03
3076746,1,0,2026-01-12
3076764,7,5,2026-06-09
3076784,7,0,2026-05-05
3076793,1,1,2025-05-22
3076855,2,0,2026-02-05
3076878,4,1,2026-05-12
3076880,3,2,2026-05-08
3076881,1,1,2025-04-27
3076902,1,0,2025-07-01
3076908,13,0,2026-05-05
3076909,1,0,2025-05-28
3076982,1,0,2025-10-20
3076988,2,0,2026-08-11
3077002,2,1,2025-09-08
3077010,2,1,2026-07-09
3077045,1,0,2025-01-08
3077050,7,5,2026-08-03
3077059,1,0,2025-09-26
3077060,1,0,2026-05-06
3077067,1,1,2026-08-19
3077146,4,2,2026-04-17
3077155,1,0,2025-01-14
3077177,2,0,2026-06-12
3077188,6,1,2026-08-03
3077200,7,1,2026-08-03
3077207,1,0,2025-05-07
3077286,2,0,2026-05-05
3077296,1,0,2026-09-02
3077298,10,10,2026-05-20
3077323,5,3,2026-08-04
3077333,2,0,2026-03-30
3077365,2,0,2026-04-28
3077366,1,0,2026-05-19
3077418,4,1,2025-10-15
3077430,4,1,2026-08-04
3077433,2,0,2026-06-29
3077453,2,1,2026-08-05
3077463,4,0,2026-04-24
3077486,5,1,2026-04-30
3077492,1,0,2025-03-04
3077575,11,8,2026-08-05
3077597,1,0,2025-05-28
3077601,4,1,2026-05-01
3077629,1,0,2026-04-13
3077672,3,1,2025-12-05
3077733,3,3,2026-07-20
3077781,1,0,2025-05-12
3077783,1,0,2025-01-16
3077794,5,0,2026-04-28
3077802,2,2,2025-05-22
3077825,2,2,2025-02-24
3077827,2,1,2026-08-20
3077833,1,1,2025-02-25
3077905,1,0,2026-04-24
3077911,42,22,2026-04-21
3077973,23,10,2026-08-28
3078029,6,5,2026-04-28
3078070,8,0,2026-08-11
3078079,2,1,2025-09-03
3078081,1,0,2025-11-14
3078095,1,0,2025-07-01
3078171,4,1,2026-04-16
3078184,3,2,2026-02-25
3078193,1,0,2026-07-27
3078211,3,0,2025-06-23
3078227,3,2,2026-08-03
3078230,4,3,2026-08-06
3078283,1,0,2025-05-29
3078284,1,0,2025-05-29
3078285,1,0,2025-12-18
3078288,1,0,2026-08-28
3078346,1,0,2026-04-16
3078376,3,3,2026-05-08
3078378,10,10,2026-05-08
3078385,2,2,2026-04-09
3078393,1,0,2026-03-27
3078395,1,0,2025-04-04
3078404,1,0,2025-03-27
3078479,1,0,2025-08-27
3078489,1,0,2025-01-31
3078491,6,1,2026-06-29
3078499,2,1,2026-05-27
3078509,18,11,2026-08-06
3078512,1,0,2025-05-03
3078514,2,0,2026-08-26
3078607,1,0,2025-07-19
3078654,6,0,2026-05-06
3078695,6,6,2025-08-19
3078699,2,1,2026-08-20
3078704,4,1,2025-12-11
3078721,1,0,2025-01-07
3078727,1,1,2025-07-03
3078737,1,0,2025-12-30
3078769,1,0,2026-07-16
3078814,2,0,2026-04-21
3078815,1,0,2025-01-31
3078859,1,0,2025-09-15
3078864,1,0,2025-07-01
3078882,1,0,2026-04-23
3078916,1,0,2025-01-31
3078943,2,0,2026-01-22
3078982,2,0,2026-02-01
3078985,1,0,2025-01-29
3079004,1,1,2026-08-04
3079022,1,1,2025-10-10
3079027,8,0,2026-05-11
3079031,1,0,2026-08-26
3079079,4,4,2025-02-10
3079093,6,6,2026-04-22
3079213,1,0,2026-04-09
3079221,5,1,2026-08-26
3079224,4,3,2026-08-07
3079243,5,0,2026-04-08
3079250,15,3,2026-01-27
3079251,2,2,2026-04-09
3079314,3,3,2026-03-08
3079323,2,1,2026-08-25
3079353,6,5,2026-08-05
3079354,1,1,2025-09-09
3079360,5,0,2025-07-01
3079368,3,0,2025-05-02
3079391,2,0,2025-10-17
3079400,2,0,2026-08-07
3079405,9,2,2026-01-03
3079428,9,0,2026-05-06
3079439,4,0,2025-06-23
3079448,3,3,2026-07-07
3079454,1,0,2026-04-15
3079478,2,0,2026-01-21
3079494,1,0,2026-03-12
3079521,1,0,2025-10-28
3079526,2,0,2026-02-11
3079536,1,1,2026-04-02
3079557,1,0,2025-10-15
3079579,3,1,2025-01-22
3079611,1,0,2026-05-21
3079654,2,0,2025-07-25
3079676,1,0,2026-04-10
3079684,3,3,2026-04-02
3079685,6,6,2025-10-16
3079691,4,1,2025-07-09
3079692,2,0,2025-02-06
3079695,1,0,2025-09-08
3079713,5,4,2025-11-19
3079714,2,0,2026-05-06
3079733,1,0,2026-06-03
3079782,12,10,2026-08-18
3079841,1,0,2025-09-15
3079856,1,0,2026-04-03
3079862,2,0,2026-04-22
3079872,2,1,2026-08-04
3079888,1,0,2026-01-12
3079890,2,0,2026-06-25
3079899,1,0,2026-03-27
3079907,2,1,2026-04-02
3079912,1,1,2025-12-23
3079945,1,0,2026-03-02
3079964,9,1,2026-06-08
3079979,1,1,2025-04-03
3080043,18,0,2026-05-06
3080068,6,2,2026-07-27
3080088,1,0,2026-04-19
3080144,1,1,2026-07-10
3080147,1,0,2025-09-04
3080229,2,1,2025-08-28
3080236,1,1,2025-03-27
3080287,1,1,2026-06-03
3080326,3,1,2026-07-20
3080327,4,0,2026-09-01
3080329,3,2,2025-07-10
3080376,1,0,2026-04-15
3080395,1,0,2025-04-14
3080413,10,3,2026-07-08
3080417,1,1,2025-09-02
3080471,1,0,2025-03-08
3080510,6,0,2026-03-26
3080547,1,0,2025-02-28
3080572,1,0,2025-02-25
3080588,2,1,2025-11-10
3080594,4,2,2026-06-28
3080596,1,0,2025-05-28
3080604,1,0,2025-02-25
3080608,1,0,2026-01-22
3080629,1,0,2026-01-22
3080630,1,0,2026-01-22
3080646,2,0,2026-08-08
3080650,1,0,2026-01-28
3080656,10,1,2025-05-30
3080667,2,0,2025-07-23
3080674,2,0,2025-02-11
3080678,2,2,2026-05-28
3080692,1,1,2025-02-14
3080705,1,1,2026-04-22
3080768,4,0,2026-05-27
3080779,3,0,2026-05-27
3080782,16,16,2025-10-10
3080790,2,0,2025-04-03
3080791,2,2,2025-12-08
3080792,1,0,2025-03-19
3080793,1,0,2026-01-21
3080804,4,4,2026-06-25
3080809,12,9,2026-04-15
3080814,2,2,2026-03-19
3080818,1,0,2025-07-24
3080819,1,0,2026-04-10
3080903,4,0,2026-06-02
3080925,1,0,2025-01-18
3080991,1,0,2025-04-02
3080995,1,1,2026-07-02
3081017,1,0,2025-06-02
3081019,1,0,2025-04-24
3081032,3,0,2026-05-27
3081033,2,0,2026-07-13
3081043,1,1,2025-09-05
3081089,7,3,2026-07-28
3081095,2,1,2026-01-07
3081116,1,0,2025-04-08
3081127,2,0,2026-05-27
3081150,1,0,2025-12-16
3081151,4,2,2026-05-01
3081169,6,2,2026-06-11
3081179,1,0,2026-04-14
3081190,1,0,2026-05-27
3081191,1,1,2026-01-23
3081193,1,1,2025-03-30
3081209,1,0,2025-01-03
3081217,2,0,2026-08-26
3081219,1,0,2025-07-13
3081227,1,0,2025-01-30
3081276,5,0,2026-05-27
3081331,2,0,2026-04-13
3081337,2,2,2025-07-16
3081394,1,1,2026-07-22
3081397,1,0,2026-05-15
3081398,1,0,2026-05-15
3081399,1,0,2026-05-15
3081411,2,1,2026-06-26
3081419,1,0,2026-06-08
3081442,9,0,2026-06-29
3081460,4,0,2026-05-28
3081475,2,1,2026-05-07
3081479,3,3,2026-05-07
3081513,4,0,2026-06-11
3081528,5,2,2026-04-17
3081538,1,0,2026-01-22
3081545,1,0,2025-08-29
3081546,3,0,2026-06-05
3081608,1,0,2025-10-28
3081678,2,2,2025-01-30
3081693,1,1,2025-12-26
3081704,4,4,2025-10-28
3081789,1,0,2026-01-22
3081795,1,1,2026-01-09
3081848,2,1,2025-10-29
3081857,1,1,2025-03-02
3081861,3,3,2026-06-03
3081895,1,1,2026-04-28
3081908,1,1,2025-08-19
3081942,2,2,2026-06-01
3081969,1,0,2025-04-11
3081978,2,2,2025-07-14
3082027,3,2,2026-02-24
3082035,7,4,2026-06-24
3082046,6,3,2026-03-27
3082069,5,4,2026-05-28
3082114,1,0,2025-01-22
3082146,1,1,2025-08-08
3082175,4,4,2025-04-23
3082180,3,3,2026-08-20
3082216,1,0,2025-04-04
3082253,8,0,2026-06-08
3082282,2,1,2026-05-22
3082291,3,3,2026-04-14
3082301,1,1,2026-05-27
3082325,1,1,2025-06-26
3082326,1,1,2025-03-13
3082328,2,2,2026-04-28
3082358,1,0,2025-11-18
3082359,3,2,2026-02-26
3082360,1,0,2025-05-28
3082383,6,2,2026-07-16
3082389,7,0,2026-05-28
3082391,5,0,2026-05-28
3082397,2,1,2025-06-23
3082449,1,0,2025-03-24
3082450,1,0,2025-03-24
3082507,1,0,2026-07-02
3082516,1,0,2025-01-08
3082518,6,3,2025-10-17
3082525,1,1,2026-05-26
3082611,1,0,2025-12-11
3082626,5,2,2026-09-01
3082632,1,0,2026-07-06
3082690,1,1,2026-05-07
3082700,3,3,2026-09-09
3082706,2,2,2026-04-02
3082708,1,0,2025-02-14
3082722,1,0,2025-05-13
3082726,3,0,2026-05-28
3082733,1,0,2025-01-31
3082734,1,0,2025-05-28
3082777,3,2,2026-05-28
3082870,1,1,2026-01-22
3082895,4,1,2025-10-15
3082911,3,0,2026-01-12
3082938,1,0,2025-02-25
3082940,6,0,2026-06-03
3082970,4,0,2025-10-06
3082980,1,1,2025-01-28
3082984,7,4,2025-11-21
3082996,1,0,2025-10-03
3083054,7,7,2025-11-18
3083062,1,1,2026-04-29
3083106,5,1,2026-02-03
3083107,4,2,2026-07-08
3083108,2,0,2025-11-12
3083166,22,21,2025-09-24
3083167,1,0,2025-02-25
3083197,2,1,2025-11-12
3083198,2,0,2025-01-13
3083215,6,3,2026-06-23
3083216,8,6,2025-06-02
3083245,1,1,2025-01-13
3083246,3,2,2025-11-12
3083251,1,0,2025-07-09
3083265,1,0,2025-07-01
3083276,2,0,2025-11-13
3083278,1,0,2026-03-11
3083281,1,1,2025-07-25
3083282,1,0,2025-07-25
3083313,4,3,2025-11-13
3083318,2,2,2025-03-01
3083324,11,7,2026-07-01
3083336,1,0,2026-03-17
3083346,2,1,2025-09-24
3083347,2,0,2025-05-28
3083349,1,0,2025-07-09
3083400,3,1,2026-04-30
3083401,1,0,2026-05-05
3083410,1,0,2025-12-18
3083417,3,0,2026-01-13
3083424,2,2,2026-02-03
3083426,7,1,2026-02-26
3083436,1,0,2025-06-09
3083448,1,1,2025-06-06
3083449,1,1,2025-06-06
3083506,1,0,2025-10-08
3083514,1,0,2026-04-02
3083525,4,0,2025-12-18
3083540,1,0,2026-03-30
3083557,8,5,2026-06-29
3083566,2,0,2025-01-29
3083574,3,2,2025-11-14
3083591,2,2,2025-01-13
3083608,4,0,2026-07-22
3083613,2,2,2025-10-29
3083614,2,2,2025-10-30
3083633,15,8,2026-06-26
3083634,2,0,2025-11-17
3083637,6,1,2025-12-24
3083649,1,0,2025-01-21
3083660,5,0,2026-03-24
3083680,6,3,2025-11-12
3083688,2,1,2025-11-18
3083749,1,0,2026-05-22
3083798,6,4,2026-06-17
3083805,1,1,2026-08-18
3083828,2,2,2026-07-31
3083849,1,0,2026-07-27
3083853,1,1,2025-11-18
3083875,2,1,2026-07-29
3083880,5,1,2026-06-26
3083899,2,1,2025-10-29
3083927,1,0,2026-04-01
3083931,4,0,2026-03-24
3083933,1,0,2025-11-18
3083937,5,4,2025-11-20
3083942,1,0,2025-11-20
3083943,3,2,2026-06-08
3083980,1,0,2025-09-30
3083989,1,0,2025-07-14
3084007,1,0,2026-05-22
3084012,6,0,2026-06-03
3084013,2,1,2026-05-29
3084023,4,1,2026-08-03
3084027,12,8,2026-06-08
3084062,2,0,2026-06-04
3084107,5,2,2026-03-13
3084116,8,7,2026-06-12
3084150,2,0,2025-02-25
3084226,2,0,2026-03-30
3084227,1,0,2026-04-07
3084230,4,3,2026-05-01
3084231,1,0,2026-05-01
3084250,1,0,2025-11-20
3084253,1,1,2025-01-02
3084264,2,0,2026-01-14
3084283,2,0,2026-03-24
3084285,3,2,2026-07-30
3084296,2,0,2025-03-07
3084299,2,0,2025-08-04
3084300,2,0,2025-10-24
3084339,4,0,2026-03-18
3084348,9,0,2026-03-24
3084388,1,1,2025-10-27
3084415,3,3,2025-04-22
3084420,3,2,2026-05-05
3084422,1,1,2026-06-09
3084437,1,0,2026-03-25
3084438,1,0,2026-05-08
3084439,2,0,2026-05-14
3084440,6,0,2026-03-24
3084449,3,3,2025-01-31
3084479,1,0,2025-01-08
3084486,1,0,2025-02-19
3084488,1,0,2025-10-30
3084515,2,1,2025-11-20
3084519,1,1,2025-10-27
3084580,1,0,2025-11-24
3084591,1,1,2025-11-24
3084601,1,0,2025-07-01
3084617,10,0,2026-03-24
3084620,1,0,2025-11-24
3084641,1,0,2025-01-29
3084713,1,1,2025-11-24
3084735,1,0,2025-10-30
3084752,1,0,2026-02-07
3084777,2,1,2026-06-12
3084798,3,2,2025-03-31
3084861,11,3,2026-04-25
3084947,1,0,2025-07-01
3084949,1,0,2025-07-01
3085040,1,0,2025-10-06
3085043,6,2,2025-11-17
3085044,2,2,2025-11-17
3085056,2,1,2026-04-23
3085070,5,0,2026-03-25
3085106,1,0,2026-02-14
3085123,3,1,2025-08-31
3085136,1,1,2026-05-25
3085141,5,4,2026-06-01
3085155,3,0,2025-09-11
3085164,1,0,2026-08-28
3085179,3,3,2026-06-17
3085200,10,8,2026-06-16
3085386,1,1,2025-11-25
3085400,2,2,2026-06-25
3085401,7,5,2026-06-24
3085403,2,0,2025-11-25
3085405,1,0,2025-01-08
3085412,2,1,2026-06-24
3085486,6,2,2025-12-04
3085491,5,0,2026-03-25
3085542,4,2,2025-11-25
3085569,2,2,2025-11-25
3085570,2,1,2025-11-26
3085575,12,7,2026-07-08
3085646,13,8,2026-03-31
3085780,2,1,2025-02-27
3085827,1,0,2025-12-11
3085859,2,1,2026-05-28
3085891,3,3,2026-06-03
3085896,6,1,2026-07-23
3085908,3,1,2026-07-15
3085916,11,6,2026-06-08
3085924,3,0,2025-03-08
3085945,1,1,2025-05-20
3085961,3,2,2025-12-05
3085962,1,1,2025-12-05
3085988,1,1,2025-02-06
3086005,1,0,2026-04-28
3086006,5,4,2026-04-04
3086024,1,1,2025-12-15
3086074,1,0,2025-05-28
3086086,1,1,2025-11-26
3086140,1,1,2025-10-17
3086177,2,0,2025-10-22
3086212,2,1,2026-01-29
3086213,4,0,2025-11-14
3086228,1,0,2025-01-14
3086265,1,0,2025-02-25
3086269,1,0,2025-10-21
3086276,8,2,2025-10-02
3086296,1,1,2026-03-20
3086342,2,1,2025-11-21
3086373,1,0,2026-03-10
3086382,1,0,2026-04-23
3086419,1,1,2026-05-21
3086521,5,3,2025-09-04
3086534,2,0,2026-06-04
3086553,1,0,2025-07-18
3086554,1,0,2025-11-28
3086560,1,0,2025-02-13
3086621,1,1,2026-01-02
3086629,3,3,2025-01-30
3086687,3,0,2025-11-28
3086699,1,0,2025-08-14
3086700,2,0,2026-08-18
3086779,1,0,2025-01-10
3086807,6,5,2025-11-28
3086815,2,1,2025-11-14
3086828,1,0,2025-11-13
3086858,1,0,2025-08-12
3086871,1,0,2026-08-25
3086914,6,4,2026-08-24
3087019,1,0,2026-08-12
3087042,5,2,2025-11-18
3087069,2,2,2025-11-18
3087074,1,0,2025-10-21
3087081,1,0,2025-07-03
3087083,1,0,2025-12-11
3087095,2,0,2025-01-03
3087122,5,4,2025-12-01
3087131,11,0,2026-03-25
3087163,1,0,2025-10-27
3087235,2,2,2025-12-01
3087385,2,0,2025-03-03
3087386,5,0,2026-06-03
3087495,1,0,2025-12-01
3087498,1,0,2025-08-26
3087507,9,6,2026-06-29
3087524,1,1,2025-02-21
3087558,2,0,2026-09-09
3087565,1,0,2025-01-02
3087605,2,0,2025-12-02
3087639,1,0,2025-12-02
3087651,2,2,2026-01-15
3087652,1,1,2026-06-01
3087682,7,4,2026-02-02
3087690,1,1,2025-12-03
3087696,5,2,2026-03-26
3087736,3,2,2025-01-06
3087737,1,0,2025-01-06
3087738,3,2,2025-01-06
3087761,1,1,2025-02-22
3087784,1,0,2025-12-03
3087795,4,4,2025-05-02
3087808,4,0,2026-07-17
3087821,6,0,2026-03-25
3087870,2,1,2025-02-25
3087881,2,0,2026-01-16
3087899,1,0,2025-01-06
3087916,7,5,2025-07-23
3087956,4,4,2026-08-06
3087980,4,3,2026-08-01
3087981,7,6,2026-08-01
3088046,2,1,2025-01-06
3088082,1,0,2025-12-03
3088093,1,0,2025-08-12
3088109,1,0,2025-05-19
3088121,1,1,2026-01-30
3088173,7,5,2026-06-25
3088186,2,1,2025-12-04
3088187,2,2,2026-06-08
3088225,1,0,2026-04-14
3088281,3,0,2026-07-09
3088287,2,1,2025-11-12
3088346,2,1,2025-04-16
3088350,2,1,2025-12-04
3088354,1,0,2026-08-17
3088356,6,3,2026-06-12
3088357,8,0,2026-03-26
3088399,1,0,2025-12-05
3088413,2,0,2025-06-23
3088429,4,4,2025-12-05
3088443,1,0,2025-09-15
3088445,12,9,2026-06-18
3088468,1,0,2026-01-14
3088475,1,0,2025-02-12
3088489,1,1,2025-12-05
3088529,1,1,2025-10-27
3088574,1,1,2025-12-08
3088582,1,0,2026-08-24
3088587,3,3,2025-04-25
3088597,2,2,2026-08-24
3088610,2,0,2025-12-08
3088615,1,0,2025-03-21
3088617,2,0,2025-02-06
3088618,1,1,2025-12-08
3088667,5,3,2026-06-29
3088672,1,1,2025-01-09
3088714,5,2,2026-04-20
3088724,2,1,2026-08-24
3088734,6,0,2026-03-27
3088777,1,1,2025-06-12
3088832,2,1,2025-12-23
3088867,1,0,2026-05-01
3088938,5,3,2025-12-16
3088943,1,0,2025-12-02
3088948,2,2,2026-09-03
3089016,1,1,2026-01-20
3089018,9,5,2026-06-16
3089058,2,2,2025-07-31
3089068,1,0,2025-05-06
3089096,3,3,2026-02-10
3089097,2,2,2026-02-15
3089119,1,0,2026-04-02
3089149,7,0,2026-03-27
3089176,3,0,2026-03-27
3089182,8,5,2026-07-27
3089217,3,2,2026-05-12
3089241,2,0,2025-03-05
3089273,4,1,2025-12-10
3089311,1,0,2025-05-28
3089337,3,0,2025-12-11
3089373,1,0,2025-01-08
3089378,3,1,2026-06-10
3089388,1,1,2025-12-11
3089480,1,0,2025-12-11
3089549,1,0,2025-03-27
3089562,1,0,2025-12-25
3089610,1,0,2026-04-22
3089620,2,0,2025-07-16
3089695,2,1,2025-06-10
3089697,1,0,2025-08-12
3089705,1,0,2025-12-12
3089757,3,2,2025-08-06
3089840,1,0,2025-10-16
3089858,2,1,2026-06-25
3089865,1,1,2025-09-22
3089888,1,0,2025-02-11
3089899,1,0,2026-08-17
3089908,1,0,2025-01-29
3089930,1,0,2025-02-25
3089955,2,0,2025-01-15
3090023,3,0,2026-03-24
3090061,1,1,2026-06-11
3090113,1,0,2025-05-28
3090158,2,1,2025-05-24
3090160,3,1,2025-12-12
3090197,1,0,2025-05-28
3090208,1,1,2025-12-15
3090219,6,0,2026-03-27
3090230,1,0,2025-02-18
3090231,1,0,2025-10-28
3090330,1,0,2025-09-18
3090396,10,7,2026-04-29
3090429,4,3,2026-06-17
3090430,2,1,2026-06-17
3090518,1,0,2025-12-15
3090535,1,0,2025-05-28
3090536,5,2,2025-12-16
3090537,1,0,2025-05-28
3090540,2,0,2026-03-09
3090543,4,2,2026-06-25
3090587,2,1,2025-12-16
3090603,1,1,2026-01-08
3090608,1,0,2025-06-09
3090643,2,1,2026-09-04
3090677,1,0,2025-12-18
3090690,5,5,2026-05-06
3090694,1,1,2025-03-19
3090703,1,0,2025-07-02
3090737,1,0,2025-12-18
3090738,9,0,2026-04-29
3090877,1,0,2025-07-01
3090895,1,1,2025-12-10
3090909,1,0,2025-06-14
3090928,1,1,2026-07-31
3090929,1,1,2025-10-28
3090958,3,2,2025-12-18
3090966,5,1,2025-08-11
3090993,7,0,2026-06-01
3090998,8,0,2026-03-30
3091005,1,1,2026-01-09
3091018,2,0,2025-01-13
3091158,1,0,2026-01-20
3091210,1,0,2026-02-17
3091212,6,6,2025-11-14
3091261,1,1,2025-10-08
3091352,1,0,2025-03-11
3091392,3,0,2026-09-02
3091412,2,1,2025-01-03
3091495,2,0,2026-01-28
3091499,2,2,2026-02-09
3091528,1,0,2026-05-26
3091608,3,2,2026-05-20
3091646,5,5,2026-09-03
3091672,1,0,2025-02-06
3091674,1,0,2025-07-31
3091773,1,0,2026-04-17
3091777,1,1,2026-07-28
3091788,1,0,2025-02-28
3091808,1,0,2025-05-05
3091811,2,2,2026-05-13
3091850,2,2,2025-10-07
3091879,3,1,2025-12-02
3091921,2,2,2026-07-13
3091996,2,2,2026-01-09
3092003,10,6,2025-12-09
3092004,3,2,2025-12-09
3092061,2,0,2026-02-02
3092063,3,0,2026-03-30
3092069,1,0,2026-08-04
3092101,1,0,2025-12-02
3092110,1,1,2026-01-09
3092121,4,3,2026-08-26
3092132,3,1,2026-01-09
3092166,1,0,2025-05-14
3092175,1,1,2025-06-20
3092215,17,9,2026-06-29
3092218,4,0,2026-04-21
3092251,1,0,2026-01-06
3092264,2,2,2026-01-12
3092320,1,0,2025-01-03
3092321,2,1,2025-01-13
3092337,2,0,2026-06-29
3092456,2,0,2025-07-14
3092501,1,1,2026-01-13
3092530,6,2,2026-06-11
3092535,1,0,2025-10-21
3092571,2,0,2026-05-27
3092608,1,0,2025-05-14
3092627,1,0,2026-01-13
3092651,2,1,2025-10-08
3092652,2,0,2026-04-23
3092682,1,0,2026-01-13
3092725,3,0,2025-12-26
3092735,3,0,2026-06-17
3092743,1,1,2026-01-13
3092756,2,0,2026-02-25
3092858,1,0,2025-02-27
3092859,1,0,2025-02-27
3092875,1,0,2025-02-03
3092916,10,7,2026-01-14
3092917,6,5,2025-10-10
3092958,1,0,2025-05-02
3092964,3,0,2025-05-02
3093012,3,0,2025-04-22
3093061,1,0,2025-01-03
3093074,1,0,2025-03-31
3093260,4,2,2025-01-27
3093298,2,0,2026-01-14
3093316,2,1,2025-04-26
3093338,1,0,2025-03-07
3093352,1,0,2025-12-29
3093357,1,1,2026-07-04
3093361,1,0,2025-12-23
3093377,1,1,2025-10-13
3093399,1,0,2025-12-22
3093438,1,1,2025-01-02
3093470,2,1,2026-08-19
3093496,1,1,2026-08-06
3093566,2,2,2025-06-06
3093593,1,0,2025-09-30
3093594,2,2,2026-01-15
3093745,1,0,2025-11-12
3093864,1,0,2026-08-17
3093919,3,1,2026-07-18
3093971,1,0,2025-04-08
3093982,3,3,2026-05-08
3094034,1,0,2025-02-11
3094063,2,1,2026-01-15
3094084,1,0,2026-06-15
3094133,2,2,2026-06-10
3094176,1,0,2026-04-02
3094194,2,0,2026-07-13
3094200,5,4,2026-06-09
3094201,5,4,2026-06-09
3094256,1,1,2025-04-19
3094259,1,1,2025-10-09
3094262,2,0,2025-02-11
3094330,3,0,2025-09-22
3094358,1,0,2025-12-12
3094362,1,0,2025-05-28
3094367,3,2,2026-04-30
3094389,1,0,2026-05-21
3094497,5,2,2025-06-14
3094511,1,1,2026-01-15
3094547,1,0,2025-07-01
3094575,1,0,2026-06-03
3094594,8,2,2026-03-26
3094606,1,1,2025-02-21
3094622,2,0,2025-10-24
3094678,1,0,2026-01-15
3094691,5,0,2026-03-30
3094706,1,0,2025-02-11
3094715,3,1,2025-03-07
3094735,10,1,2026-03-30
3094749,1,0,2026-03-30
3094784,1,0,2025-09-29
3094798,2,1,2026-01-20
3094945,2,2,2025-09-22
3094961,1,0,2025-05-28
3094966,3,3,2025-03-19
3095121,4,4,2026-01-21
3095129,2,0,2025-08-12
3095140,1,0,2025-02-18
3095142,1,1,2025-05-13
3095162,1,0,2026-02-05
3095254,7,0,2026-03-31
3095298,1,0,2025-06-28
3095316,2,0,2025-01-02
3095325,5,0,2026-01-21
3095335,9,3,2026-06-29
3095339,1,0,2025-04-23
3095341,1,1,2026-04-21
3095432,2,0,2026-03-20
3095470,1,0,2025-05-06
3095557,2,0,2025-09-04
3095563,6,4,2026-08-28
3095610,1,0,2025-12-10
3095617,1,0,2026-07-22
3095633,1,0,2026-03-27
3095641,4,3,2026-06-03
3095677,1,1,2025-10-08
3095748,1,0,2025-07-01
3095765,2,0,2025-10-21
3095818,2,1,2026-02-02
3095889,17,4,2026-07-01
3095923,1,0,2025-06-11
3095929,11,7,2026-04-03
3095948,1,1,2026-02-03
3095958,4,1,2026-06-01
3095975,1,1,2025-08-03
3095977,6,0,2026-03-31
3096021,1,0,2025-04-30
3096164,1,0,2025-10-02
3096183,1,1,2026-01-23
3096190,1,0,2025-01-04
3096191,1,1,2026-01-23
3096280,3,2,2025-02-27
3096294,2,1,2025-03-03
3096318,3,1,2026-01-23
3096403,1,0,2026-02-14
3096405,1,0,2025-09-18
3096408,2,0,2026-02-03
3096414,1,0,2025-08-20
3096442,2,0,2026-02-04
3096449,1,0,2025-01-02
3096451,1,0,2025-01-29
3096490,1,0,2025-01-07
3096500,5,2,2026-02-17
3096505,5,3,2026-02-04
3096555,4,3,2025-06-12
3096564,6,5,2026-03-26
3096602,1,1,2026-02-06
3096604,2,1,2025-05-06
3096608,1,0,2025-09-16
3096632,3,0,2025-10-12
3096701,1,1,2025-02-05
3096715,2,1,2026-03-10
3096718,1,0,2025-07-01
3096722,1,0,2026-04-01
3096724,1,0,2025-08-29
3096790,5,3,2026-02-06
3096792,12,9,2026-02-06
3096799,1,1,2026-01-09
3096839,7,3,2026-02-09
3096915,1,1,2026-02-08
3096950,1,0,2025-03-07
3096999,1,0,2025-02-25
3097064,1,1,2025-06-24
3097066,2,1,2026-02-09
3097067,1,1,2026-02-11
3097068,1,1,2026-02-10
3097256,1,0,2026-04-01
3097310,2,2,2026-06-28
3097321,1,0,2025-10-22
3097330,2,1,2026-08-26
3097334,4,0,2026-03-31
3097336,1,1,2026-02-10
3097371,1,1,2026-02-11
3097373,8,7,2026-02-11
3097429,5,0,2026-03-31
3097492,3,0,2025-12-09
3097543,1,0,2025-10-24
3097565,2,0,2025-01-02
3097599,2,0,2026-03-24
3097675,13,0,2026-04-02
3097684,1,0,2025-03-12
3097695,1,0,2026-08-06
3097772,5,4,2026-09-01
3097873,4,0,2025-07-16
3097938,1,0,2025-12-16
3097973,3,0,2025-07-16
3098073,3,0,2025-09-10
3098210,1,0,2025-01-11
3098243,3,1,2025-12-17
3098284,1,0,2025-01-02
3098287,1,1,2026-02-11
3098291,1,0,2025-12-26
3098293,1,0,2026-02-12
3098294,10,0,2026-04-30
3098297,2,1,2026-02-13
3098298,1,1,2026-02-12
3098301,1,1,2025-12-10
3098304,6,6,2026-07-12
3098370,1,0,2026-02-13
3098382,1,0,2025-02-28
3098401,1,1,2026-06-26
3098430,1,0,2026-02-13
3098472,3,0,2026-04-02
3098474,2,0,2025-03-03
3098526,2,1,2026-05-13
3098607,2,0,2025-01-02
3098621,5,2,2026-03-06
3098623,4,1,2026-06-09
3098625,4,3,2025-07-30
3098640,1,1,2026-02-13
3098645,1,0,2025-01-29
3098664,13,0,2026-04-02
3098730,3,3,2026-06-04
3098775,1,0,2025-02-04
3098780,1,0,2026-02-04
3098787,1,1,2025-04-04
3098876,2,1,2026-08-06
3098897,2,0,2026-04-08
3098937,1,1,2026-04-27
3098943,6,1,2026-08-24
3098963,4,4,2025-07-30
3098980,6,0,2026-04-03
3099029,2,0,2026-08-25
3099068,6,4,2026-06-11
3099098,5,0,2026-06-02
3099101,1,0,2025-09-11
3099130,9,4,2026-07-06
3099156,1,0,2026-02-18
3099175,3,0,2026-06-05
3099196,5,1,2026-04-14
3099200,2,0,2026-01-05
3099202,8,8,2025-06-11
3099214,1,0,2025-12-10
3099235,2,1,2025-08-28
3099236,1,0,2025-08-28
3099240,1,0,2025-08-15
3099243,1,0,2025-08-28
3099247,1,0,2025-08-28
3099252,1,0,2025-11-20
3099254,3,3,2025-03-20
3099257,1,0,2025-08-15
3099263,1,0,2025-07-18
3099265,1,0,2025-07-18
3099267,1,0,2025-07-22
3099269,1,1,2025-07-21
3099270,1,0,2025-07-28
3099274,1,0,2025-07-28
3099281,3,3,2026-05-05
3099287,17,12,2026-08-24
3099295,1,0,2025-02-13
3099296,4,4,2025-08-22
3099304,1,0,2026-03-24
3099307,1,0,2025-12-11
3099308,4,0,2025-08-04
3099310,1,0,2025-06-13
3099311,1,0,2025-01-29
3099357,2,0,2026-05-14
3099358,4,0,2025-07-03
3099362,1,0,2025-07-28
3099363,1,0,2025-07-28
3099368,1,0,2025-07-22
3099369,1,0,2025-07-22
3099372,1,1,2025-10-06
3099375,1,0,2025-07-22
3099376,1,0,2025-11-07
3099377,1,0,2025-01-03
3099379,1,0,2025-07-22
3099390,1,0,2025-07-22
3099394,1,0,2025-07-22
3099396,1,0,2025-07-18
3099398,1,0,2025-06-16
3099400,1,0,2025-07-18
3099402,1,0,2025-07-18
3099438,1,1,2026-05-14
3099448,5,5,2026-04-03
3099458,1,0,2025-11-24
3099486,1,0,2025-02-11
3099488,4,4,2025-04-11
3099494,1,0,2025-04-07
3099495,1,0,2026-05-18
3099498,1,0,2025-04-15
3099508,1,0,2026-04-13
3099537,6,0,2026-04-13
3099554,1,0,2025-09-15
3099594,2,0,2025-04-29
3099595,3,3,2026-05-28
3099600,5,3,2025-09-04
3099612,2,2,2026-05-21
3099650,2,0,2026-06-10
3099659,1,0,2025-07-01
3099667,1,0,2025-02-10
3099674,2,1,2026-05-18
3099679,6,3,2026-05-15
3099701,5,1,2026-05-13
3099714,2,1,2026-08-12
3099733,3,0,2026-04-14
3099743,2,2,2025-11-18
3099744,3,0,2026-03-27
3099747,4,4,2026-07-24
3099755,7,3,2025-11-07
3099794,1,1,2026-05-07
3099805,2,0,2026-04-24
3099823,1,0,2025-10-15
3099826,2,1,2026-04-22
3099839,1,0,2025-02-20
3099872,4,4,2026-02-26
3099885,1,0,2026-04-02
3099963,1,0,2026-05-06
3099981,3,1,2026-05-18
3099982,9,5,2026-05-12
3099987,6,4,2025-03-31
3099999,1,0,2025-09-25
3100054,2,0,2026-01-29
3100072,1,1,2025-06-10
3100081,1,1,2025-05-30
3100094,1,0,2025-01-31
3100099,2,2,2025-06-23
3100105,2,1,2026-05-15
3100106,4,4,2025-04-26
3100126,1,0,2025-01-29
3100127,1,1,2026-05-08
3100137,1,0,2026-01-22
3100141,3,0,2026-05-13
3100156,1,1,2025-03-18
3100176,1,1,2026-08-14
3100180,3,2,2025-08-30
3100201,2,1,2026-09-02
3100211,1,0,2025-05-28
3100217,6,0,2026-05-07
3100240,1,0,2025-07-01
3100241,2,0,2025-04-16
3100246,3,1,2026-05-14
3100269,4,4,2025-05-02
3100283,1,0,2025-09-19
3100284,2,0,2025-12-26
3100292,2,0,2026-04-14
3100294,1,1,2025-07-22
3100299,1,0,2025-01-17
3100306,2,0,2025-12-18
3100313,2,0,2025-12-18
3100316,1,0,2025-01-13
3100332,6,6,2025-06-20
3100333,2,2,2025-07-22
3100340,4,0,2025-09-22
3100369,2,0,2025-11-13
3100370,1,0,2025-11-13
3100375,1,0,2025-11-10
3100377,1,0,2025-11-13
3100378,1,0,2025-11-06
3100406,1,1,2025-02-26
3100443,1,0,2025-02-11
3100456,3,0,2026-05-07
3100466,1,0,2026-07-08
3100471,1,0,2025-07-09
3100499,2,1,2026-01-29
3100523,1,1,2026-05-11
3100541,19,18,2026-08-13
3100547,1,0,2026-04-06
3100569,2,1,2025-01-13
3100583,1,1,2025-04-01
3100585,3,2,2025-09-30
3100598,3,2,2026-08-20
3100631,1,0,2025-04-11
3100632,3,0,2025-11-03
3100633,1,1,2026-08-20
3100654,1,0,2026-04-13
3100676,1,1,2025-12-24
3100683,2,0,2026-06-25
3100694,1,1,2026-07-29
3100706,1,1,2026-01-29
3100707,2,1,2025-09-02
3100708,4,1,2026-04-17
3100709,3,0,2026-04-24
3100735,3,1,2026-04-19
3100739,3,1,2026-07-13
3100768,1,0,2026-01-05
3100783,1,0,2026-04-15
3100817,5,4,2026-06-25
3100865,1,0,2026-05-20
3100910,5,5,2026-02-18
3100912,1,0,2025-07-01
3100955,7,4,2026-05-12
3101081,1,1,2026-04-30
3101086,5,4,2026-01-14
3101121,1,0,2026-02-19
3101131,1,1,2026-05-01
3101145,2,0,2025-09-11
3101152,1,0,2025-02-12
3101168,1,0,2025-04-08
3101183,10,4,2026-05-01
3101203,2,1,2026-05-01
3101209,2,0,2026-04-09
3101214,2,1,2026-04-09
3101217,1,0,2025-07-01
3101218,7,0,2026-04-13
3101228,1,0,2026-04-21
3101235,4,1,2026-01-13
3101269,6,3,2026-04-22
3101286,3,1,2026-04-21
3101290,3,2,2025-06-27
3101299,4,2,2025-10-02
3101357,1,0,2026-07-14
3101370,1,0,2025-04-28
3101390,2,2,2026-06-18
3101402,1,0,2026-09-03
3101403,5,3,2026-07-06
3101416,1,0,2026-04-02
3101418,1,0,2025-05-28
3101446,1,0,2025-03-14
3101476,1,0,2025-02-25
3101485,1,0,2026-04-16
3101524,1,1,2026-04-06
3101536,3,0,2026-05-08
3101561,2,1,2026-06-03
3101576,1,0,2025-04-08
3101583,3,0,2026-04-28
3101613,3,1,2025-05-09
3101627,28,13,2025-12-20
3101678,8,2,2025-10-23
3101717,2,1,2026-04-23
3101725,1,0,2026-02-11
3101761,6,5,2026-07-10
3101797,11,2,2026-04-29
3101812,3,3,2026-07-02
3101817,1,0,2025-06-18
3101833,2,0,2026-07-23
3101840,6,0,2026-04-14
3101850,1,0,2026-04-15
3101851,1,0,2026-09-03
3101877,3,2,2025-10-09
3101879,2,1,2026-04-09
3101887,1,0,2026-03-25
3101900,5,3,2026-04-30
3101913,1,1,2025-08-06
3101917,4,2,2026-04-23
3101949,2,0,2026-08-17
3101962,4,0,2026-05-01
3101968,5,2,2026-04-03
3101988,1,0,2025-02-07
3101990,1,0,2026-04-30
3102005,6,0,2026-04-14
3102073,2,1,2026-07-10
3102082,3,3,2026-05-03
3102114,1,0,2026-04-21
3102160,1,0,2026-08-20
3102170,1,0,2025-03-31
3102192,1,0,2025-05-21
3102278,1,1,2026-07-30
3102300,5,3,2026-07-30
3102302,5,3,2026-05-30
3102304,2,2,2026-01-09
3102316,1,0,2025-12-11
3102319,1,1,2025-12-16
3102342,3,2,2026-07-24
3102383,14,5,2026-02-12
3102384,1,0,2025-12-08
3102412,1,0,2025-09-05
3102468,1,0,2025-01-29
3102469,1,0,2025-01-03
3102515,1,0,2025-09-24
3102520,4,3,2026-04-23
3102562,7,4,2026-04-28
3102567,3,0,2026-04-21
3102574,2,2,2026-08-26
3102608,1,0,2025-07-02
3102639,1,1,2026-06-01
3102666,2,1,2026-04-23
3102677,1,0,2026-06-26
3102701,1,0,2025-10-08
3102704,1,0,2025-07-01
3102729,1,0,2025-07-01
3102730,3,3,2026-04-08
3102734,1,1,2026-09-07
3102748,2,0,2026-04-13
3102753,1,0,2026-04-03
3102783,1,0,2025-05-28
3102816,1,0,2025-10-02
3102875,2,0,2026-04-28
3102886,6,5,2026-04-15
3102897,2,0,2025-07-29
3102909,1,0,2025-06-11
3102928,1,0,2025-06-11
3102930,1,0,2025-06-11
3102941,3,1,2025-12-24
3102944,1,0,2025-10-27
3102962,1,0,2025-12-16
3102966,2,1,2026-04-21
3102972,1,0,2025-06-09
3103046,2,0,2025-01-08
3103055,1,1,2025-06-16
3103061,2,1,2026-05-06
3103082,9,2,2026-08-21
3103101,3,0,2026-02-17
3103150,4,1,2026-03-30
3103174,1,0,2026-05-20
3103189,2,0,2025-10-16
3103204,3,3,2026-03-19
3103207,1,0,2025-10-09
3103219,2,0,2025-09-24
3103222,3,0,2026-05-06
3103327,3,1,2026-04-05
3103337,3,1,2026-01-17
3103379,1,0,2025-02-13
3103380,1,0,2025-02-13
3103394,5,4,2025-11-18
3103442,1,0,2026-02-11
3103461,1,0,2025-12-11
3103466,1,0,2025-07-12
3103493,2,0,2025-09-08
3103605,1,1,2025-06-18
3103606,2,0,2025-06-25
3103616,1,1,2025-04-28
3103619,1,0,2025-01-29
3103716,3,3,2026-04-14
3103722,1,1,2025-12-12
3103723,2,2,2026-09-09
3103778,2,0,2025-02-18
3103789,4,3,2026-09-09
3103818,1,0,2026-04-21
3103990,2,0,2026-08-04
3104146,1,0,2026-04-02
3104198,1,0,2025-02-05
3104208,1,0,2025-02-11
3104212,1,0,2025-09-18
3104259,1,0,2025-06-17
3104305,1,0,2025-04-25
3104320,1,0,2025-09-24
3104322,1,1,2025-09-08
3104427,1,0,2026-04-03
3104434,1,0,2025-01-08
3104457,6,1,2026-09-09
3104513,6,0,2026-04-14
3104520,1,0,2025-02-28
3104540,2,0,2025-12-29
3104598,4,0,2026-04-15
3104599,5,0,2026-04-16
3104624,1,0,2026-04-09
3104720,1,0,2025-11-07
3104729,2,0,2025-11-07
3104797,1,0,2026-05-26
3104850,3,3,2025-11-22
3104875,1,0,2025-12-11
3104898,1,0,2025-01-06
3104945,2,2,2025-07-22
3104990,4,0,2026-04-16
3105118,1,0,2025-05-28
3105171,1,1,2025-03-26
3105176,3,0,2026-05-11
3105187,6,2,2026-05-26
3105203,1,0,2025-04-23
3105232,4,4,2025-06-24
3105270,3,2,2026-04-08
3105285,6,5,2026-09-09
3105327,1,0,2025-07-01
3105367,3,3,2026-02-12
3105389,3,3,2025-06-27
3105390,2,0,2025-10-27
3105410,1,0,2025-01-28
3105473,1,0,2026-04-30
3105474,1,0,2025-11-03
3105680,5,0,2026-04-16
3105932,3,3,2025-02-11
3105968,4,4,2026-07-28
3105987,4,3,2025-09-29
3106043,1,0,2026-03-26
3106045,1,1,2025-08-23
3106048,2,1,2026-05-11
3106051,1,1,2026-02-18
3106057,6,5,2026-01-15
3106170,1,0,2025-04-16
3106255,5,4,2025-10-29
3106271,1,0,2025-02-11
3106426,1,0,2025-04-22
3106429,1,0,2025-09-08
3106500,9,5,2026-03-31
3106506,4,1,2026-08-13
3106545,5,0,2026-06-02
3106547,6,2,2025-07-10
3106553,6,6,2025-12-30
3106554,2,2,2025-01-07
3106599,5,0,2026-07-02
3106607,2,0,2025-12-24
3106611,1,0,2025-03-19
3106652,2,0,2026-02-09
3106666,2,0,2025-09-09
3106672,1,1,2026-08-10
3106697,1,1,2026-01-05
3106798,1,0,2025-04-01
3106806,1,0,2025-07-01
3106809,1,0,2025-07-03
3106823,2,0,2025-11-18
3106847,1,1,2025-03-05
3106863,5,1,2026-04-06
3106871,1,1,2026-02-27
3106874,3,0,2025-05-21
3106876,1,1,2025-01-28
3106882,4,2,2025-08-25
3106909,3,2,2025-08-06
3106932,4,0,2026-07-31
3106935,7,6,2025-08-11
3106969,1,0,2026-06-25
3106972,3,0,2026-03-04
3106981,2,0,2025-08-27
3106989,6,1,2025-09-08
3107011,11,11,2025-11-01
3107026,1,0,2026-06-08
3107055,1,0,2025-03-21
3107056,2,2,2025-07-22
3107061,3,2,2026-06-05
3107062,3,3,2026-06-05
3107063,2,2,2026-06-10
3107064,1,1,2026-06-10
3107098,3,3,2025-08-05
3107099,2,1,2025-04-29
3107102,1,0,2026-02-25
3107115,1,0,2025-07-07
3107129,6,0,2026-06-25
3107146,4,0,2026-07-02
3107206,6,4,2025-02-12
3107227,8,0,2026-07-02
3107232,5,1,2026-08-25
3107235,1,1,2025-03-18
3107245,1,0,2026-05-18
3107255,1,0,2025-04-01
3107280,4,0,2025-06-24
3107287,5,4,2025-06-26
3107291,12,6,2026-04-17
3107294,1,1,2025-12-29
3107309,1,1,2026-08-25
3107315,5,0,2026-07-02
3107316,8,5,2026-07-15
3107340,3,3,2025-07-10
3107356,3,3,2025-07-10
3107364,1,1,2025-03-05
3107379,1,0,2025-01-18
3107394,1,0,2025-06-26
3107446,3,0,2026-08-10
3107464,1,0,2025-04-08
3107479,3,2,2026-01-09
3107514,1,0,2025-02-20
3107525,7,6,2026-07-16
3107595,4,2,2025-09-02
3107610,2,0,2025-04-24
3107613,15,15,2026-05-07
3107617,1,0,2025-08-29
3107719,5,4,2026-03-12
3107732,1,0,2025-09-15
3107733,1,1,2026-05-20
3107741,2,1,2025-05-17
3107778,22,11,2026-08-04
3107801,2,0,2025-06-04
3107813,1,0,2025-10-30
3107819,2,0,2025-02-05
3107846,4,0,2026-04-17
3107848,1,1,2025-10-09
3107857,1,0,2025-11-03
3107878,4,2,2025-05-02
3107884,1,0,2026-04-28
3107901,3,3,2025-08-05
3107940,2,1,2026-02-05
3107992,15,13,2026-05-05
3108055,1,0,2026-03-06
3108056,1,1,2025-05-21
3108057,1,1,2025-05-21
3108078,6,3,2026-07-27
3108080,1,1,2026-06-02
3108109,2,2,2026-03-31
3108163,3,0,2026-05-08
3108272,3,2,2026-04-15
3108273,1,0,2026-08-19
3108274,1,1,2025-11-20
3108294,2,0,2025-02-05
3108353,3,2,2026-05-14
3108373,1,0,2025-01-06
3108387,1,0,2025-03-14
3108388,1,0,2025-06-03
3108417,1,1,2025-02-13
3108418,1,0,2026-02-04
3108423,14,12,2026-01-06
3108442,1,0,2026-07-09
3108503,2,2,2026-02-13
3108504,2,1,2025-09-09
3108506,9,5,2026-04-13
3108518,2,0,2026-04-15
3108554,1,1,2026-05-19
3108646,2,0,2025-05-12
3108659,1,0,2026-07-22
3108694,2,0,2026-07-21
3108726,2,1,2025-04-16
3108857,1,0,2025-01-08
3108892,1,1,2025-09-19
3108922,2,2,2025-02-14
3108941,5,1,2026-06-25
3108951,1,0,2026-01-30
3108960,1,1,2025-03-29
3109050,3,3,2026-08-04
3109074,1,0,2025-03-12
3109083,2,1,2026-08-26
3109101,1,0,2025-06-05
3109146,1,0,2025-01-16
3109192,1,0,2026-05-15
3109193,1,0,2026-07-22
3109317,1,0,2026-02-04
3109326,3,0,2026-04-17
3109332,10,2,2025-08-13
3109335,5,3,2025-07-29
3109336,12,7,2026-04-28
3109366,6,5,2026-04-01
3109369,1,1,2026-04-02
3109370,1,1,2026-04-01
3109372,2,0,2025-09-17
3109393,1,0,2026-04-01
3109419,2,1,2026-04-15
3109444,1,1,2026-06-23
3109485,1,0,2026-01-05
3109562,1,0,2025-11-11
3109646,1,1,2025-03-18
3109680,2,0,2025-11-06
3109699,6,4,2025-10-14
3109738,2,1,2025-11-20
3109739,1,1,2025-11-10
3109767,1,0,2025-09-05
3109856,4,4,2025-05-03
3109974,6,4,2025-10-27
3110010,3,2,2026-08-31
3110031,1,0,2025-06-03
3110059,1,0,2025-08-14
3110075,1,1,2026-05-14
3110088,1,1,2025-01-06
3110098,1,0,2025-05-28
3110186,1,0,2026-03-19
3110266,5,2,2026-07-23
3110362,1,1,2025-04-15
3110367,1,0,2025-07-01
3110384,2,1,2025-01-08
3110386,2,1,2026-04-28
3110397,2,2,2025-10-31
3110439,17,14,2026-09-02
3110482,3,1,2026-07-22
3110485,1,1,2026-04-01
3110519,2,2,2025-10-10
3110525,1,0,2026-06-22
3110624,1,0,2026-08-19
3110626,1,0,2026-04-15
3110627,2,0,2025-06-04
3110633,1,0,2025-06-05
3110697,2,0,2025-12-08
3110732,1,0,2025-02-21
3110774,1,0,2025-03-20
3110787,4,1,2026-04-28
3110803,1,1,2025-10-10
3110832,2,0,2026-07-08
3110887,1,0,2025-12-11
3110937,1,1,2025-03-25
3110970,3,1,2025-06-07
3111159,3,0,2025-12-19
3111204,1,0,2025-11-20
3111235,1,0,2025-02-26
3111254,3,0,2025-09-05
3111290,1,0,2025-05-21
3111295,1,0,2025-05-21
3111416,2,0,2026-06-17
3111445,11,6,2026-02-02
3111465,3,3,2025-02-13
3111522,6,6,2025-10-28
3111584,1,0,2025-11-13
3111621,3,2,2026-06-11
3111646,2,0,2025-02-12
3111651,1,0,2025-06-09
3111653,1,0,2025-06-03
3111802,2,0,2026-02-27
3111920,1,0,2025-10-15
3111985,1,0,2025-07-28
3112004,1,0,2025-11-06
3112017,1,0,2025-02-11
3112044,1,1,2025-04-29
3112077,3,2,2026-04-08
3112151,1,1,2026-02-20
3112292,1,0,2025-04-08
3112310,2,0,2025-01-08
3112326,2,0,2026-04-15
3112329,1,1,2025-01-10
3112330,2,2,2025-09-11
3112333,1,1,2025-12-01
3112334,2,0,2026-04-20
3112336,1,0,2026-07-09
3112399,1,1,2025-09-22
3112460,5,4,2025-06-09
3112501,1,1,2026-08-12
3112626,1,0,2025-10-10
3112807,7,1,2025-09-15
3112860,1,1,2025-08-14
3113094,1,0,2026-03-26
3113164,1,0,2025-06-12
3113167,4,4,2025-06-24
3113168,2,2,2025-06-24
3113169,2,0,2026-04-03
3113251,1,0,2025-02-11
3113254,1,0,2025-02-11
3113300,1,0,2025-02-11
3113379,1,0,2025-09-15
3113388,2,0,2026-04-20
3113397,2,0,2025-11-20
3113478,1,0,2026-04-07
3113605,1,1,2026-04-06
3113679,1,0,2025-11-13
3113780,8,0,2026-04-21
3113798,2,0,2025-05-19
3113855,2,1,2026-04-01
3113875,4,1,2026-02-09
3113932,3,0,2026-07-30
3113934,1,0,2026-03-26
3113939,1,0,2026-03-09
3113941,5,5,2025-02-18
3113953,1,0,2026-04-23
3113954,3,2,2026-02-20
3113979,3,1,2026-04-16
3113984,1,0,2026-07-27
3114008,5,1,2025-07-18
3114012,2,0,2026-03-28
3114020,1,0,2025-01-02
3114043,6,3,2026-01-02
3114052,1,1,2026-04-27
3114055,9,6,2025-09-04
3114075,8,6,2026-08-25
3114077,1,1,2025-10-02
3114090,1,0,2025-03-19
3114096,10,3,2025-12-11
3114102,1,0,2026-03-31
3114126,2,0,2026-08-26
3114132,1,0,2026-01-05
3114201,1,0,2026-08-26
3114216,2,2,2025-06-25
3114393,1,1,2025-12-11
3114438,1,1,2025-07-23
3114526,2,0,2026-04-21
3114552,2,0,2025-02-26
3114555,3,0,2026-08-14
3114557,1,0,2026-04-07
3114573,3,0,2025-03-20
3114590,3,2,2026-09-01
3114592,3,1,2025-11-10
3114593,1,0,2025-07-15
3114594,1,1,2026-07-17
3114595,3,0,2026-05-18
3114597,1,0,2025-08-29
3114598,2,0,2026-04-02
3114603,2,1,2025-11-14
3114604,3,0,2025-07-15
3114607,13,0,2026-08-21
3114609,3,0,2025-09-05
3114613,1,0,2025-11-06
3114632,2,1,2026-03-17
3114633,1,0,2025-10-10
3114642,2,2,2026-01-09
3114644,6,3,2026-07-31
3114645,3,3,2026-05-08
3114646,11,6,2026-08-17
3114661,2,0,2026-09-03
3114670,10,0,2026-08-28
3114671,2,0,2026-07-17
3114699,8,6,2025-11-18
3114714,16,1,2026-08-06
3114723,1,1,2025-11-03
3114726,2,1,2025-07-08
3114729,1,0,2026-07-24
3114730,1,0,2026-09-04
3114755,1,0,2025-10-06
3114756,2,1,2025-04-16
3114761,1,1,2025-09-09
3114787,3,3,2025-10-29
3114847,4,4,2026-08-26
3114848,2,1,2026-06-02
3114995,2,2,2025-07-09
3115014,2,0,2026-04-14
3115023,1,0,2025-02-11
3115044,1,0,2025-07-01
3115049,3,2,2026-07-17
3115195,1,1,2026-01-06
3115200,1,0,2026-07-30
3115261,1,0,2025-02-24
3115285,1,0,2025-07-01
3115286,9,4,2026-01-21
3115478,7,2,2025-10-30
3115482,2,0,2025-12-16
3115491,2,0,2025-09-12
3115494,2,0,2025-09-23
3115518,1,0,2026-01-08
3115524,11,6,2026-06-26
3115529,2,1,2026-08-23
3115534,1,0,2026-08-04
3115548,1,1,2025-07-25
3115549,16,6,2026-08-28
3115570,1,0,2025-02-25
3115582,5,2,2026-07-27
3115586,8,5,2026-07-28
3115604,1,1,2025-01-21
3115631,1,0,2026-03-06
3115633,2,1,2026-03-06
3115651,1,0,2025-07-16
3115656,1,1,2026-05-21
3115658,1,0,2025-01-08
3115677,1,1,2025-07-25
3115679,8,1,2026-01-06
3115681,1,0,2026-06-29
3115684,2,0,2025-05-12
3115699,1,0,2025-05-05
3115704,8,7,2026-02-16
3115732,1,0,2025-05-01
3115812,1,1,2026-08-28
3115856,3,3,2025-02-05
3115857,1,1,2025-09-02
3115862,1,0,2025-05-01
3115866,10,0,2026-06-29
3115867,6,2,2026-05-18
3115913,4,0,2026-04-20
3115915,1,0,2025-05-28
3115917,1,1,2025-10-29
3115918,5,1,2025-12-11
3115923,3,2,2026-03-17
3115928,2,2,2025-03-12
3115931,2,2,2025-11-14
3115938,2,0,2025-11-05
3115944,4,0,2026-02-18
3115952,1,0,2025-06-03
3115971,1,0,2025-08-06
3115972,3,0,2026-01-23
3115978,1,0,2025-03-11
3115997,1,1,2025-06-24
3115999,4,3,2026-09-02
3116000,1,1,2025-05-05
3116031,7,0,2025-11-25
3116045,4,0,2026-01-12
3116049,1,1,2025-04-18
3116051,1,1,2025-06-24
3116054,2,1,2025-09-23
3116057,1,1,2026-08-27
3116058,2,1,2026-08-16
3116066,1,1,2026-06-05
3116083,2,1,2026-06-11
3116088,1,1,2025-09-16
3116090,1,0,2025-02-24
3116104,5,1,2026-05-12
3116105,1,1,2025-08-12
3116108,1,0,2026-05-06
3116109,2,0,2025-12-08
3116110,3,0,2026-07-06
3116111,1,0,2026-08-25
3116112,2,0,2025-11-05
3116117,2,1,2026-06-15
3116121,2,0,2026-06-18
3116128,4,3,2026-01-28
3116130,4,2,2026-07-08
3116138,1,1,2026-07-23
3116149,2,0,2025-04-08
3116151,2,0,2026-03-10
3116152,2,2,2026-04-22
3116153,1,0,2026-02-09
3116154,1,1,2025-12-16
3116155,5,3,2026-07-06
3116157,2,0,2026-07-06
3116159,2,0,2026-06-18
3116168,1,1,2025-07-21
3116176,2,1,2025-11-14
3116178,1,1,2026-01-20
3116189,4,2,2026-05-05
3116196,9,4,2026-03-24
3116204,3,1,2026-03-02
3116206,3,1,2026-03-30
3116211,3,2,2026-08-20
3116213,4,0,2026-04-24
3116214,7,2,2026-06-05
3116216,1,0,2026-01-07
3116227,1,0,2025-12-30
3116235,1,0,2025-03-28
3116247,1,0,2025-11-07
3116258,1,0,2025-09-03
3116265,1,1,2026-09-10
3116266,2,2,2026-03-27
3116276,1,1,2026-06-09
3116277,1,1,2026-03-31
3116329,1,0,2025-08-28
3116376,5,2,2026-02-19
3116382,1,0,2025-05-28
3116386,1,0,2025-07-01
3116395,1,0,2026-04-03
3116438,7,0,2026-01-15
3116471,1,1,2025-08-26
3116474,3,0,2026-07-06
3116489,1,0,2025-05-02
3116490,3,0,2025-08-12
3116491,1,0,2025-05-02
3116492,1,0,2025-05-02
3116493,3,0,2026-08-27
3116498,2,2,2026-02-04
3116512,4,0,2026-03-18
3116526,1,1,2026-07-23
3116534,4,1,2026-08-06
3116535,1,1,2025-10-27
3116536,21,8,2026-08-28
3116537,1,0,2025-04-07
3116538,1,0,2025-02-17
3116540,2,1,2025-03-17
3116544,1,1,2025-12-31
3116545,1,1,2025-12-31
3116546,2,2,2025-12-31
3116550,3,0,2026-01-12
3116551,2,0,2026-08-03
3116556,17,13,2026-03-17
3116559,2,2,2026-07-23
3116561,5,2,2025-10-22
3116562,2,0,2026-01-12
3116574,2,1,2026-04-30
3116577,1,0,2025-04-08
3116579,2,0,2025-10-21
3116589,2,0,2025-04-07
3116594,3,1,2026-03-18
3116608,2,1,2026-03-24
3116613,1,0,2026-05-27
3116615,1,0,2026-08-04
3116622,3,0,2026-08-06
3116624,2,2,2025-10-22
3116630,1,0,2025-06-03
3116635,2,0,2026-05-28
3116638,1,0,2025-11-05
3116644,4,0,2025-11-25
3116645,3,3,2026-03-16
3116652,6,3,2026-06-02
3116653,1,0,2025-09-05
3116659,12,11,2026-07-13
3116660,2,0,2026-03-17
3116661,3,1,2026-08-17
3116662,5,3,2026-08-14
3116664,6,5,2026-04-16
3116678,7,5,2026-08-19
3116681,3,2,2026-07-14
3116693,3,2,2026-02-18
3116694,6,5,2026-07-09
3116695,2,0,2026-08-27
3116707,1,0,2025-04-23
3116710,2,0,2026-03-23
3116719,5,1,2026-03-20
3116720,2,1,2025-07-17
3116762,2,1,2026-01-12
3116764,1,0,2025-10-21
3116773,1,0,2025-09-15
3116796,12,3,2026-07-09
3116825,2,0,2025-01-08
3116854,1,1,2025-10-22
3116855,2,1,2026-03-10
3116881,2,1,2025-10-22
3116896,2,1,2026-06-06
3116935,1,0,2025-10-22
3116977,1,0,2025-07-01
3116992,1,0,2025-05-28
3117006,1,0,2025-10-24
3117025,2,0,2026-05-08
3117046,2,0,2025-07-07
3117095,2,0,2025-10-22
3117096,1,0,2026-03-11
3117101,2,1,2026-06-25
3117102,2,0,2025-09-16
3117111,9,6,2026-07-09
3117116,3,1,2026-08-28
3117118,2,0,2026-08-04
3117119,2,0,2026-07-16
3117120,1,0,2025-11-03
3117121,1,1,2026-06-01
3117128,1,0,2026-02-19
3117129,1,0,2025-04-07
3117131,15,9,2026-08-04
3117133,2,0,2025-01-29
3117135,1,0,2025-12-16
3117139,2,1,2026-04-20
3117143,5,0,2026-06-25
3117147,2,0,2026-06-23
3117149,1,0,2025-04-08
3117150,3,1,2026-07-16
3117172,2,0,2025-08-12
3117183,1,1,2026-03-06
3117230,3,0,2026-01-16
3117232,3,1,2026-01-16
3117274,1,0,2025-05-06
3117284,5,3,2026-05-11
3117296,3,2,2026-05-22
3117318,2,1,2025-02-26
3117335,1,1,2025-06-16
3117381,3,0,2026-04-22
3117384,1,0,2025-07-01
3117396,5,0,2026-04-22
3117397,1,0,2026-02-04
3117411,7,3,2025-11-17
3117442,1,0,2026-07-14
3117453,1,1,2025-02-17
3117473,3,2,2025-10-03
3117538,1,1,2026-04-16
3117570,3,0,2026-08-11
3117572,2,1,2026-07-16
3117573,6,1,2026-05-06
3117580,6,2,2026-08-27
3117581,1,1,2026-01-28
3117582,1,1,2026-05-20
3117583,1,0,2026-03-10
3117584,6,0,2026-01-21
3117588,3,1,2026-05-19
3117590,3,3,2025-09-09
3117592,2,0,2026-01-28
3117593,3,3,2026-07-06
3117595,4,1,2026-03-12
3117596,2,0,2026-03-12
3117600,1,0,2026-04-29
3117601,6,5,2026-02-04
3117604,4,2,2025-09-08
3117611,1,1,2026-03-05
3117616,1,1,2026-06-04
3117617,4,2,2026-07-10
3117619,1,0,2026-02-19
3117621,1,1,2026-06-17
3117624,4,2,2026-06-11
3117629,1,0,2025-07-15
3117653,1,0,2025-09-23
3117657,1,1,2026-02-13
3117665,1,1,2026-06-17
3117671,2,1,2026-02-09
3117704,2,0,2025-05-02
3117710,2,0,2026-04-22
3117722,2,1,2025-10-06
3117739,1,1,2025-03-27
3117776,1,0,2026-04-02
3117777,2,1,2025-10-07
3117798,1,0,2026-08-25
3117824,1,0,2026-03-23
3117836,2,0,2026-02-11
3117869,1,0,2025-05-28
3117876,1,1,2026-02-10
3117904,4,2,2026-04-03
3117910,2,0,2025-02-26
3117977,1,0,2025-12-11
3117988,2,0,2026-02-11
3118014,11,3,2026-07-29
3118058,2,1,2025-12-19
3118059,1,0,2025-04-21
3118082,4,0,2026-03-31
3118100,3,0,2025-09-18
3118198,1,1,2025-10-31
3118205,1,0,2026-03-09
3118206,1,0,2026-03-09
3118217,1,0,2025-05-28
3118223,2,2,2026-08-26
3118263,3,2,2025-01-17
3118320,6,0,2026-09-02
3118463,3,1,2026-03-11
3118465,1,1,2026-03-11
3118477,1,0,2025-07-01
3118484,2,0,2026-05-08
3118506,11,10,2026-03-11
3118518,1,0,2026-05-14
3118528,2,0,2026-05-13
3118530,2,2,2026-04-24
3118532,1,0,2025-02-04
3118533,2,2,2026-08-06
3118534,1,1,2026-02-03
3118542,1,0,2025-04-10
3118550,4,1,2026-08-04
3118551,1,0,2025-04-08
3118563,1,1,2025-09-25
3118566,1,1,2025-03-17
3118567,1,0,2025-02-06
3118593,1,0,2025-05-28
3118595,1,1,2026-03-10
3118608,4,0,2026-03-02
3118612,3,0,2026-02-13
3118644,2,0,2026-07-21
3118652,2,1,2026-03-10
3118659,2,1,2026-02-18
3118662,1,1,2026-03-10
3118667,1,0,2026-06-30
3118684,3,3,2025-09-16
3118698,1,0,2025-04-15
3118702,1,0,2026-07-28
3118736,2,1,2025-04-02
3118740,1,0,2026-01-22
3118744,1,1,2026-03-31
3118752,7,3,2026-02-05
3118755,2,0,2026-03-16
3118758,1,0,2025-05-27
3118759,1,1,2026-06-22
3118767,2,0,2026-05-26
3118770,1,1,2025-01-28
3118786,2,2,2026-05-13
3118787,2,0,2026-08-27
3118788,2,0,2026-08-03
3118790,2,0,2025-07-14
3118793,1,0,2026-02-19
3118799,3,2,2025-04-11
3118800,2,1,2026-04-17
3118806,1,0,2026-02-24
3118811,1,0,2025-01-29
3118820,3,1,2026-06-15
3118821,8,7,2026-07-10
3118822,1,0,2025-11-13
3118824,3,1,2026-08-03
3118832,1,1,2026-02-20
3118847,2,0,2026-03-03
3118860,5,3,2026-09-03
3118868,1,0,2025-06-20
3118871,6,5,2026-01-29
3118964,2,2,2026-01-29
3118973,1,0,2025-02-11
3119021,2,0,2026-06-28
3119054,1,0,2026-03-27
3119056,2,0,2026-08-17
3119116,4,1,2025-08-13
3119122,2,2,2025-03-30
3119161,13,4,2026-04-03
3119168,10,4,2026-07-09
3119169,1,0,2026-03-26
3119172,3,1,2026-07-07
3119189,2,0,2026-03-23
3119227,1,0,2025-05-28
3119230,1,0,2025-02-24
3119237,5,1,2026-07-20
3119274,1,0,2026-09-03
3119276,2,0,2026-03-26
3119497,3,1,2026-07-21
3119498,1,0,2026-02-24
3119499,1,1,2025-09-17
3119501,1,0,2025-03-27
3119515,1,0,2025-07-21
3119524,1,0,2026-02-24
3119526,2,0,2026-08-03
3119527,2,1,2026-02-20
3119586,1,0,2025-07-01
3119588,1,0,2025-07-01
3119599,1,0,2026-02-11
3119646,2,0,2025-11-03
3119672,1,0,2026-01-28
3119692,2,0,2026-07-20
3119766,12,5,2026-08-18
3119841,3,0,2026-04-20
3119842,2,0,2026-04-03
3119871,5,4,2026-07-24
3119878,1,0,2026-07-08
3119924,3,2,2025-08-09
3119929,1,1,2025-12-19
3119966,2,1,2026-03-12
3119976,1,1,2026-01-26
3120030,3,1,2026-04-01
3120033,2,1,2026-04-01
3120049,1,0,2025-10-15
3120055,2,0,2025-11-13
3120079,1,0,2025-08-18
3120100,7,7,2026-02-25
3120118,5,5,2025-11-29
3120139,1,0,2026-02-18
3120242,4,3,2025-04-15
3120256,1,1,2026-04-27
3120258,5,1,2026-08-18
3120263,1,1,2026-05-18
3120272,8,2,2026-06-30
3120276,1,1,2026-07-02
3120278,1,0,2026-05-06
3120283,9,6,2026-06-01
3120284,1,0,2026-02-20
3120298,1,0,2025-07-01
3120306,5,5,2026-08-28
3120355,6,4,2026-04-07
3120373,1,1,2025-04-14
3120374,2,1,2026-05-28
3120378,1,0,2026-05-12
3120381,1,0,2026-03-28
3120389,2,1,2025-06-17
3120442,1,1,2026-06-30
3120459,1,0,2025-06-23
3120527,1,0,2025-10-08
3120546,3,2,2025-10-02
3120552,1,0,2025-01-06
3120555,1,0,2025-01-14
3120562,1,1,2026-03-24
3120569,1,0,2025-12-04
3120574,2,1,2025-06-02
3120591,2,0,2026-03-02
3120607,1,1,2026-04-29
3120619,5,3,2026-04-01
3120630,11,0,2026-06-16
3120650,2,1,2026-03-10
3120668,1,0,2025-09-12
3120694,2,0,2025-01-16
3120697,1,0,2025-02-24
3120755,2,1,2026-08-18
3120762,1,0,2025-02-11
3120777,1,0,2026-03-06
3120778,1,0,2026-03-06
3120786,3,2,2026-03-09
3120796,5,1,2026-01-27
3120838,5,2,2026-02-13
3120854,1,1,2026-01-30
3120877,6,1,2026-02-12
3120878,3,1,2026-01-31
3120882,1,0,2025-05-28
3120920,1,0,2025-07-01
3120931,1,1,2026-03-14
3120933,1,1,2025-12-31
3120961,1,0,2025-06-12
3120965,1,0,2025-01-29
3120967,1,0,2025-07-21
3120980,1,1,2026-01-13
3120993,2,1,2026-03-30
3121009,1,0,2025-12-17
3121025,1,0,2025-07-01
3121052,1,0,2026-02-10
3121057,3,0,2026-04-21
3121068,1,0,2025-07-01
3121070,10,8,2025-10-22
3121072,3,0,2026-01-27
3121084,1,1,2026-08-27
3121114,1,0,2025-08-01
3121125,2,0,2026-07-20
3121142,5,0,2026-04-02
3121165,1,1,2026-05-27
3121169,1,1,2026-03-24
3121177,1,0,2026-09-02
3121181,2,1,2026-03-10
3121182,1,0,2025-06-05
3121193,1,0,2025-01-31
3121207,3,3,2026-02-04
3121217,1,1,2025-10-14
3121261,1,0,2025-04-10
3121347,3,2,2025-09-17
3121358,1,1,2025-09-11
3121360,2,1,2025-10-27
3121396,1,1,2026-06-01
3121398,61,3,2026-05-13
3121415,1,0,2025-05-19
3121475,2,1,2026-06-09
3121521,2,1,2025-06-11
3121525,1,0,2025-10-08
3121585,3,0,2025-09-17
3121601,1,0,2026-03-23
3121606,1,0,2025-01-29
3121611,1,0,2025-10-20
3121618,1,1,2025-08-20
3121620,4,3,2025-06-07
3121626,4,2,2025-12-18
3121630,20,7,2026-05-19
3121640,1,0,2025-12-11
3121643,1,0,2025-07-01
3121644,1,0,2025-07-01
3121645,1,0,2025-05-28
3121668,1,0,2025-06-21
3121678,2,0,2025-10-23
3121684,4,4,2025-03-12
3121699,1,0,2025-07-01
3121727,1,0,2025-05-21
3121734,4,4,2026-05-08
3121735,6,4,2026-08-27
3121742,3,3,2026-09-02
3121836,1,0,2026-07-02
3121871,3,0,2026-06-10
3121942,3,1,2026-01-22
3121969,4,3,2025-12-20
3121979,1,0,2026-09-03
3122089,1,1,2026-09-02
3122106,4,3,2025-07-18
3122123,4,4,2026-05-05
3122154,2,1,2025-03-31
3122175,1,0,2026-04-20
3122195,1,1,2025-07-12
3122207,2,2,2025-11-18
3122210,1,0,2025-11-28
3122250,1,0,2025-10-31
3122262,1,0,2026-04-10
3122303,1,1,2025-08-12
3122413,1,0,2025-09-15
3122450,1,0,2025-10-27
3122452,2,1,2025-09-22
3122469,1,0,2026-04-07
3122484,1,0,2025-10-23
3122493,1,0,2026-05-04
3122494,1,0,2026-03-26
3122496,1,0,2025-06-11
3122504,1,0,2026-03-17
3122655,1,0,2025-07-03
3122670,1,0,2025-07-25
3122708,1,0,2025-03-05
3122714,1,1,2026-05-26
3122732,1,0,2025-01-29
3122737,3,1,2026-07-10
3122769,1,0,2025-03-13
3122799,1,1,2026-08-17
3122805,1,1,2025-10-12
3122836,1,0,2026-08-28
3122843,2,2,2026-01-06
3122844,5,2,2026-02-06
3122846,1,0,2026-08-26
3122868,7,3,2026-04-13
3122873,2,0,2025-05-16
3122910,4,4,2025-06-10
3122911,1,1,2026-05-04
3122917,1,1,2026-05-26
3122920,3,3,2025-06-25
3122955,1,1,2026-05-04
3122963,2,0,2025-01-29
3122966,1,0,2025-01-29
3122986,2,0,2025-12-31
3122989,1,0,2025-10-02
3122992,3,0,2026-08-08
3123000,1,0,2025-05-29
3123012,1,1,2026-05-08
3123016,1,1,2026-05-07
3123018,2,2,2026-06-22
3123020,1,1,2026-05-07
3123021,1,1,2025-05-02
3123022,1,0,2025-03-28
3123023,1,1,2026-05-07
3123024,15,9,2026-06-08
3123040,1,0,2026-03-12
3123041,1,1,2025-12-22
3123074,2,0,2025-11-12
3123078,4,0,2025-08-24
3123093,1,0,2026-05-27
3123164,1,1,2026-03-23
3123169,1,1,2025-01-23
3123184,1,0,2025-01-03
3123189,1,0,2025-01-18
3123226,3,2,2026-05-06
3123234,2,2,2025-03-10
3123249,1,1,2026-06-04
3123250,1,1,2026-06-04
3123253,1,0,2025-07-01
3123254,2,2,2026-06-04
3123269,6,6,2025-01-09
3123283,2,2,2025-03-14
3123289,1,0,2026-05-06
3123339,1,1,2025-08-25
3123374,1,1,2025-08-25
3123388,2,0,2026-01-21
3123419,2,1,2026-09-01
3123420,2,0,2025-03-26
3123432,1,0,2025-11-19
3123494,3,1,2026-09-01
3123496,1,1,2025-10-22
3123524,4,4,2026-03-12
3123572,1,0,2025-03-20
3123575,1,0,2026-01-27
3123690,1,0,2026-03-18
3123703,1,0,2025-02-11
3123712,5,4,2026-09-02
3123714,8,2,2026-09-02
3123720,6,2,2026-06-07
3123723,2,0,2025-10-30
3123741,1,1,2026-04-29
3123742,6,3,2025-12-19
3123743,1,1,2026-04-29
3123744,2,2,2025-05-22
3123745,2,2,2026-06-08
3123766,1,0,2025-01-03
3123823,7,2,2026-07-28
3123825,1,1,2026-02-03
3123826,1,1,2026-02-03
3123934,2,0,2026-04-15
3123964,1,1,2025-10-31
3123982,2,1,2025-09-04
3123994,3,0,2025-03-20
3124019,6,0,2026-07-02
3124031,1,0,2025-11-24
3124032,2,1,2026-03-20
3124033,1,0,2025-01-29
3124034,1,1,2026-07-14
3124073,1,1,2026-06-24
3124075,13,3,2025-10-16
3124077,4,3,2025-11-17
3124109,3,0,2026-02-18
3124150,1,0,2025-01-29
3124177,1,0,2025-02-11
3124185,1,1,2025-10-17
3124305,3,0,2026-07-15
3124307,2,2,2026-07-09
3124347,1,0,2025-03-28
3124369,1,0,2025-04-25
3124401,3,3,2025-05-01
3124420,4,0,2025-10-12
3124430,1,0,2025-10-24
3124464,3,0,2026-01-21
3124483,2,1,2026-07-14
3124484,1,0,2025-01-24
3124498,3,0,2026-05-18
3124504,6,0,2026-05-11
3124505,2,2,2026-09-01
3124517,2,0,2025-12-24
3124526,1,1,2025-10-29
3124534,1,0,2025-12-09
3124540,7,5,2025-06-13
3124566,1,0,2026-07-22
3124567,1,1,2026-07-13
3124605,1,1,2025-06-24
3124618,2,1,2026-04-17
3124639,4,0,2025-09-05
3124656,3,0,2026-02-05
3124663,1,0,2026-05-22
3124665,3,0,2025-02-24
3124673,1,0,2026-01-21
3124674,1,1,2025-04-23
3124688,1,1,2026-08-08
3124706,2,0,2025-10-14
3124734,2,0,2025-01-31
3124735,2,1,2026-07-02
3124736,1,0,2025-10-14
3124758,2,0,2025-01-29
3124814,1,0,2025-02-07
3124829,3,0,2025-12-24
3124884,3,0,2025-07-01
3124920,2,0,2025-03-25
3124933,1,1,2026-03-05
3124936,1,0,2025-06-16
3124976,3,1,2025-09-23
3124988,1,0,2025-05-28
3124992,1,0,2026-08-13
3125016,8,1,2026-08-08
3125036,4,4,2025-08-19
3125056,1,0,2025-07-01
3125065,1,1,2026-04-30
3125076,1,0,2025-05-05
3125088,2,0,2025-04-28
3125090,1,1,2025-04-17
3125123,3,1,2026-08-17
3125137,2,0,2025-01-23
3125142,4,3,2026-08-05
3125151,5,5,2026-05-21
3125152,1,1,2026-05-04
3125153,1,0,2026-09-04
3125160,1,0,2025-11-24
3125164,1,0,2026-04-04
3125166,2,1,2026-07-08
3125168,1,0,2026-06-10
3125170,1,0,2025-12-26
3125179,1,0,2025-09-17
3125192,1,0,2025-12-11
3125210,1,0,2026-01-29
3125212,1,1,2025-09-02
3125246,1,0,2026-07-20
3125270,2,2,2026-06-15
3125273,1,1,2026-06-11
3125274,1,1,2026-06-11
3125277,1,1,2026-06-11
3125278,3,2,2025-12-10
3125279,1,0,2025-12-10
3125280,1,0,2026-06-10
3125282,1,0,2026-06-10
3125287,1,0,2026-06-10
3125294,1,0,2025-12-31
3125295,1,1,2026-05-14
3125298,1,0,2025-10-24
3125300,2,0,2025-09-02
3125305,1,0,2025-09-15
3125330,3,2,2026-07-28
3125344,1,0,2026-06-29
3125349,1,0,2026-06-29
3125358,1,1,2026-04-30
3125396,2,0,2026-02-18
3125397,5,5,2026-04-22
3125402,1,0,2025-02-17
3125403,1,0,2025-09-08
3125420,1,0,2026-07-08
3125428,2,0,2026-03-09
3125447,18,11,2026-07-08
3125450,1,0,2025-02-21
3125455,2,1,2026-02-20
3125480,4,3,2026-04-29
3125500,3,0,2026-06-30
3125501,5,0,2026-05-04
3125542,7,6,2026-07-07
3125555,2,0,2025-05-01
3125557,1,0,2025-05-23
3125558,1,0,2025-05-16
3125564,2,0,2025-03-14
3125567,2,0,2025-03-12
3125586,7,0,2026-03-30
3125588,1,0,2026-05-01
3125593,3,0,2025-12-05
3125607,5,3,2026-01-14
3125625,1,0,2026-05-14
3125629,1,0,2026-07-06
3125636,1,0,2025-11-12
3125638,1,0,2025-09-08
3125641,1,0,2025-09-11
3125668,4,3,2025-12-31
3125672,1,1,2026-06-09
3125676,8,0,2026-02-18
3125696,1,1,2026-05-04
3125699,1,0,2026-08-24
3125712,1,0,2026-08-12
3125714,1,0,2026-08-12
3125715,1,1,2025-01-13
3125721,3,2,2026-09-02
3125724,2,1,2026-05-27
3125725,1,1,2026-05-27
3125731,1,0,2026-08-21
3125732,2,1,2026-06-04
3125737,1,1,2026-05-05
3125738,1,1,2026-05-05
3125746,1,0,2026-09-02
3125748,1,0,2025-07-30
3125749,2,0,2026-03-31
3125751,1,0,2026-09-02
3125758,1,0,2026-09-02
3125761,1,0,2026-08-11
3125774,1,0,2026-08-12
3125775,2,2,2026-06-10
3125782,3,2,2025-04-03
3125792,2,2,2026-09-02
3125808,3,0,2026-03-12
3125822,2,1,2026-09-02
3125823,1,1,2026-02-20
3125827,2,2,2025-09-15
3125845,1,0,2026-06-26
3125848,6,4,2026-06-26
3125850,1,1,2026-07-06
3125851,1,1,2026-07-06
3125862,3,0,2026-04-02
3125883,3,3,2025-12-12
3125884,1,0,2026-08-13
3125914,1,0,2026-08-13
3125930,1,0,2026-02-02
3125935,1,1,2025-12-09
3125938,2,2,2026-07-13
3125939,3,1,2026-07-13
3125940,2,2,2026-08-17
3125946,1,1,2026-07-06
3125954,1,0,2026-04-29
3125956,4,2,2026-09-01
3125965,5,2,2025-05-01
3125992,1,0,2025-09-17
3126001,6,0,2026-02-18
3126023,1,0,2026-03-22
3126040,1,1,2026-07-02
3126042,2,2,2026-04-27
3126043,1,0,2026-04-30
3126064,1,1,2026-02-16
3126065,2,0,2026-07-28
3126067,2,0,2025-09-25
3126076,5,5,2026-07-06
3126107,1,1,2026-06-17
3126112,4,0,2026-07-13
3126113,3,2,2025-11-18
3126126,1,0,2026-03-22
3126127,1,0,2026-04-30
3126134,1,0,2026-05-20
3126135,2,1,2026-07-01
3126148,1,1,2026-08-06
3126154,1,0,2025-06-02
3126158,2,1,2026-08-26
3126163,1,0,2025-04-30
3126168,1,1,2026-07-21
3126169,1,0,2026-06-25
3126170,4,2,2026-07-07
3126175,1,0,2025-12-29
3126176,1,1,2026-06-17
3126178,1,0,2025-01-08
3126200,2,2,2025-11-13
3126204,4,1,2025-03-14
3126218,4,4,2025-10-20
3126219,2,1,2026-06-30
3126221,1,0,2026-07-28
3126223,1,0,2025-01-24
3126226,1,0,2025-07-02
3126227,1,0,2025-07-01
3126243,7,6,2026-04-01
3126248,1,0,2025-12-15
3126250,1,0,2026-07-22
3126256,2,0,2026-06-24
3126268,3,2,2026-07-20
3126276,2,1,2025-10-10
3126279,1,0,2025-01-23
3126289,1,0,2025-10-01
3126293,2,1,2025-10-31
3126323,1,0,2025-10-31
3126325,11,4,2026-09-10
3126334,1,0,2026-03-05
3126426,4,3,2026-08-25
3126487,1,0,2026-05-15
3126506,1,1,2026-04-13
3126510,2,0,2025-06-04
3126526,2,2,2026-07-02
3126550,5,5,2026-05-18
3126551,3,1,2026-09-09
3126562,3,1,2026-03-30
3126566,1,1,2026-06-05
3126582,1,1,2026-03-05
3126584,1,1,2026-06-11
3126592,1,0,2026-06-04
3126596,1,0,2026-06-24
3126599,1,0,2026-06-24
3126604,13,8,2026-08-16
3126638,3,3,2026-09-08
3126645,1,1,2026-06-30
3126650,2,2,2026-04-14
3126654,1,0,2026-06-22
3126659,2,2,2026-04-02
3126665,1,0,2026-06-30
3126667,1,1,2026-05-21
3126673,1,0,2025-06-03
3126676,1,1,2026-08-20
3126688,8,6,2026-07-24
3126692,2,2,2026-05-29
3126698,3,1,2026-06-03
3126699,2,0,2026-08-14
3126701,1,0,2026-05-22
3126702,1,0,2025-12-11
3126705,4,1,2026-09-02
3126706,1,0,2026-08-06
3126713,1,0,2026-06-30
3126723,2,0,2026-07-01
3126729,1,0,2026-06-18
3126730,4,0,2026-06-10
3126731,2,1,2026-07-09
3126732,7,6,2026-07-01
3126750,2,0,2026-08-10
3126756,3,0,2026-09-03
3126757,4,0,2025-10-31
3126760,2,0,2026-08-14
3126761,1,0,2025-10-02
3126776,1,0,2025-02-17
3126778,1,0,2026-06-01
3126780,2,0,2025-07-15
3126782,3,0,2026-09-08
3126785,1,0,2026-07-21
3126788,1,0,2026-09-02
3126789,1,1,2026-08-10
3126790,2,0,2026-08-10
3126793,5,3,2026-07-24
3126798,2,1,2026-09-02
3126801,3,0,2026-07-15
3126808,5,0,2025-10-14
3126837,2,1,2026-04-21
3126838,3,3,2026-05-04
3126839,11,3,2026-08-26
3126842,7,0,2026-02-17
3126855,2,2,2026-08-05
3126863,1,1,2025-08-01
3126867,2,0,2026-08-25
3126951,1,1,2026-08-20
3126967,2,2,2026-05-11
3126976,4,4,2025-06-26
3126990,1,0,2026-06-26
3126996,1,1,2026-07-02
3127003,1,1,2026-05-07
3127017,1,1,2025-10-27
3127026,1,1,2026-06-25
3127030,1,1,2026-08-20
3127037,2,0,2026-08-28
3127044,2,2,2026-08-26
3127046,1,1,2026-08-04
3127051,3,3,2025-07-07
3127055,1,0,2026-05-22
3127058,1,0,2026-09-04
3127065,1,0,2026-08-28
3127070,2,2,2026-03-26
3127072,1,0,2026-08-24
3127073,1,1,2026-06-01
3127074,4,2,2026-09-08
3127077,3,0,2026-07-27
3127084,1,1,2026-06-15
3127088,2,1,2026-09-08
3127089,1,1,2026-06-11
3127091,1,0,2025-07-16
3127092,10,0,2026-08-21
3127093,1,1,2026-05-19
3127094,1,1,2026-06-13
3127095,3,1,2026-06-18
3127097,3,2,2026-07-08
3127105,1,1,2026-07-31
3127106,5,0,2026-09-01
3127107,1,1,2026-06-01
3127109,6,1,2026-05-12
3127114,1,1,2026-03-23
3127120,4,4,2026-08-06
3127141,1,0,2025-12-11
3127142,8,2,2026-08-11
3127143,7,4,2026-08-17
3127144,2,1,2026-07-29
3127152,2,2,2026-04-16
3127153,1,1,2026-09-03
3127154,3,1,2026-08-17
3127157,6,5,2026-07-23
3127166,1,0,2026-06-08
3127173,2,2,2026-07-27
3127175,1,0,2026-03-23
3127177,12,6,2026-08-25
3127179,5,1,2026-08-12
3127180,2,0,2026-08-26
3127183,2,2,2026-08-07
3127184,24,9,2026-08-17
3127185,3,2,2026-08-06
3127186,2,1,2026-06-30
3127187,4,2,2026-08-11
3127189,1,0,2026-07-24
3127191,3,1,2026-08-27
3127194,3,1,2026-07-27
3127196,1,1,2026-06-08
3127197,1,0,2026-05-26
3127199,2,2,2026-06-18
3127202,2,0,2026-08-06
3127205,1,0,2026-04-09
3127208,5,5,2026-06-16
3127209,1,1,2026-06-16
3127211,4,2,2026-07-20
3127250,3,2,2026-05-04
3127336,10,7,2026-07-09
3127354,1,0,2025-03-17
3127366,1,0,2025-05-13
3127383,1,0,2026-07-13
3127387,1,1,2026-06-22
3127388,5,1,2025-05-05
3127395,3,0,2026-07-14
3127398,3,0,2026-07-14
3127417,3,3,2026-03-24
3127422,1,1,2026-02-13
3127429,1,1,2026-06-15
3127430,1,1,2026-09-02
3127431,8,7,2025-07-18
3127435,2,2,2026-06-10
3127456,1,1,2026-08-10
3127463,1,0,2026-05-26
3127466,1,0,2026-06-10
3127482,3,0,2026-06-16
3127492,1,0,2025-08-04
3127501,1,1,2026-06-10
3127508,3,3,2026-09-02
3127510,1,0,2025-07-01
3127517,1,0,2025-07-28
3127524,14,11,2026-08-07
3127538,2,1,2026-07-15
3127556,1,1,2026-08-07
3127571,1,0,2026-06-08
3127573,5,0,2026-08-05
3127575,1,0,2026-07-29
3127576,1,0,2026-07-29
3127581,1,0,2026-05-27
3127604,1,0,2026-03-24
3127605,2,2,2026-09-04
3127606,4,2,2026-03-03
3127607,7,2,2026-07-13
3127608,2,0,2026-03-05
3127610,1,0,2026-03-02
3127611,2,0,2026-08-20
3127613,1,1,2025-01-22
3127614,6,3,2026-08-20
3127617,1,1,2026-06-08
3127624,6,3,2026-05-07
3127627,1,1,2025-05-01
3127628,2,0,2025-12-29
3127630,1,0,2026-06-02
3127633,4,3,2026-09-02
3127638,1,0,2026-07-21
3127645,1,0,2026-06-18
3127650,2,0,2026-05-12
3127653,1,0,2026-09-10
3127655,1,0,2026-09-10
3127665,1,0,2026-09-10
3127666,6,4,2026-08-04
3127667,1,1,2026-07-21
3127670,4,3,2026-04-29
3127675,1,0,2025-01-21
3127687,1,0,2026-08-04
3127692,10,0,2026-01-29
3127694,1,0,2026-08-04
3127695,8,3,2026-08-20
3127709,7,7,2026-07-30
3127711,3,1,2026-04-22
3127724,4,1,2026-08-26
3127725,4,1,2026-08-26
3127726,2,1,2026-03-04
3127729,1,0,2025-02-21
3127730,6,2,2026-09-10
3127731,1,0,2025-04-08
3127734,8,6,2026-02-09
3127735,4,1,2026-08-21
3127761,3,0,2026-06-08
3127765,1,1,2026-05-27
3127772,1,1,2026-08-07
3127780,2,2,2026-03-04
3127801,1,1,2026-03-31
3127802,1,0,2025-07-25
3127808,2,0,2026-09-04
3127816,1,1,2026-07-01
3127818,2,0,2026-06-16
3127821,1,0,2026-06-08
3127823,1,0,2026-07-30
3127827,6,3,2026-04-23
3127839,1,0,2026-07-08
3127868,2,0,2026-06-12
3127874,1,1,2026-06-30
3127879,1,1,2026-07-29
3127896,1,0,2026-06-11
3127898,1,0,2026-08-26
3127905,5,4,2026-08-28
3127912,2,1,2026-05-12
3127926,4,2,2026-07-10
3127930,2,1,2026-07-28
3127947,1,0,2025-12-05
3127950,4,1,2026-07-23
3127969,1,0,2025-05-28
3127973,2,1,2026-05-12
3128012,2,0,2026-05-07
3128028,1,0,2025-10-14
3128033,1,0,2026-07-06
3128034,1,0,2026-06-25
3128037,4,3,2026-06-16
3128044,2,1,2026-06-01
3128048,3,2,2026-06-30
3128056,2,2,2026-06-08
3128074,2,2,2026-03-19
3128080,2,0,2026-02-20
3128081,2,1,2026-02-20
3128086,2,0,2026-04-27
3128093,1,0,2026-06-11
3128097,1,0,2026-06-08
3128101,1,1,2026-05-12
3128103,1,1,2026-05-12
3128104,1,1,2026-05-12
3128118,1,0,2026-07-01
3128119,1,0,2026-07-01
3128132,1,0,2025-06-11
3128143,1,0,2025-11-25
3128180,2,0,2025-06-11
3128182,3,1,2026-07-01
3128203,1,1,2025-10-03
3128204,3,1,2025-10-03
3128208,2,0,2025-10-27
3128211,4,2,2026-08-20
3128219,1,0,2025-05-28
3128253,5,5,2025-10-08
3128289,1,1,2026-07-01
3128326,1,1,2026-04-16
3128353,3,2,2026-05-04
3128354,1,0,2025-09-09
3128358,1,1,2026-04-24
3128410,9,1,2025-12-18
3128450,11,5,2026-08-20
3128482,1,1,2026-04-02
3128505,1,0,2026-03-18
3128514,6,6,2025-09-09
3128524,1,1,2025-04-03
3128571,4,2,2026-05-13
3128600,3,3,2025-03-26
3128609,3,2,2026-05-01
3128613,1,1,2025-10-24
3128628,3,1,2025-07-30
3128663,2,1,2025-01-13
3128689,1,1,2026-03-19
3128714,2,1,2026-05-27
3128724,1,1,2026-05-27
3128728,1,1,2026-02-20
3128741,2,0,2026-06-10
3128746,8,8,2026-09-01
3128748,1,0,2026-06-25
3128749,1,0,2026-06-25
3128752,1,0,2026-06-10
3128776,2,0,2025-12-26
3128786,2,2,2025-12-19
3128787,1,1,2025-03-04
3128791,1,0,2025-02-04
3128800,1,0,2025-07-01
3128818,5,5,2025-08-11
3128829,1,1,2026-03-11
3128857,1,0,2026-03-17
3128858,2,1,2026-08-12
3128909,10,0,2026-02-18
3128912,2,0,2026-06-10
3128913,3,3,2026-08-02
3128924,1,0,2026-03-18
3128938,1,0,2026-03-18
3128939,1,0,2026-07-28
3128959,1,1,2025-09-05
3129012,1,0,2025-03-14
3129054,5,1,2025-06-12
3129069,1,0,2025-12-01
3129083,3,1,2025-07-17
3129187,3,3,2026-08-12
3129198,6,5,2026-03-05
3129252,1,0,2026-07-02
3129272,1,0,2026-03-20
3129322,1,0,2026-06-10
3129328,1,1,2026-06-22
3129333,1,1,2026-05-19
3129362,2,0,2025-10-28
3129389,3,3,2026-03-04
3129397,1,0,2025-12-20
3129463,2,2,2026-02-24
3129507,3,2,2026-07-23
3129603,6,6,2026-03-31
3129735,2,2,2026-08-26
3129804,1,1,2025-04-03
3129846,8,6,2026-08-04
3129856,2,2,2026-06-25
3129895,1,0,2025-08-11
3129896,3,0,2026-04-30
3129922,1,1,2026-07-28
3129926,1,0,2025-02-20
3129955,3,3,2026-08-12
3129993,1,1,2026-02-25
3129994,1,1,2026-02-25
3130076,2,0,2025-05-29
3130105,3,0,2026-03-19
3130120,1,0,2025-01-02
3130130,2,2,2025-07-28
3130158,1,0,2025-12-19
3130162,4,0,2025-09-05
3130225,2,0,2025-02-21
3130420,1,0,2026-03-26
3130497,1,0,2025-03-27
3130529,2,1,2026-02-20
3130537,1,1,2025-01-30
3130539,1,1,2025-03-12
3130548,2,0,2025-05-21
3130589,33,8,2026-02-26
3130595,7,6,2026-04-13
3130618,1,1,2026-07-31
3130621,1,1,2026-08-02
3130640,9,9,2025-08-19
3130645,3,1,2025-11-12
3130646,1,1,2025-07-13
3130650,2,0,2025-06-02
3130651,1,0,2025-06-02
3130655,2,0,2026-05-20
3130664,1,1,2025-10-28
3130678,3,2,2026-05-12
3130697,1,0,2025-10-27
3130728,1,1,2026-08-20
3130771,1,1,2026-05-11
3130783,10,6,2026-08-04
3130809,16,0,2026-02-18
3130832,1,1,2025-01-16
3130848,2,0,2025-05-30
3130889,2,2,2025-09-10
3130906,2,2,2026-09-04
3130975,2,0,2025-05-14
3131016,2,0,2026-03-05
3131067,12,1,2026-04-20
3131068,3,2,2026-06-02
3131091,1,0,2025-11-10
3131132,8,8,2025-04-24
3131167,1,0,2025-11-13
3131182,2,0,2025-02-21
3131225,1,0,2026-04-14
3131245,1,1,2025-01-13
3131258,2,0,2025-06-03
3131274,1,0,2025-03-17
3131285,1,1,2026-04-30
3131310,1,1,2025-12-23
3131317,1,1,2025-03-13
3131321,6,2,2026-01-06
3131431,1,1,2025-09-08
3131442,2,0,2026-01-21
3131449,1,0,2025-11-21
3131451,1,0,2025-07-02
3131518,3,2,2025-09-08
3131537,3,0,2026-05-14
3131546,3,2,2026-05-08
3131547,5,3,2026-04-24
3131548,2,2,2026-03-24
3131549,1,0,2026-08-07
3131550,3,3,2025-09-03
3131589,8,3,2025-09-04
3131591,1,0,2026-07-01
3131602,3,2,2025-01-15
3131615,1,1,2026-08-07
3131617,1,1,2026-08-11
3131659,1,0,2026-05-08
3131680,2,0,2025-10-24
3131734,1,0,2025-07-02
3131741,7,7,2025-07-30
3131781,4,1,2026-03-19
3131783,1,1,2025-09-15
3131786,2,2,2025-09-03
3131866,3,0,2026-03-19
3131867,3,0,2026-05-12
3131933,1,0,2025-01-02
3131934,1,0,2025-01-13
3131951,1,1,2025-04-23
3131963,1,0,2025-12-16
3132017,15,11,2026-05-07
3132050,1,0,2025-07-01
3132052,7,0,2025-04-10
3132093,1,0,2025-05-30
3132100,3,3,2025-10-03
3132119,1,1,2025-06-22
3132140,4,0,2026-02-20
3132142,1,0,2025-09-08
3132145,1,0,2026-06-23
3132151,2,0,2026-06-23
3132154,2,0,2026-07-07
3132155,3,3,2026-03-23
3132156,1,0,2026-01-21
3132184,4,3,2025-09-16
3132187,1,0,2025-09-12
3132195,2,1,2026-01-16
3132208,4,4,2026-05-06
3132209,4,4,2026-07-06
3132248,4,4,2026-03-23
3132251,1,1,2025-08-21
3132254,14,8,2026-06-16
3132298,2,2,2025-08-13
3132312,2,0,2026-01-28
3132314,1,1,2025-11-05
3132355,6,3,2026-07-27
3132360,6,6,2026-05-11
3132372,1,0,2026-06-17
3132384,2,0,2025-12-18
3132402,4,4,2026-08-25
3132423,1,1,2025-08-06
3132434,1,0,2025-02-28
3132489,2,1,2025-03-06
3132490,2,2,2025-07-23
3132529,1,0,2025-03-19
3132533,2,1,2025-12-31
3132542,4,4,2025-11-28
3132564,2,1,2026-07-16
3132566,2,0,2026-03-20
3132577,2,1,2026-06-11
3132580,2,2,2025-12-24
3132619,2,2,2026-09-01
3132622,7,4,2026-05-20
3132623,1,1,2025-12-02
3132634,3,3,2025-08-27
3132644,5,5,2025-06-26
3132651,3,2,2026-06-04
3132658,2,0,2025-07-02
3132664,4,3,2026-05-27
3132669,1,0,2026-08-06
3132688,2,2,2026-09-10
3132735,4,4,2025-07-03
3132760,5,2,2026-08-11
3132792,3,3,2025-02-25
3132827,5,5,2025-09-25
3132828,3,1,2025-12-12
3132830,1,1,2025-01-18
3132834,5,2,2026-09-08
3132839,2,0,2025-05-07
3132844,1,1,2025-07-03
3132855,1,0,2025-12-02
3132882,2,0,2026-08-21
3132913,5,3,2026-03-10
3132929,3,0,2026-03-02
3132935,2,0,2025-10-07
3132956,5,5,2026-08-24
3132957,3,3,2026-08-10
3132976,1,0,2025-10-22
3132978,3,3,2025-01-16
3132982,3,3,2026-08-17
3132993,2,0,2025-02-27
3132998,1,0,2026-03-06
3133065,5,4,2025-06-04
3133085,2,1,2025-07-23
3133160,2,1,2025-01-28
3133183,1,1,2026-06-10
3133252,1,1,2025-02-28
3133261,4,4,2026-09-08
3133294,2,0,2025-05-28
3133441,1,1,2025-07-03
3133442,1,1,2026-09-09
3133443,1,0,2025-01-04
3133457,4,4,2026-06-01
3133458,1,0,2026-05-27
3133464,1,0,2025-02-11
3133465,5,1,2026-08-10
3133504,1,0,2025-11-20
3133519,1,1,2025-12-23
3133554,1,0,2025-07-08
3133560,1,0,2026-06-03
3133642,1,0,2025-03-13
3133672,1,1,2025-05-09
3133680,3,3,2025-07-21
3133741,5,0,2026-02-09
3133771,2,2,2025-08-27
3133809,1,0,2025-01-04
3133810,1,0,2025-01-14
3133819,4,3,2025-09-29
3133992,1,0,2025-10-07
3133993,1,0,2025-10-03
3134079,2,0,2025-07-15
3134091,1,0,2025-04-26
3134172,1,1,2025-08-13
3134195,1,0,2025-01-22
3134280,1,0,2026-07-23
3134300,1,1,2025-08-02
3134325,2,0,2026-01-20
3134391,3,0,2025-08-14
3134498,2,0,2025-04-26
3134522,4,1,2025-12-24
3134534,1,1,2026-05-29
3134574,1,0,2026-05-15
3134575,1,0,2025-12-18
3134599,1,0,2025-10-16
3134668,1,0,2026-04-20
3134672,1,0,2026-06-04
3134723,1,1,2025-12-19
3134749,2,0,2026-02-09
3134796,1,0,2026-07-08
3134803,2,2,2026-08-10
3134843,1,0,2025-12-29
3134952,1,1,2025-06-16
3134953,7,3,2026-08-25
3134954,2,0,2026-08-06
3135020,1,1,2026-04-03
3135027,2,0,2025-09-05
3135036,8,8,2025-01-23
3135105,2,0,2026-07-01
3135170,1,1,2026-04-08
3135191,1,0,2025-03-16
3135216,1,1,2026-05-04
3135289,3,0,2026-04-01
3135290,1,0,2025-08-14
3135296,3,0,2026-04-14
3135307,2,1,2026-06-01
3135313,1,0,2025-07-08
3135315,1,0,2025-04-29
3135318,3,1,2026-06-10
3135338,1,1,2026-06-08
3135357,2,2,2026-07-01
3135413,2,1,2026-06-12
3135415,2,0,2025-03-12
3135417,2,0,2025-10-08
3135420,1,1,2026-07-09
3135426,2,2,2026-06-08
3135427,2,0,2025-08-04
3135433,1,0,2026-06-12
3135441,2,2,2026-06-02
3135473,1,0,2026-04-21
3135479,1,0,2026-05-05
3135480,1,0,2026-05-05
3135483,1,0,2026-05-05
3135487,1,0,2026-05-05
3135490,1,0,2026-05-05
3135493,1,0,2025-12-16
3135511,1,1,2026-06-05
3135512,1,0,2026-04-29
3135515,1,0,2026-01-15
3135516,1,0,2026-01-15
3135520,5,5,2026-06-18
3135532,1,1,2026-05-06
3135578,3,3,2026-05-05
3135596,1,0,2025-04-08
3135600,6,2,2025-04-25
3135610,2,2,2026-07-22
3135611,1,1,2026-01-14
3135619,1,1,2026-07-06
3135624,5,3,2026-01-29
3135658,1,1,2026-09-02
3135679,2,0,2026-01-13
3135682,1,0,2026-01-07
3135687,1,0,2025-12-18
3135714,2,1,2026-06-04
3135721,3,3,2026-05-19
3135724,1,0,2026-05-06
3135725,1,0,2026-05-06
3135761,1,1,2026-05-22
3135785,1,0,2026-07-01
3135786,1,1,2026-05-21
3135793,2,0,2026-02-11
3135806,3,2,2025-06-23
3135811,1,0,2025-02-04
3135824,2,1,2025-09-02
3135825,1,1,2026-04-13
3135836,5,2,2026-08-08
3135837,1,1,2025-01-16
3135844,1,1,2026-04-01
3135848,3,3,2026-05-28
3135850,4,2,2026-08-03
3135852,6,5,2026-06-02
3135866,2,0,2025-07-01
3135885,2,0,2026-08-17
3135889,1,1,2026-05-21
3135891,2,2,2026-07-09
3135976,2,0,2026-02-20
3135981,1,1,2025-11-03
3136079,3,3,2026-02-27
3136084,2,2,2025-07-07
3136085,10,0,2026-02-20
3136103,2,0,2026-02-24
3136116,1,1,2025-01-13
3136118,1,0,2025-09-08
3136132,7,7,2026-05-05
3136142,1,1,2026-09-02
3136154,3,3,2026-07-23
3136174,2,2,2026-02-02
3136175,2,2,2026-02-02
3136176,2,2,2026-02-02
3136180,2,2,2026-01-05
3136185,1,0,2026-06-12
3136222,3,2,2026-04-08
3136223,3,2,2026-04-08
3136224,1,1,2026-04-08
3136244,1,1,2026-09-10
3136255,1,0,2025-07-01
3136275,2,1,2025-08-29
3136290,6,5,2026-07-01
3136329,1,0,2025-05-22
3136331,1,0,2025-09-30
3136342,1,1,2025-03-26
3136349,1,0,2026-01-22
3136360,2,1,2026-05-28
3136375,3,0,2026-02-24
3136428,2,2,2026-01-05
3136478,1,1,2026-04-24
3136487,2,2,2025-07-02
3136530,2,0,2026-05-11
3136533,2,2,2026-06-08
3136559,4,4,2026-09-01
3136637,1,0,2026-07-06
3136645,2,2,2026-05-04
3136676,3,2,2026-07-28
3136685,1,0,2025-12-03
3136747,1,1,2025-07-01
3136756,1,0,2025-06-30
3136777,1,1,2025-10-06
3136778,4,4,2025-11-20
3136801,1,1,2026-03-12
3136877,6,5,2026-03-30
3136887,1,0,2026-01-16
3136937,1,0,2025-06-03
3136986,2,2,2026-05-14
3137021,3,0,2026-05-01
3137062,4,0,2026-06-12
3137063,2,2,2025-08-18
3137129,1,1,2025-10-24
3137146,4,2,2025-07-08
3137173,1,0,2025-05-28
3137185,13,5,2026-01-09
3137192,2,2,2026-04-14
3137193,3,3,2026-07-28
3137202,1,0,2025-06-03
3137240,2,0,2025-04-11
3137255,1,0,2025-02-11
3137274,2,1,2026-05-19
3137329,1,0,2025-02-26
3137352,1,0,2025-08-08
3137428,1,0,2026-03-24
3137474,2,0,2026-01-06
3137475,1,1,2026-03-25
3137503,1,0,2025-10-14
3137530,1,0,2026-07-01
3137556,1,1,2026-07-08
3137582,6,5,2025-06-05
3137638,1,0,2026-04-20
3137668,1,1,2025-11-12
3137736,1,0,2025-04-10
3137741,5,3,2026-02-17
3137752,1,0,2025-12-31
3137764,1,1,2025-05-04
3137807,1,0,2026-06-04
3137810,1,0,2026-06-04
3137811,2,1,2025-12-03
3137816,7,6,2026-02-09
3137854,3,0,2026-07-09
3137924,3,3,2025-01-13
3137932,4,1,2026-05-18
3137933,1,0,2026-06-15
3137939,2,0,2025-01-03
3137984,7,6,2025-08-19
3137985,1,1,2025-03-26
3138033,2,0,2026-01-23
3138053,1,0,2025-02-17
3138059,1,0,2025-12-29
3138079,3,0,2025-08-11
3138089,1,0,2025-03-14
3138111,2,0,2026-04-17
3138122,1,1,2026-04-27
3138158,9,3,2026-04-07
3138159,9,7,2026-02-20
3138237,1,0,2025-01-22
3138318,1,0,2025-09-17
3138329,5,4,2026-08-24
3138347,3,1,2026-07-07
3138368,2,0,2026-01-06
3138369,2,0,2026-01-12
3138399,2,2,2026-05-14
3138438,1,0,2025-08-25
3138482,1,1,2026-06-11
3138500,1,0,2025-12-03
3138530,8,6,2026-05-14
3138597,1,0,2025-01-03
3138636,4,4,2025-09-05
3138637,1,1,2026-02-02
3138695,1,0,2025-07-01
3138725,5,1,2026-04-16
3138754,5,2,2026-01-06
3138765,1,1,2026-01-20
3138767,1,1,2026-01-20
3138769,2,0,2026-01-12
3138778,3,2,2026-06-02
3138823,5,4,2026-05-14
3138829,1,0,2026-06-12
3138840,1,1,2026-06-11
3138846,2,0,2026-06-17
3138848,1,0,2026-02-27
3138863,1,0,2026-04-20
3138895,1,1,2026-08-24
3138902,1,1,2025-02-26
3139005,5,0,2025-04-16
3139032,2,2,2026-01-08
3139033,2,1,2026-02-08
3139071,1,1,2026-01-29
3139078,1,1,2025-01-16
3139109,1,0,2025-06-07
3139112,1,1,2025-09-04
3139116,2,0,2026-08-12
3139118,1,1,2025-10-16
3139119,1,0,2025-10-30
3139158,2,1,2025-01-16
3139162,8,6,2026-01-13
3139163,1,0,2025-01-16
3139166,3,2,2026-06-16
3139175,1,1,2026-06-12
3139184,1,0,2025-01-15
3139230,1,0,2025-02-06
3139234,4,4,2026-05-08
3139242,1,0,2026-07-21
3139298,1,1,2025-01-15
3139319,1,1,2025-09-04
3139326,1,0,2025-02-27
3139363,2,2,2026-08-24
3139364,2,2,2026-08-24
3139370,1,0,2025-05-28
3139385,1,1,2026-05-22
3139410,1,1,2026-05-14
3139472,1,0,2025-02-25
3139474,5,5,2026-08-12
3139488,1,1,2026-01-09
3139494,1,0,2026-05-14
3139495,1,1,2026-09-04
3139509,1,1,2026-01-27
3139511,3,1,2026-06-17
3139512,3,1,2026-06-17
3139513,4,3,2026-06-03
3139539,4,4,2026-05-26
3139540,3,1,2026-06-02
3139547,11,4,2026-03-27
3139595,1,1,2026-01-02
3139650,1,1,2025-02-18
3139652,1,1,2026-01-15
3139693,1,1,2025-10-20
3139741,1,0,2025-04-08
3139743,1,0,2025-01-03
3139800,1,1,2026-08-13
3139839,1,0,2025-06-17
3139849,2,1,2026-06-12
3139853,1,1,2026-09-04
3139862,5,3,2026-02-12
3139902,2,0,2025-08-19
3139915,4,0,2025-07-03
3139937,15,15,2025-04-21
3139949,1,1,2026-09-08
3139957,5,4,2025-11-13
3139974,1,0,2025-02-06
3139983,6,4,2025-06-26
3140076,2,2,2026-05-14
3140079,1,0,2025-03-17
3140080,1,0,2025-03-17
3140081,1,0,2025-03-17
3140092,5,1,2026-08-26
3140105,8,7,2026-03-10
3140140,2,1,2026-07-23
3140147,1,1,2025-05-30
3140160,1,1,2026-09-09
3140162,7,3,2026-02-09
3140168,5,4,2025-10-02
3140182,1,1,2026-06-11
3140216,1,0,2026-06-16
3140219,4,3,2026-03-03
3140284,14,10,2025-06-25
3140294,4,3,2026-06-12
3140312,4,4,2026-07-27
3140354,1,1,2025-05-08
3140372,1,0,2025-01-22
3140374,1,0,2025-09-17
3140377,2,2,2026-02-05
3140405,1,1,2025-03-16
3140412,1,0,2025-02-17
3140460,1,1,2026-04-21
3140477,3,0,2025-11-07
3140496,2,1,2025-12-23
3140503,1,0,2025-07-01
3140517,1,0,2026-08-21
3140520,4,1,2026-01-07
3140532,3,1,2026-05-28
3140540,6,5,2025-11-07
3140548,2,2,2026-07-15
3140551,10,7,2026-05-26
3140554,5,5,2026-05-27
3140557,1,0,2026-06-09
3140558,2,1,2025-08-27
3140559,1,1,2026-05-22
3140568,1,1,2025-09-09
3140651,2,2,2025-07-01
3140673,15,15,2026-06-23
3140675,3,3,2025-08-13
3140679,8,7,2026-06-04
3140683,7,7,2026-06-05
3140694,1,0,2025-04-25
3140701,1,0,2025-10-21
3140702,2,1,2026-04-08
3140706,3,1,2026-01-03
3140722,3,2,2026-04-30
3140731,1,0,2025-02-25
3140733,1,0,2025-01-29
3140767,2,2,2025-02-20
3140768,3,3,2025-02-20
3140769,3,2,2025-02-20
3140776,3,3,2026-08-27
3140797,1,0,2025-01-02
3140818,1,1,2026-07-16
3140845,1,1,2025-12-23
3140865,7,3,2025-08-06
3140875,4,4,2026-07-02
3140879,1,0,2025-03-12
3140887,1,1,2026-07-17
3140909,2,2,2025-06-30
3140918,1,0,2025-09-03
3140922,1,0,2025-03-21
3140925,5,1,2026-01-08
3140927,1,0,2025-06-16
3140948,2,2,2025-03-06
3140992,1,0,2025-01-21
3140995,3,3,2026-07-08
3140996,1,0,2025-01-24
3140998,8,7,2026-06-05
3141045,2,0,2025-06-26
3141065,4,4,2025-09-04
3141069,1,0,2025-03-20
3141078,1,0,2025-07-01
3141079,2,2,2026-04-30
3141109,3,2,2026-02-26
3141150,1,0,2026-05-21
3141154,2,0,2025-06-17
3141157,5,2,2025-06-06
3141162,1,0,2025-12-19
3141179,1,0,2025-06-11
3141181,2,1,2026-05-29
3141190,2,2,2026-04-08
3141214,6,5,2026-06-17
3141233,2,0,2025-05-28
3141234,1,0,2026-02-24
3141254,7,3,2025-11-05
3141270,2,0,2026-03-25
3141273,2,2,2026-01-30
3141313,1,1,2026-01-20
3141344,4,4,2026-01-23
3141349,9,7,2026-01-23
3141390,2,0,2025-01-17
3141395,2,1,2025-01-23
3141397,1,0,2025-05-28
3141399,1,0,2025-01-29
3141412,2,0,2025-09-03
3141434,2,0,2026-07-21
3141562,2,1,2026-08-03
3141563,2,1,2025-11-20
3141592,1,0,2025-10-02
3141597,1,0,2025-10-07
3141608,6,6,2025-07-03
3141625,1,0,2025-07-09
3141643,1,0,2026-03-11
3141669,8,8,2026-06-29
3141704,1,0,2025-12-05
3141705,2,1,2025-05-02
3141823,4,4,2026-07-28
3141854,1,0,2025-07-08
3141885,13,9,2026-06-09
3141889,2,0,2025-03-21
3141935,1,0,2025-10-07
3141967,1,0,2025-07-09
3141987,1,0,2025-07-18
3141989,2,1,2026-08-05
3142006,1,0,2025-10-28
3142008,4,0,2026-04-24
3142033,2,2,2026-07-22
3142113,2,1,2026-08-13
3142174,1,0,2026-01-20
3142185,3,1,2025-07-10
3142239,1,0,2025-11-05
3142296,2,0,2026-07-22
3142297,1,0,2025-07-09
3142329,1,0,2025-06-05
3142333,1,0,2026-08-04
3142340,1,0,2025-01-23
3142359,1,0,2025-05-02
3142413,4,0,2025-10-28
3142444,1,0,2025-09-30
3142536,1,0,2025-03-25
3142559,2,0,2025-01-17
3142598,1,1,2026-06-27
3142653,1,0,2026-07-07
3142654,1,1,2026-08-13
3142750,1,0,2025-07-30
3142802,2,0,2026-03-17
3142826,3,1,2025-11-21
3142828,2,2,2026-06-22
3142836,3,3,2025-06-20
3142906,4,3,2025-09-02
3142953,1,0,2025-02-25
3142954,2,0,2025-08-14
3142961,1,1,2026-08-18
3142963,3,0,2025-12-04
3143013,1,0,2025-04-29
3143019,1,0,2026-07-22
3143032,2,2,2026-07-22
3143033,8,4,2026-01-04
3143038,2,0,2025-01-08
3143041,1,0,2025-05-21
3143048,1,0,2025-05-07
3143109,1,0,2025-05-05
3143116,1,0,2025-01-09
3143167,1,0,2025-02-05
3143190,1,0,2026-04-30
3143198,2,0,2025-09-04
3143202,1,1,2025-02-04
3143216,1,0,2025-02-25
3143241,1,0,2025-12-05
3143245,1,0,2025-07-11
3143291,1,0,2025-06-07
3143317,2,0,2026-03-20
3143325,1,0,2026-06-26
3143384,1,0,2026-01-12
3143407,2,2,2025-10-20
3143413,1,0,2026-07-07
3143435,1,0,2025-01-22
3143444,4,0,2026-03-02
3143452,2,2,2025-10-23
3143463,2,0,2026-08-03
3143466,2,2,2025-04-22
3143555,1,0,2026-06-15
3143588,2,1,2026-07-09
3143601,1,0,2026-05-04
3143602,1,0,2025-01-15
3143603,2,0,2026-06-12
3143605,1,0,2025-12-05
3143607,1,0,2026-05-13
3143610,1,0,2026-05-13
3143611,2,0,2025-10-29
3143640,1,0,2025-05-01
3143657,1,1,2025-10-20
3143727,1,0,2026-06-04
3143789,3,3,2025-07-23
3143790,1,1,2026-01-06
3143792,1,1,2026-01-08
3143793,1,1,2026-01-06
3143794,1,0,2025-04-14
3143811,1,1,2026-01-09
3143812,1,1,2026-01-09
3143813,1,1,2026-01-09
3143814,3,2,2026-03-04
3143858,3,3,2025-03-31
3143874,1,1,2025-12-04
3143927,2,0,2026-06-11
3143938,6,2,2026-02-07
3144001,2,0,2026-08-24
3144005,5,4,2026-05-27
3144053,1,0,2025-10-23
3144056,3,2,2025-10-23
3144080,5,5,2025-04-28
3144085,15,5,2026-06-26
3144092,3,0,2026-06-18
3144095,1,1,2025-08-11
3144151,1,0,2025-05-22
3144155,1,0,2025-08-04
3144161,4,3,2025-05-05
3144184,2,0,2026-05-13
3144185,4,2,2026-02-01
3144193,1,0,2026-07-08
3144194,1,1,2025-03-04
3144195,3,0,2026-08-04
3144203,1,0,2025-09-15
3144234,1,0,2025-12-16
3144237,1,0,2025-05-06
3144279,3,3,2025-01-03
3144284,4,4,2025-10-06
3144325,1,0,2025-08-13
3144356,1,1,2025-12-01
3144482,4,0,2026-04-28
3144495,1,0,2026-01-09
3144499,1,0,2026-03-05
3144515,2,0,2026-04-08
3144563,1,0,2026-07-02
3144567,1,1,2026-02-22
3144595,1,1,2025-04-10
3144723,4,2,2025-05-05
3144724,4,2,2025-05-05
3144731,1,1,2025-05-09
3144812,1,0,2025-09-03
3144882,1,0,2025-10-30
3144966,1,0,2026-07-02
3145011,5,5,2025-10-20
3145091,1,0,2025-11-07
3145157,2,0,2025-05-06
3145190,2,1,2026-07-23
3145195,2,2,2026-07-23
3145196,7,5,2026-07-23
3145224,3,3,2026-08-06
3145225,3,3,2026-08-06
3145277,1,0,2025-01-21
3145280,2,0,2025-07-07
3145283,1,0,2026-08-12
3145302,1,0,2025-01-29
3145351,4,4,2025-08-15
3145373,3,1,2026-06-12
3145444,2,2,2025-01-25
3145532,3,0,2026-03-09
3145570,3,1,2026-07-23
3145621,1,0,2025-12-04
3145627,1,1,2025-05-06
3145632,2,2,2025-10-15
3145677,1,0,2025-05-28
3145700,2,0,2026-02-26
3145702,2,0,2025-11-19
3145712,11,7,2026-08-18
3145737,4,3,2025-05-07
3145771,3,0,2025-09-03
3145774,4,0,2025-10-07
3145819,2,1,2025-11-20
3145820,1,1,2026-07-01
3145825,1,0,2025-01-21
3145866,1,0,2025-09-15
3145894,1,1,2025-07-28
3145943,1,0,2025-09-03
3146018,1,0,2025-01-09
3146038,1,0,2025-02-05
3146041,2,0,2026-05-20
3146050,1,0,2025-02-05
3146061,2,1,2025-06-23
3146108,1,0,2025-06-23
3146138,1,0,2025-12-24
3146153,4,0,2026-07-28
3146221,1,0,2026-08-13
3146308,2,1,2026-06-24
3146334,1,0,2025-08-07
3146369,1,0,2025-07-24
3146374,1,0,2025-01-16
3146383,1,1,2025-09-05
3146396,1,1,2025-05-30
3146397,1,1,2025-06-27
3146466,3,1,2025-10-22
3146467,1,1,2025-09-15
3146477,1,0,2025-07-14
3146490,1,1,2025-09-15
3146491,7,0,2026-05-07
3146539,1,0,2026-06-26
3146576,1,0,2026-05-11
3146596,1,1,2025-09-25
3146597,1,1,2025-09-25
3146601,1,0,2025-08-04
3146603,1,0,2025-10-15
3146611,4,0,2026-05-13
3146612,2,1,2025-08-27
3146613,1,1,2025-08-27
3146625,5,5,2025-08-15
3146652,1,0,2026-02-19
3146659,2,2,2026-08-05
3146670,1,0,2025-02-27
3146676,1,1,2025-03-10
3146713,10,4,2026-07-21
3146757,1,1,2026-06-04
3146764,1,1,2025-03-14
3146768,2,0,2025-06-03
3146776,1,0,2025-09-15
3146778,1,0,2025-02-27
3146791,2,0,2026-03-11
3146878,1,0,2025-06-03
3146953,1,0,2025-06-10
3147032,1,0,2026-05-19
3147142,3,2,2025-10-28
3147206,1,0,2025-01-21
3147243,1,1,2026-08-31
3147257,2,1,2025-01-21
3147272,4,3,2026-05-21
3147280,2,0,2026-04-27
3147303,1,0,2025-01-17
3147304,2,0,2025-07-30
3147328,1,0,2026-04-09
3147338,1,1,2025-08-11
3147421,1,1,2025-03-21
3147451,1,0,2025-05-18
3147604,2,2,2025-10-22
3147698,1,0,2025-05-27
3147711,3,0,2026-01-16
3147750,1,0,2025-12-01
3147760,1,1,2026-02-02
3147766,2,2,2026-02-17
3147783,4,4,2026-07-24
3147801,3,2,2025-11-07
3147808,2,0,2026-07-10
3147904,1,0,2025-04-23
3147920,1,0,2025-10-21
3147921,1,0,2026-04-07
3147923,4,1,2026-07-27
3147924,7,2,2026-07-27
3147983,1,0,2026-02-19
3147993,4,4,2025-06-27
3148031,3,0,2026-05-11
3148068,1,0,2025-10-27
3148070,2,0,2026-03-16
3148115,1,0,2025-05-30
3148164,1,1,2026-02-06
3148192,1,0,2026-08-14
3148194,1,0,2025-09-24
3148217,1,0,2025-04-29
3148218,1,0,2026-06-30
3148238,1,0,2025-04-26
3148262,1,1,2026-04-28
3148264,1,0,2025-12-11
3148285,1,0,2025-07-31
3148297,3,1,2025-04-16
3148321,1,0,2025-05-28
3148355,2,1,2025-04-16
3148358,5,2,2026-07-28
3148380,1,0,2025-04-09
3148403,1,0,2025-04-16
3148450,1,0,2025-05-08
3148542,1,1,2025-11-24
3148563,5,0,2026-04-20
3148619,1,0,2025-11-05
3148654,1,0,2025-09-25
3148655,1,0,2026-02-04
3148663,2,1,2025-12-15
3148670,2,0,2026-03-31
3148671,1,0,2025-04-14
3148719,1,0,2025-05-20
3148753,1,0,2025-04-17
3148816,1,0,2025-04-15
3148819,1,0,2025-04-17
3148845,1,0,2025-12-23
3148878,2,1,2025-01-21
3148898,3,2,2026-07-28
3148915,1,0,2025-10-29
3148971,1,1,2026-08-11
3148987,1,1,2026-02-22
3149018,1,1,2025-04-24
3149047,1,1,2025-11-24
3149133,2,0,2026-02-25
3149221,4,1,2025-07-06
3149224,1,0,2026-09-09
3149256,1,0,2025-07-01
3149265,1,0,2025-04-17
3149301,3,0,2025-10-29
3149302,2,2,2026-08-07
3149370,1,1,2025-09-18
3149396,4,1,2025-09-09
3149457,2,2,2025-10-20
3149461,2,1,2026-09-04
3149502,1,1,2026-05-29
3149535,1,0,2025-11-24
3149570,5,5,2025-11-24
3149740,1,0,2025-09-13
3149751,1,0,2025-04-17
3149764,2,1,2025-07-06
3149771,2,1,2026-01-22
3149889,2,0,2025-10-07
3149915,1,1,2025-08-05
3149934,1,1,2025-04-21
3150134,1,1,2025-12-04
3150234,2,0,2025-02-26
3150237,2,1,2026-01-16
3150284,1,0,2025-01-29
3150311,1,0,2026-06-20
3150349,1,0,2025-10-07
3150365,1,0,2025-04-14
3150366,1,0,2025-01-15
3150383,1,1,2025-10-30
3150395,2,2,2025-12-15
3150427,1,1,2025-12-05
3150448,1,1,2025-08-05
3150481,3,0,2026-05-14
3150488,1,0,2026-07-13
3150608,1,0,2025-02-25
3150622,1,0,2025-02-25
3150629,1,0,2025-06-03
3150630,3,2,2026-01-13
3150631,1,0,2025-02-25
3150632,1,0,2025-02-25
3150655,5,0,2026-06-04
3150661,1,0,2025-02-25
3150663,1,0,2025-02-25
3150673,1,0,2025-02-25
3150678,2,1,2026-05-19
3150692,1,0,2025-03-11
3150714,1,0,2025-02-13
3150720,2,0,2026-02-27
3150736,1,0,2025-03-04
3150830,1,0,2025-07-01
3150900,1,1,2025-10-06
3150907,1,1,2025-02-27
3150942,6,3,2026-07-28
3150985,1,0,2026-06-15
3150994,1,0,2025-06-09
3150998,4,3,2025-06-02
3151003,1,1,2025-11-28
3151042,2,0,2025-12-31
3151233,1,0,2026-01-16
3151264,1,0,2025-06-02
3151304,1,0,2025-12-11
3151324,2,0,2025-03-21
3151372,1,1,2026-07-10
3151390,12,8,2026-03-11
3151420,9,9,2026-08-25
3151475,1,1,2025-02-07
3151549,2,1,2026-01-09
3151554,2,1,2026-08-10
3151558,1,0,2025-02-25
3151561,1,0,2025-02-25
3151565,1,0,2025-02-25
3151645,1,1,2025-05-02
3151721,1,0,2025-06-04
3151753,1,0,2025-08-01
3151762,2,0,2026-07-28
3151847,1,1,2025-12-22
3151860,2,2,2026-09-10
3151913,3,3,2026-06-25
3151953,1,0,2025-02-25
3151965,1,0,2026-08-15
3151966,2,0,2026-08-15
3152010,1,0,2026-05-27
3152094,2,0,2026-02-18
3152095,4,0,2026-05-08
3152115,3,0,2025-05-22
3152177,1,0,2025-05-09
3152318,1,0,2026-05-13
3152370,1,1,2025-03-25
3152377,2,1,2026-08-15
3152380,2,0,2025-10-03
3152393,1,0,2025-08-05
3152411,1,1,2025-05-08
3152412,1,1,2025-02-18
3152435,7,5,2026-06-25
3152499,1,0,2026-03-02
3152536,2,2,2025-06-20
3152567,1,0,2025-05-22
3152624,1,0,2025-06-18
3152625,1,1,2025-03-07
3152659,1,0,2025-02-25
3152721,2,0,2025-05-20
3152722,2,1,2026-07-29
3152738,1,0,2025-10-29
3152821,1,0,2025-05-28
3152848,1,0,2026-01-06
3152870,1,0,2025-10-23
3152882,7,4,2026-07-29
3152919,1,1,2025-03-05
3152921,1,0,2025-03-06
3153067,1,0,2025-02-25
3153076,1,0,2025-12-12
3153083,2,0,2025-10-29
3153101,1,0,2025-02-13
3153126,2,0,2026-08-05
3153140,1,0,2025-05-09
3153141,4,0,2025-08-28
3153153,1,0,2025-02-11
3153174,1,0,2025-11-26
3153196,2,0,2025-04-29
3153210,9,6,2025-06-16
3153211,5,2,2026-07-29
3153212,3,0,2025-12-01
3153222,5,3,2026-07-29
3153241,1,0,2025-01-29
3153252,4,0,2025-05-12
3153255,1,0,2026-08-18
3153259,3,0,2026-02-26
3153416,1,0,2025-06-05
3153463,3,0,2025-05-12
3153491,7,3,2026-07-30
3153494,5,4,2026-07-30
3153515,4,3,2026-07-09
3153552,2,2,2026-07-30
3153555,1,0,2026-08-24
3153557,2,1,2026-06-29
3153630,3,0,2026-08-18
3153706,1,0,2026-08-05
3153731,1,1,2025-01-16
3153753,1,0,2025-11-21
3153755,2,1,2025-10-03
3153766,1,0,2025-04-08
3153767,3,2,2026-07-01
3153803,1,0,2025-01-21
3153884,2,2,2025-05-12
3153885,2,2,2025-11-10
3153886,1,0,2025-07-09
3154017,1,0,2025-01-08
3154050,1,0,2025-01-29
3154052,3,0,2026-03-10
3154070,3,0,2025-05-20
3154075,1,0,2025-12-29
3154076,1,0,2025-05-28
3154077,2,0,2025-02-12
3154094,1,1,2025-11-05
3154131,2,2,2026-07-30
3154213,1,0,2025-05-21
3154215,1,0,2025-06-09
3154227,1,0,2025-07-29
3154286,2,0,2025-12-03
3154518,1,0,2025-03-03
3154528,1,0,2026-05-02
3154544,1,0,2025-05-28
3154549,1,0,2026-03-10
3154580,1,0,2025-07-02
3154594,4,0,2025-02-25
3154656,1,1,2025-12-30
3154694,2,1,2025-03-10
3154696,1,0,2025-12-12
3154697,2,1,2026-08-20
3154705,2,1,2026-07-31
3154727,1,0,2026-07-30
3154728,1,0,2026-07-31
3154739,1,0,2025-10-08
3154744,3,0,2025-11-28
3154756,2,2,2026-05-11
3154775,1,0,2026-05-18
3154792,1,0,2025-10-22
3154819,1,0,2025-05-18
3154878,4,2,2026-07-31
3154952,1,0,2025-01-29
3154976,1,0,2025-06-02
3154979,2,2,2025-06-02
3154981,1,1,2025-09-24
3154995,2,2,2026-08-06
3155008,1,1,2026-05-30
3155030,1,0,2026-02-05
3155075,1,0,2025-07-01
3155132,7,0,2026-05-11
3155134,2,0,2026-04-27
3155135,1,0,2026-02-06
3155165,1,1,2025-05-05
3155171,1,0,2026-03-20
3155172,1,0,2026-07-13
3155177,2,0,2025-02-25
3155223,1,0,2025-12-01
3155252,1,1,2026-06-25
3155255,2,0,2026-01-21
3155316,1,0,2025-01-30
3155318,2,0,2026-05-05
3155356,2,0,2025-08-04
3155374,4,0,2025-07-16
3155380,1,0,2025-02-25
3155416,1,0,2025-08-08
3155439,1,0,2026-07-16
3155472,2,0,2026-06-24
3155473,3,0,2025-12-19
3155493,1,0,2025-04-26
3155494,1,0,2026-03-23
3155500,1,1,2025-05-13
3155511,3,3,2026-05-14
3155531,1,0,2025-09-09
3155540,4,1,2026-07-27
3155701,3,2,2025-05-15
3155717,1,0,2025-10-06
3155718,4,2,2026-03-12
3155723,1,0,2025-07-22
3155729,1,0,2026-04-09
3155743,6,0,2025-04-14
3155789,4,1,2026-07-27
3155790,2,1,2026-07-27
3155853,1,0,2025-05-29
3155885,1,0,2025-09-29
3155988,1,0,2025-04-02
3156030,1,1,2025-04-21
3156066,1,0,2025-04-08
3156070,1,0,2025-04-08
3156122,1,0,2025-03-21
3156218,3,3,2026-07-28
3156415,2,1,2025-07-08
3156447,1,0,2025-05-14
3156520,2,1,2026-06-22
3156532,1,1,2025-06-05
3156572,3,2,2026-08-14
3156621,5,5,2025-11-17
3156652,4,1,2025-10-08
3156653,12,3,2026-07-24
3156654,2,0,2026-06-09
3156658,1,0,2025-05-29
3156674,1,0,2025-03-17
3156763,4,0,2026-02-02
3156801,1,0,2026-08-12
3156816,1,0,2025-07-01
3156941,3,0,2026-03-02
3156955,3,3,2026-07-08
3157049,4,4,2026-06-09
3157052,2,0,2026-06-11
3157058,3,1,2026-02-06
3157115,1,1,2025-06-26
3157261,1,0,2026-01-21
3157299,3,1,2026-08-11
3157408,5,4,2026-08-25
3157469,1,1,2025-03-17
3157486,1,0,2025-10-23
3157507,1,0,2025-09-16
3157529,11,4,2026-07-29
3157583,4,3,2025-01-10
3157619,1,0,2025-09-03
3157624,1,0,2025-12-05
3157728,1,0,2025-06-14
3157760,1,0,2026-02-09
3157775,6,1,2026-08-10
3157892,3,1,2025-08-12
3157949,2,1,2026-08-25
3158033,1,1,2026-07-22
3158098,2,0,2025-04-09
3158108,1,0,2026-05-20
3158109,3,2,2026-01-08
3158302,1,0,2025-06-18
3158344,6,5,2025-06-04
3158368,1,0,2026-04-17
3158388,1,0,2025-06-11
3158450,1,1,2025-02-25
3158459,1,1,2025-09-10
3158495,2,0,2025-06-30
3158517,2,2,2026-02-25
3158568,2,0,2026-01-07
3158619,2,1,2026-08-25
3158628,3,3,2025-09-15
3158728,1,0,2025-03-07
3158768,1,0,2025-07-30
3158804,6,4,2025-10-29
3158824,1,0,2025-09-15
3158842,9,3,2026-08-03
3158843,4,0,2025-03-03
3158967,1,0,2025-01-14
3159008,1,0,2026-06-02
3159194,1,0,2025-12-01
3159220,1,0,2026-05-21
3159364,3,3,2025-03-07
3159415,4,0,2026-07-27
3159434,1,0,2025-06-18
3159531,2,0,2025-11-21
3159556,14,5,2026-08-19
3159561,1,0,2025-05-28
3159590,1,0,2025-05-24
3159653,1,1,2025-07-17
3159791,1,0,2025-10-08
3159792,1,0,2025-07-01
3159804,1,0,2025-03-15
3159810,1,0,2025-01-03
3159836,1,0,2026-03-21
3159927,1,0,2025-10-27
3159940,9,2,2026-08-25
3159946,1,0,2025-10-14
3159947,2,0,2025-05-10
3159950,3,0,2026-04-08
3159955,7,4,2026-06-29
3159962,9,4,2026-08-03
3159999,2,0,2025-03-24
3160002,1,0,2025-10-15
3160021,2,0,2025-06-17
3160052,4,1,2026-08-04
3160064,1,0,2025-10-10
3160128,2,0,2026-02-06
3160204,1,0,2025-07-01
3160239,2,2,2026-08-26
3160394,1,0,2026-01-13
3160398,1,0,2025-05-24
3160435,1,0,2025-01-02
3160444,1,0,2025-01-02
3160603,1,0,2026-06-03
3160657,1,0,2025-08-05
3160682,4,2,2026-08-06
3160687,2,0,2026-07-24
3160696,3,0,2026-08-27
3160705,1,1,2025-09-19
3160712,1,0,2025-01-06
3160786,1,1,2025-12-26
3160810,1,0,2025-07-01
3160811,9,8,2026-08-26
3160843,1,1,2025-06-28
3160923,6,0,2026-02-10
3161145,2,0,2025-09-11
3161148,1,0,2025-03-18
3161150,2,0,2025-03-18
3161192,2,0,2025-03-18
3161199,1,0,2026-08-24
3161209,1,0,2025-10-27
3161213,2,0,2025-02-25
3161217,2,0,2026-08-11
3161223,1,0,2025-09-11
3161232,1,1,2026-03-24
3161250,1,0,2025-02-26
3161303,1,1,2026-06-03
3161308,3,2,2025-06-18
3161390,1,0,2025-01-09
3161471,1,0,2025-02-14
3161548,1,0,2025-03-28
3161579,2,1,2026-01-29
3161648,1,0,2025-06-12
3161665,1,0,2026-07-27
3161854,4,0,2025-06-18
3161864,2,0,2025-05-12
3161892,1,0,2025-11-07
3161894,2,0,2025-04-17
3161907,1,0,2025-04-17
3161908,1,0,2026-04-09
3161910,4,1,2026-06-11
3161956,1,0,2025-04-09
3162079,6,5,2026-06-11
3162090,1,0,2026-02-10
3162098,1,1,2025-04-11
3162113,1,1,2025-05-05
3162221,1,1,2025-10-22
3162334,1,0,2025-03-16
3162335,1,0,2026-03-20
3162516,3,3,2026-02-11
3162526,1,0,2025-09-11
3162567,1,0,2025-07-24
3162628,2,0,2026-07-10
3162684,4,4,2026-01-27
3162688,1,0,2025-08-05
3162690,1,0,2025-08-29
3162711,6,0,2026-02-11
3162917,2,2,2025-08-27
3162973,1,0,2026-05-21
3163048,1,0,2025-08-12
3163064,1,0,2025-08-04
3163165,1,0,2025-03-20
3163180,1,0,2025-05-20
3163181,4,0,2026-07-27
3163182,1,0,2026-07-22
3163183,1,0,2025-06-05
3163190,1,1,2025-03-12
3163232,1,0,2026-06-05
3163244,1,0,2025-12-08
3163285,10,4,2026-08-26
3163300,3,2,2026-07-30
3163374,7,5,2026-08-24
3163378,6,3,2026-08-24
3163387,5,5,2025-07-17
3163417,1,1,2025-04-09
3163419,1,1,2025-06-09
3163431,1,0,2025-01-29
3163433,1,1,2026-04-17
3163444,1,0,2026-07-08
3163459,8,6,2026-04-23
3163471,1,0,2025-06-12
3163490,1,1,2025-03-05
3163501,1,0,2026-05-07
3163559,1,0,2026-08-25
3163564,1,1,2026-07-31
3163613,4,4,2026-03-09
3163702,4,0,2026-02-12
3163821,1,0,2025-05-06
3163835,1,0,2025-05-27
3163897,3,0,2025-05-10
3163905,1,0,2025-10-02
3163906,1,1,2025-06-12
3163921,2,1,2026-08-21
3163925,1,0,2025-06-12
3163928,7,3,2025-09-16
3163938,4,1,2025-12-09
3163956,2,0,2025-04-01
3163991,1,0,2026-03-02
3164027,1,0,2026-03-31
3164236,1,0,2026-08-14
3164267,3,2,2025-04-07
3164280,1,0,2025-02-25
3164464,1,0,2025-04-11
3164478,1,1,2025-12-30
3164492,1,1,2026-08-13
3164599,3,3,2025-10-15
3164619,2,2,2026-07-23
3164622,1,1,2025-02-27
3164636,1,1,2026-04-08
3164646,4,0,2025-05-29
3164655,2,0,2026-03-12
3164658,1,0,2025-06-10
3164659,1,1,2026-02-02
3164666,2,1,2026-06-17
3164672,3,3,2025-06-11
3164698,1,1,2025-09-19
3164765,1,0,2025-05-28
3164766,3,1,2026-03-18
3164833,6,1,2026-04-13
3164874,2,2,2025-06-17
3164875,2,1,2025-06-17
3164969,1,1,2025-02-24
3165014,1,0,2025-12-11
3165119,1,1,2025-06-06
3165138,1,0,2025-09-15
3165197,1,0,2025-05-24
3165210,2,0,2025-01-21
3165232,3,0,2026-02-17
3165265,5,3,2026-08-08
3165303,2,2,2026-08-03
3165304,3,2,2026-08-03
3165354,1,0,2026-01-05
3165393,1,1,2026-01-12
3165414,3,0,2025-09-25
3165508,1,1,2026-08-13
3165604,2,1,2025-03-17
3165610,1,0,2025-02-05
3165664,1,0,2025-04-26
3165718,3,0,2026-01-08
3165744,1,0,2025-05-28
3165762,1,0,2026-01-07
3165771,1,0,2026-08-21
3165781,3,0,2025-07-31
3165822,5,0,2026-03-10
3165829,1,0,2025-09-26
3165848,2,2,2025-08-04
3165849,24,14,2026-08-27
3165850,3,3,2026-05-29
3165865,2,2,2026-07-31
3165892,3,3,2025-08-05
3165895,2,2,2025-06-20
3165896,2,1,2025-06-24
3165897,1,0,2026-01-05
3165936,1,0,2025-07-01
3165938,3,0,2025-11-21
3165939,3,0,2025-11-21
3165940,3,0,2025-11-21
3165941,3,0,2025-11-21
3165942,1,0,2026-08-03
3165947,1,1,2026-07-07
3165951,2,0,2025-11-21
3165952,2,0,2025-11-21
3165953,1,0,2025-11-21
3166106,1,0,2025-07-01
3166108,1,0,2025-03-06
3166170,9,5,2026-08-06
3166208,1,0,2026-03-11
3166289,18,11,2025-12-05
3166298,1,0,2026-06-29
3166309,1,0,2025-05-28
3166436,1,0,2026-01-14
3166437,8,5,2026-07-14
3166439,1,0,2026-07-13
3166499,1,1,2025-01-09
3166541,4,4,2026-08-27
3166652,3,2,2025-06-16
3166653,1,1,2025-11-10
3166678,1,0,2025-10-22
3166695,3,1,2026-03-10
3166707,2,2,2026-04-16
3166758,1,0,2025-04-28
3166760,1,0,2025-04-24
3166761,1,0,2025-04-28
3166814,15,7,2026-08-10
3166819,3,1,2026-05-20
3166838,2,0,2025-06-16
3166855,1,0,2025-01-30
3166866,1,0,2026-05-15
3166940,1,0,2026-09-09
3166953,2,1,2026-04-13
3166996,1,1,2025-03-25
3167019,1,0,2025-02-11
3167030,1,0,2025-10-22
3167050,3,0,2025-06-23
3167051,1,0,2025-10-07
3167053,1,0,2026-09-02
3167069,3,3,2025-06-23
3167071,1,1,2025-07-30
3167072,1,0,2025-12-02
3167080,1,1,2026-04-03
3167133,1,1,2026-08-14
3167158,4,0,2026-07-09
3167179,1,0,2026-05-14
3167212,3,0,2026-02-11
3167395,5,1,2025-11-12
3167538,8,4,2026-08-04
3167589,3,1,2026-03-05
3167623,1,0,2026-02-12
3167681,2,0,2025-06-06
3167694,4,1,2026-08-04
3167716,4,3,2026-08-05
3167729,3,1,2025-11-20
3167797,4,1,2026-06-03
3167814,4,2,2025-06-03
3167818,2,0,2025-03-04
3167847,1,0,2025-06-05
3167929,3,0,2025-05-29
3167951,1,0,2025-07-01
3167987,2,0,2026-03-16
3167997,1,1,2026-08-07
3167998,4,4,2025-05-27
3167999,2,0,2026-03-05
3168019,4,3,2025-06-04
3168021,1,0,2025-01-10
3168022,3,2,2025-06-06
3168027,2,1,2026-08-31
3168082,3,1,2026-08-24
3168100,1,0,2025-06-01
3168162,2,0,2025-10-22
3168253,1,1,2025-12-30
3168368,1,0,2025-07-01
3168420,1,0,2025-09-05
3168454,1,1,2026-01-16
3168462,1,0,2025-07-01
3168609,2,0,2025-11-13
3168634,1,0,2025-06-03
3168638,1,0,2025-12-02
3168671,1,0,2025-07-01
3168699,4,2,2026-08-31
3168714,1,0,2026-02-05
3168793,1,0,2025-04-02
3168807,2,0,2025-12-08
3168828,1,0,2025-07-23
3168892,1,0,2025-05-29
3168898,2,0,2026-03-24
3168905,1,0,2025-05-29
3168928,7,5,2026-08-13
3168941,1,1,2025-06-05
3168955,2,0,2025-06-05
3169006,3,2,2025-10-23
3169008,1,0,2026-05-01
3169077,6,6,2026-08-04
3169143,1,0,2025-12-09
3169258,3,3,2025-09-17
3169284,2,2,2026-08-13
3169298,2,0,2025-10-14
3169471,3,0,2026-04-06
3169572,6,6,2026-02-04
3169609,1,0,2026-02-05
3169613,1,0,2025-03-05
3169701,3,3,2026-08-11
3169740,1,0,2025-10-07
3169828,11,7,2026-03-04
3169830,1,0,2026-04-03
3169833,1,0,2025-09-29
3169841,2,0,2026-07-14
3169908,2,2,2025-01-27
3170033,1,0,2025-05-08
3170042,1,0,2026-05-04
3170074,2,1,2026-05-12
3170080,2,2,2025-04-11
3170094,2,0,2026-05-14
3170096,1,0,2026-07-22
3170110,1,0,2025-03-31
3170113,3,3,2026-02-17
3170135,2,0,2025-08-05
3170179,1,1,2026-06-02
3170180,1,0,2026-07-22
3170185,1,0,2026-04-02
3170202,5,4,2026-07-29
3170203,2,0,2026-03-24
3170204,1,0,2026-03-31
3170205,1,0,2025-10-15
3170206,1,0,2026-03-24
3170208,1,0,2026-03-24
3170214,3,0,2025-04-02
3170225,2,0,2026-03-19
3170227,1,0,2025-03-14
3170279,3,2,2025-04-17
3170281,5,5,2025-10-22
3170283,2,1,2026-07-22
3170298,2,1,2026-05-12
3170301,1,0,2026-06-11
3170303,1,0,2026-06-11
3170305,1,0,2026-06-03
3170309,2,0,2026-07-20
3170312,6,5,2026-08-12
3170321,1,0,2026-06-04
3170325,1,1,2026-05-12
3170326,2,0,2026-07-28
3170327,4,3,2025-07-10
3170328,4,2,2026-07-30
3170330,2,1,2026-06-04
3170333,5,4,2025-04-23
3170336,1,0,2025-12-31
3170342,4,3,2025-10-09
3170343,7,3,2026-07-20
3170356,2,2,2026-06-04
3170360,3,2,2025-12-18
3170367,11,8,2026-07-02
3170370,1,1,2025-07-23
3170401,1,1,2026-08-20
3170404,4,4,2025-05-23
3170405,11,9,2026-07-13
3170420,1,1,2026-01-05
3170441,1,1,2026-04-27
3170453,2,0,2026-04-10
3170476,1,0,2025-06-02
3170480,2,1,2025-09-12
3170521,2,0,2025-04-15
3170547,2,0,2026-05-29
3170552,2,1,2026-07-16
3170555,4,1,2026-04-05
3170557,1,1,2025-07-23
3170566,3,1,2026-06-07
3170577,1,0,2025-04-15
3170583,4,1,2025-10-31
3170598,1,1,2025-03-27
3170626,2,1,2026-06-15
3170657,1,1,2025-05-30
3170667,2,0,2026-04-28
3170713,1,0,2026-08-11
3170718,2,2,2026-07-01
3170732,3,2,2026-04-17
3170746,3,1,2025-03-13
3170766,2,2,2025-07-31
3170767,4,3,2026-07-14
3170818,3,1,2026-06-30
3170829,2,1,2026-08-26
3170877,1,0,2025-03-31
3170886,2,0,2025-05-01
3170899,2,1,2026-07-20
3170939,6,2,2025-07-17
3170960,1,0,2025-11-14
3170983,6,5,2025-05-13
3170990,1,1,2025-04-12
3170999,1,1,2026-05-20
3171049,2,0,2026-08-12
3171069,2,1,2025-04-14
3171072,2,1,2026-04-06
3171113,4,3,2026-02-17
3171132,6,1,2026-08-06
3171135,1,0,2025-08-20
3171140,1,1,2025-05-20
3171156,1,1,2026-01-08
3171163,1,0,2025-03-31
3171268,2,0,2026-07-14
3171340,5,3,2026-05-21
3171344,1,1,2025-06-30
3171346,7,3,2026-06-29
3171365,1,0,2025-01-14
3171370,1,1,2025-01-15
3171478,10,3,2026-06-04
3171499,3,0,2026-01-14
3171581,3,0,2025-12-31
3171584,1,1,2025-02-10
3171601,4,4,2026-08-05
3171620,1,1,2026-01-08
3171650,2,2,2025-02-06
3171665,1,1,2025-12-18
3171699,2,0,2025-07-21
3171726,1,0,2026-02-26
3171732,1,0,2025-12-04
3171795,1,1,2025-12-08
3171816,8,4,2026-05-21
3171868,1,1,2025-10-30
3171888,2,0,2025-05-01
3171898,1,1,2026-03-10
3171961,2,2,2025-01-15
3171968,2,2,2026-01-08
3172012,4,3,2026-06-10
3172019,5,3,2026-03-19
3172030,6,4,2026-01-12
3172071,6,0,2026-03-26
3172073,1,1,2026-06-16
3172088,1,0,2025-04-07
3172182,1,0,2026-08-05
3172183,3,1,2025-12-17
3172241,4,4,2026-01-07
3172242,4,4,2026-01-07
3172253,1,1,2025-01-16
3172270,2,2,2025-04-06
3172277,1,0,2026-07-10
3172278,1,0,2025-07-01
3172293,4,4,2025-11-28
3172315,1,0,2026-02-09
3172322,1,0,2025-06-03
3172323,2,0,2025-01-08
3172324,1,0,2026-06-05
3172326,1,0,2025-06-11
3172337,4,4,2025-04-04
3172348,1,1,2025-12-04
3172381,3,3,2025-08-27
3172429,1,0,2025-04-01
3172477,2,2,2025-06-16
3172520,2,2,2026-06-05
3172537,1,0,2025-10-30
3172548,4,4,2026-05-12
3172599,3,0,2026-08-14
3172613,3,2,2025-10-15
3172615,2,0,2025-03-16
3172645,1,0,2025-01-23
3172682,1,0,2025-09-12
3172768,1,1,2026-02-19
3172774,1,0,2026-03-25
3172791,1,1,2025-11-28
3172793,2,1,2025-12-10
3172819,1,0,2025-05-28
3172845,1,0,2025-12-05
3172873,5,2,2026-03-11
3172889,1,1,2025-08-04
3172890,3,1,2026-04-21
3172891,7,2,2026-01-12
3172922,1,0,2026-05-12
3172944,9,9,2025-03-12
3172959,2,2,2025-03-14
3172962,10,9,2026-08-27
3172971,1,1,2025-06-07
3172984,3,1,2025-03-14
3173000,3,3,2025-07-23
3173001,1,0,2025-10-16
3173002,3,3,2026-09-09
3173005,1,1,2025-06-16
3173048,1,0,2025-06-02
3173114,2,0,2026-03-02
3173152,1,0,2025-01-24
3173207,1,0,2026-05-14
3173284,1,1,2026-02-23
3173388,1,0,2026-05-05
3173456,1,0,2025-09-19
3173458,4,2,2026-05-21
3173476,4,4,2026-05-28
3173506,1,0,2025-09-12
3173571,1,0,2025-01-23
3173573,3,2,2026-05-12
3173603,4,0,2026-04-02
3173658,9,8,2026-08-03
3173689,3,3,2026-02-26
3173691,1,0,2025-04-30
3173708,1,1,2026-06-02
3173710,1,0,2025-03-21
3173765,1,1,2025-02-06
3173770,1,0,2025-04-14
3173783,2,0,2025-08-18
3173867,2,1,2025-06-11
3173897,1,0,2025-04-29
3173902,2,2,2025-09-15
3173926,1,0,2025-06-05
3173952,2,2,2026-07-13
3174020,1,0,2026-08-17
3174026,1,1,2025-09-08
3174041,3,0,2025-01-08
3174053,7,5,2026-07-16
3174064,2,0,2026-08-21
3174076,4,0,2026-02-17
3174105,2,0,2025-05-24
3174145,1,0,2025-12-26
3174146,1,0,2025-12-26
3174147,1,0,2026-01-23
3174148,1,0,2025-12-26
3174149,1,0,2026-01-06
3174218,1,0,2025-11-10
3174262,1,0,2026-05-29
3174359,2,0,2026-01-28
3174363,1,0,2025-01-10
3174410,1,0,2025-03-03
3174461,1,1,2025-01-02
3174574,1,0,2026-06-25
3174587,1,0,2025-02-19
3174612,3,1,2025-08-25
3174613,2,2,2025-06-20
3174625,2,0,2025-04-16
3174672,10,9,2026-04-14
3174675,3,0,2025-08-25
3174683,1,0,2025-05-28
3174693,1,0,2026-05-19
3174711,1,1,2025-09-11
3174879,1,1,2025-08-07
3174881,1,0,2025-03-13
3174895,4,2,2025-07-01
3174946,1,1,2025-11-07
3174959,3,2,2025-12-03
3175054,2,0,2025-04-04
3175055,3,1,2026-06-26
3175106,2,2,2025-01-16
3175113,6,2,2025-07-17
3175118,1,1,2026-03-16
3175145,1,1,2026-08-19
3175157,1,0,2026-08-12
3175162,2,0,2026-02-17
3175177,3,2,2026-01-06
3175199,1,0,2025-07-01
3175206,1,0,2025-07-25
3175207,1,0,2025-07-25
3175220,2,2,2025-01-15
3175257,2,0,2025-11-03
3175285,2,1,2026-08-11
3175299,1,1,2026-07-17
3175318,6,1,2026-02-04
3175347,1,0,2025-07-01
3175349,4,0,2026-05-05
3175370,4,1,2026-05-05
3175388,3,0,2026-04-10
3175390,2,0,2025-09-23
3175408,1,0,2026-06-25
3175432,2,0,2026-05-15
3175433,2,0,2026-03-24
3175448,3,3,2025-08-14
3175450,1,0,2025-03-12
3175492,1,0,2025-04-07
3175503,1,0,2025-04-07
3175531,1,1,2026-06-02
3175545,2,2,2025-07-02
3175546,3,2,2025-07-02
3175586,1,0,2025-08-27
3175620,3,3,2025-03-10
3175736,3,0,2025-08-15
3175777,2,1,2025-05-24
3175834,3,0,2026-02-20
3175875,1,0,2025-02-07
3175890,1,1,2026-08-11
3175926,2,0,2026-03-23
3175937,2,0,2025-09-15
3175987,6,6,2026-04-28
3176046,1,0,2026-08-24
3176047,1,1,2025-01-27
3176075,6,2,2025-07-30
3176090,1,1,2026-08-11
3176138,4,4,2025-11-13
3176179,1,0,2025-06-13
3176180,3,1,2025-06-13
3176183,4,4,2026-02-05
3176184,1,0,2025-01-30
3176190,1,0,2025-04-03
3176191,5,5,2025-08-21
3176224,1,0,2025-05-02
3176229,5,0,2026-07-22
3176232,2,0,2026-02-09
3176235,2,0,2025-12-24
3176241,2,2,2025-04-17
3176293,1,0,2025-04-28
3176297,4,3,2025-08-12
3176320,4,4,2025-07-02
3176401,1,0,2025-10-07
3176448,1,1,2026-08-27
3176498,1,0,2026-01-15
3176513,1,0,2025-05-28
3176537,1,0,2026-01-21
3176549,1,0,2025-04-24
3176630,1,0,2026-08-06
3176661,4,1,2026-06-02
3176666,9,4,2025-11-19
3176667,1,0,2025-01-08
3176710,1,0,2026-07-22
3176748,1,1,2025-11-15
3176750,1,0,2025-01-29
3176820,1,0,2025-01-10
3176826,1,0,2026-04-07
3176847,1,0,2025-05-28
3176860,1,0,2025-05-03
3176893,1,0,2026-08-26
3176896,1,1,2025-12-23
3176903,1,1,2025-08-27
3176934,4,3,2025-05-14
3176967,1,1,2025-12-31
3176977,1,0,2026-06-17
3177066,1,1,2025-09-08
3177093,2,1,2026-03-19
3177120,2,0,2026-03-18
3177158,2,0,2025-04-14
3177171,6,6,2025-10-07
3177174,1,0,2025-01-03
3177184,1,0,2025-09-30
3177187,1,0,2025-07-01
3177195,2,1,2026-05-23
3177203,3,0,2025-09-19
3177207,1,0,2026-07-24
3177209,1,1,2026-02-17
3177210,3,0,2025-11-14
3177218,3,1,2026-07-22
3177223,2,2,2025-04-17
3177227,2,0,2025-02-04
3177238,1,0,2025-01-03
3177290,1,0,2025-01-29
3177399,2,2,2025-11-28
3177428,1,0,2025-04-08
3177462,4,1,2025-08-11
3177476,4,3,2025-12-08
3177514,1,0,2025-07-31
3177517,1,0,2025-05-28
3177541,2,0,2025-05-07
3177549,8,1,2026-05-05
3177555,1,0,2025-05-28
3177558,1,0,2025-04-18
3177563,1,0,2026-04-16
3177603,1,1,2026-03-12
3177637,1,0,2025-06-07
3177687,2,1,2026-08-24
3177704,1,0,2025-10-07
3177744,2,2,2025-11-19
3177763,1,0,2026-07-23
3177779,4,0,2026-08-24
3177852,1,0,2026-09-01
3177853,1,0,2026-09-08
3177865,2,2,2025-10-22
3177889,1,0,2025-10-07
3177896,1,0,2025-08-26
3177966,1,0,2026-02-27
3178072,1,0,2025-08-26
3178093,4,3,2026-08-12
3178131,1,0,2025-10-22
3178167,2,0,2025-03-13
3178210,2,0,2026-07-08
3178328,3,1,2026-07-18
3178479,1,0,2026-06-22
3178510,7,1,2025-08-12
3178512,4,3,2025-03-17
3178513,2,2,2025-03-17
3178584,2,0,2026-03-12
3178595,3,2,2025-08-27
3178607,3,0,2025-05-16
3178626,1,1,2026-07-24
3178658,5,2,2026-04-24
3178659,1,1,2025-10-17
3178720,1,0,2025-06-26
3178740,3,1,2026-03-02
3178742,5,2,2026-02-11
3178750,1,0,2025-10-02
3178755,2,2,2025-04-01
3178798,2,0,2026-03-13
3178839,3,1,2026-08-13
3178873,1,0,2026-05-26
3178907,1,0,2025-07-01
3178913,13,0,2026-04-15
3178919,1,1,2025-10-19
3178920,2,2,2025-10-21
3179140,2,0,2026-07-17
3179161,1,0,2025-03-03
3179165,3,3,2026-02-18
3179254,1,0,2025-02-11
3179301,1,0,2025-08-26
3179302,1,0,2026-08-21
3179319,1,1,2025-09-02
3179326,2,0,2025-07-10
3179353,1,0,2026-08-24
3179354,2,1,2025-03-06
3179355,1,0,2025-01-03
3179372,4,4,2025-03-19
3179390,2,1,2025-06-30
3179402,3,1,2026-05-26
3179419,4,4,2025-12-08
3179450,1,0,2025-12-26
3179457,2,0,2026-02-09
3179484,1,0,2025-11-20
3179487,1,0,2025-02-11
3179558,3,2,2026-03-02
3179560,1,0,2026-07-02
3179565,1,0,2025-12-11
3179572,1,0,2025-02-20
3179596,1,0,2025-06-18
3179638,2,0,2026-03-02
3179657,4,4,2025-11-17
3179696,1,0,2025-04-30
3179697,4,2,2025-09-05
3179744,1,0,2026-02-03
3179784,1,0,2025-02-11
3179807,1,1,2025-05-14
3179808,2,2,2026-01-29
3179815,1,1,2026-01-05
3179816,1,0,2025-02-10
3179861,2,1,2026-02-17
3179862,2,1,2026-02-17
3179867,1,0,2025-01-03
3179888,2,0,2025-09-16
3179933,1,1,2025-07-17
3179978,5,2,2026-07-15
3179994,2,1,2026-06-23
3180064,7,6,2025-08-26
3180187,3,2,2026-06-03
3180201,3,2,2026-06-17
3180225,4,2,2026-02-11
3180248,1,1,2026-04-17
3180338,1,0,2025-04-01
3180353,7,5,2026-02-12
3180487,1,1,2026-02-11
3180501,1,0,2026-02-10
3180535,1,0,2025-11-13
3180555,2,2,2026-07-14
3180576,1,0,2026-08-26
3180580,1,0,2025-07-01
3180610,2,0,2025-09-12
3180673,4,0,2026-01-21
3180677,4,3,2026-02-11
3180685,3,2,2026-08-27
3180694,3,0,2025-10-08
3180695,2,2,2025-04-01
3180696,1,0,2026-07-14
3180711,2,1,2026-05-19
3180730,3,1,2026-08-21
3180755,1,0,2025-07-01
3180761,6,0,2026-01-21
3180776,2,0,2026-07-14
3180777,1,0,2025-12-26
3180822,1,0,2026-08-24
3180843,3,0,2026-06-08
3180876,1,0,2026-03-03
3180944,3,1,2025-09-03
3180952,3,0,2025-01-06
3180953,2,0,2026-01-05
3180962,2,0,2025-07-08
3180974,3,1,2025-01-23
3181040,1,0,2026-05-18
3181060,16,14,2026-01-14
3181088,2,2,2025-03-31
3181108,1,0,2026-07-15
3181109,4,4,2026-05-08
3181120,1,0,2025-04-08
3181125,9,3,2026-08-04
3181129,1,1,2025-08-26
3181130,1,0,2026-03-10
3181131,4,2,2026-06-17
3181178,1,0,2025-12-11
3181183,1,0,2025-07-01
3181268,3,0,2025-10-20
3181323,2,0,2026-06-17
3181346,1,0,2025-10-14
3181351,5,5,2025-04-23
3181356,2,0,2025-03-18
3181357,2,0,2025-03-18
3181406,2,0,2026-07-28
3181506,3,3,2025-02-11
3181508,1,1,2026-08-24
3181549,1,0,2025-12-05
3181550,1,0,2026-02-10
3181572,1,0,2025-03-31
3181580,2,2,2025-08-08
3181589,4,3,2025-05-30
3181611,2,1,2026-02-27
3181717,1,1,2026-04-17
3181730,3,3,2025-02-28
3181731,1,0,2025-04-30
3181743,4,4,2026-05-26
3181796,2,0,2025-03-01
3181810,1,0,2025-12-01
3181814,1,0,2025-08-28
3181816,1,0,2026-02-06
3181820,1,0,2025-09-09
3181828,1,0,2026-08-26
3181829,1,0,2026-06-03
3181835,2,0,2026-08-11
3181867,4,1,2025-01-29
3181888,3,1,2026-06-18
3181892,3,3,2025-09-29
3181905,1,0,2026-04-21
3181912,1,1,2026-06-25
3181961,4,3,2026-02-06
3181984,1,0,2025-12-17
3182002,1,0,2025-03-26
3182038,1,0,2026-07-17
3182044,1,0,2025-05-05
3182067,2,2,2026-08-28
3182070,1,0,2025-10-20
3182099,1,1,2025-02-09
3182109,2,0,2025-09-16
3182118,3,1,2026-02-06
3182169,9,0,2026-01-22
3182177,1,0,2025-11-20
3182191,3,0,2025-12-29
3182215,4,1,2026-06-17
3182310,2,2,2025-11-17
3182344,2,0,2025-01-10
3182349,1,1,2026-08-05
3182354,4,1,2026-08-04
3182411,2,0,2026-03-31
3182447,3,3,2025-04-03
3182452,1,0,2026-08-24
3182465,1,0,2025-07-09
3182485,1,0,2025-08-01
3182495,1,0,2025-04-08
3182497,3,2,2025-04-11
3182498,3,2,2025-04-11
3182519,1,0,2025-07-09
3182547,1,0,2025-01-08
3182569,1,1,2025-05-05
3182577,3,3,2025-12-15
3182653,2,0,2025-05-16
3182672,3,0,2025-03-28
3182677,4,4,2025-12-15
3182704,1,0,2026-03-13
3182707,6,2,2026-08-10
3182721,10,1,2026-03-12
3182722,10,8,2026-08-18
3182732,1,0,2025-10-02
3182775,2,1,2026-06-03
3182783,1,0,2026-06-03
3182822,2,1,2025-04-11
3182879,1,0,2025-05-28
3182881,1,0,2025-09-08
3182893,1,0,2025-04-04
3182895,2,1,2025-08-01
3182900,7,5,2025-04-03
3182901,6,1,2025-10-31
3182902,2,2,2026-01-22
3182969,2,0,2026-02-11
3183002,1,1,2025-10-14
3183043,2,0,2025-04-19
3183045,3,0,2025-09-19
3183046,2,0,2025-09-19
3183049,2,0,2025-10-02
3183055,6,6,2025-09-04
3183059,2,0,2025-09-18
3183117,2,2,2025-07-15
3183130,2,0,2026-06-03
3183131,1,0,2025-04-08
3183162,2,2,2026-03-10
3183171,1,0,2025-12-24
3183174,1,1,2026-07-17
3183194,1,1,2025-12-16
3183200,1,0,2026-07-07
3183213,1,1,2025-08-26
3183230,10,8,2026-05-29
3183231,2,1,2026-03-18
3183266,3,3,2026-08-25
3183271,1,1,2025-01-22
3183289,1,1,2026-08-21
3183301,1,1,2025-07-16
3183335,1,1,2025-04-17
3183350,1,0,2025-12-22
3183455,2,2,2026-08-31
3183456,4,4,2026-08-03
3183512,2,1,2025-04-16
3183566,1,0,2026-03-18
3183598,5,0,2026-04-13
3183618,1,0,2025-04-02
3183671,1,1,2026-04-30
3183707,3,0,2025-05-27
3183783,1,0,2026-03-19
3183791,3,2,2026-04-28
3183822,4,3,2025-11-05
3183825,1,1,2025-09-08
3183843,5,4,2026-03-05
3183847,1,1,2026-06-05
3183849,1,1,2025-03-27
3183865,1,1,2026-06-05
3183891,4,0,2026-03-25
3183927,1,0,2025-12-08
3183947,2,2,2026-03-05
3183957,6,4,2026-04-01
3183964,1,0,2026-05-11
3184034,2,0,2026-03-12
3184057,11,0,2026-03-12
3184059,1,0,2025-04-08
3184069,2,1,2025-08-12
3184082,1,1,2026-01-15
3184123,4,0,2025-05-09
3184156,3,2,2025-09-19
3184169,2,0,2026-01-22
3184171,1,1,2025-10-05
3184180,4,0,2026-07-28
3184245,1,0,2025-05-22
3184262,2,2,2026-03-06
3184279,2,0,2026-08-07
3184322,1,1,2026-08-05
3184335,1,1,2025-02-18
3184377,5,1,2025-06-16
3184378,1,0,2025-06-13
3184440,3,0,2025-01-31
3184506,7,7,2025-09-24
3184559,1,1,2025-07-30
3184572,1,0,2025-09-18
3184580,1,1,2025-02-22
3184606,3,0,2026-08-24
3184613,1,0,2026-02-27
3184659,5,5,2025-08-13
3184662,2,0,2026-08-26
3184668,1,0,2025-04-17
3185006,2,0,2026-01-16
3185024,2,2,2026-06-11
3185098,4,3,2026-08-21
3185106,1,0,2026-05-19
3185154,1,0,2025-02-19
3185179,1,1,2025-07-02
3185234,1,0,2025-05-29
3185236,1,0,2026-01-15
3185246,1,0,2025-02-15
3185254,2,0,2026-04-22
3185271,3,0,2026-07-24
3185272,4,0,2026-08-10
3185275,5,0,2026-07-21
3185281,1,0,2025-06-09
3185321,1,0,2025-02-28
3185367,2,1,2025-05-28
3185397,3,3,2026-08-13
3185415,1,0,2025-10-10
3185420,1,0,2026-01-15
3185444,1,1,2026-07-27
3185504,1,0,2025-05-24
3185507,1,0,2026-04-16
3185528,1,0,2026-07-14
3185543,1,0,2026-03-05
3185553,1,0,2026-07-07
3185581,4,4,2025-09-12
3185630,1,1,2025-12-18
3185637,1,0,2025-07-01
3185719,3,1,2025-10-20
3185778,2,1,2025-04-17
3185862,1,0,2025-11-20
3185891,3,2,2026-07-01
3185894,2,0,2026-07-13
3185973,1,0,2025-03-03
3185979,3,0,2025-03-16
3185983,2,0,2025-10-06
3185999,1,0,2026-06-25
3186135,1,0,2025-02-28
3186146,2,1,2026-08-21
3186160,1,0,2025-03-18
3186236,1,1,2025-07-29
3186283,1,1,2025-06-02
3186304,1,1,2025-11-26
3186390,2,0,2025-11-25
3186454,6,0,2026-05-26
3186555,2,1,2026-04-27
3186577,1,0,2026-02-02
3186593,1,0,2025-08-25
3186607,1,0,2025-10-06
3186626,3,0,2026-02-19
3186635,1,1,2026-04-01
3186713,1,0,2026-02-25
3186743,1,1,2025-07-30
3186800,1,0,2025-08-21
3186859,4,4,2025-08-18
3186883,6,1,2026-09-02
3186884,1,0,2026-01-29
3186925,1,0,2025-08-21
3186926,2,0,2025-09-16
3186934,1,0,2025-07-15
3187043,2,0,2026-08-06
3187061,3,3,2026-08-14
3187110,1,0,2025-05-20
3187116,4,4,2025-04-25
3187258,1,1,2025-08-06
3187298,1,0,2026-01-23
3187370,2,1,2025-10-28
3187407,8,0,2026-05-26
3187491,9,4,2025-11-28
3187517,1,0,2025-11-06
3187519,1,1,2026-05-15
3187585,4,2,2025-11-24
3187600,2,0,2025-08-08
3187601,1,1,2026-01-23
3187664,3,1,2025-08-14
3187688,7,4,2026-05-13
3187902,1,1,2026-02-02
3188131,1,0,2025-07-07
3188135,1,0,2025-08-01
3188221,5,0,2026-05-27
3188273,1,1,2025-01-10
3188347,1,0,2026-06-09
3188356,3,1,2025-07-07
3188432,1,1,2026-02-27
3188458,1,1,2025-07-09
3188468,1,0,2025-02-13
3188470,2,0,2025-09-29
3188474,6,5,2026-08-06
3188481,1,0,2025-08-12
3188482,5,2,2026-08-31
3188529,1,0,2025-10-08
3188554,1,1,2025-11-20
3188557,3,3,2025-07-07
3188568,2,1,2026-06-02
3188572,1,0,2026-06-11
3188626,3,3,2026-02-11
3188649,2,2,2025-07-08
3188725,1,1,2025-11-07
3188726,7,1,2026-05-27
3188737,4,4,2026-07-09
3188877,1,1,2026-07-10
3188894,2,0,2026-04-08
3188898,1,0,2025-05-28
3188979,4,3,2026-06-01
3188989,1,1,2026-02-17
3189000,2,1,2025-07-10
3189012,6,3,2026-05-15
3189060,2,1,2026-03-03
3189068,4,4,2026-05-20
3189071,1,0,2025-07-14
3189099,2,0,2025-09-12
3189169,1,0,2025-01-29
3189184,3,1,2026-05-19
3189185,1,0,2025-07-01
3189232,1,0,2025-05-28
3189255,2,2,2026-04-21
3189284,3,3,2026-03-24
3189286,1,0,2025-05-19
3189295,4,1,2026-08-05
3189297,2,2,2026-08-24
3189343,4,0,2026-07-30
3189354,1,1,2025-04-30
3189369,6,4,2025-10-29
3189386,5,1,2025-12-09
3189417,1,1,2025-11-19
3189425,6,4,2025-12-22
3189426,1,1,2025-12-22
3189428,1,1,2026-05-22
3189482,1,0,2025-10-21
3189494,3,2,2025-04-29
3189495,1,0,2025-05-14
3189509,1,0,2025-07-11
3189517,7,0,2026-06-03
3189522,1,1,2026-04-09
3189523,2,0,2025-11-25
3189531,1,1,2025-12-04
3189538,16,0,2026-06-05
3189540,12,4,2026-09-08
3189543,6,3,2026-06-25
3189549,1,1,2025-09-11
3189552,1,0,2025-03-26
3189571,1,0,2026-05-01
3189573,3,2,2026-06-26
3189575,2,2,2026-06-26
3189582,1,0,2025-12-11
3189594,2,1,2025-07-10
3189602,2,2,2025-07-14
3189603,12,4,2025-07-14
3189607,4,0,2026-04-24
3189608,1,1,2025-04-23
3189609,1,1,2025-04-23
3189610,1,1,2025-04-23
3189612,1,1,2025-04-23
3189617,1,0,2025-07-03
3189655,1,1,2025-10-21
3189694,1,0,2025-01-31
3189715,1,1,2025-11-11
3189799,4,1,2025-10-02
3189805,1,0,2026-04-27
3189806,6,0,2026-07-21
3189807,5,0,2026-08-07
3189808,1,0,2026-07-13
3189810,1,0,2026-07-24
3189812,1,0,2026-07-31
3189853,2,0,2025-07-15
3189887,1,0,2026-07-31
3189888,3,0,2025-10-07
3189889,1,0,2026-06-08
3189890,6,3,2026-08-24
3189891,2,1,2025-07-23
3189892,1,0,2026-07-01
3189894,2,0,2026-07-14
3189895,2,0,2026-06-11
3189896,1,0,2026-07-14
3189903,1,0,2026-07-20
3189915,1,0,2025-08-26
3189917,2,1,2025-08-26
3189953,1,0,2026-08-07
3190013,1,0,2025-04-24
3190060,1,0,2025-04-24
3190072,4,0,2026-03-27
3190090,1,0,2026-08-03
3190104,1,1,2025-04-16
3190113,2,0,2026-08-12
3190116,1,0,2026-07-08
3190118,1,0,2026-07-08
3190127,1,0,2025-05-29
3190128,3,0,2026-02-17
3190273,6,0,2026-02-24
3190279,3,3,2025-10-06
3190283,3,0,2026-08-14
3190293,1,0,2025-04-09
3190304,1,1,2026-07-20
3190342,1,1,2025-12-11
3190354,1,0,2025-02-28
3190375,1,0,2025-09-03
3190397,1,0,2026-07-06
3190408,4,3,2026-01-16
3190427,1,1,2025-08-04
3190443,1,0,2025-09-22
3190475,1,0,2025-04-11
3190525,1,0,2026-03-19
3190528,1,0,2025-01-29
3190540,2,2,2025-09-10
3190545,5,4,2025-12-02
3190577,3,3,2025-03-12
3190591,2,2,2025-01-21
3190596,2,2,2025-03-12
3190612,1,0,2026-03-13
3190615,2,0,2026-08-25
3190628,1,1,2026-07-31
3190631,1,1,2025-01-30
3190658,8,8,2026-07-09
3190681,1,0,2026-08-12
3190685,4,0,2026-08-21
3190713,6,6,2025-08-11
3190714,1,0,2025-03-19
3190736,2,1,2025-05-28
3190827,1,0,2025-12-01
3190875,1,0,2026-08-03
3190899,3,0,2025-09-12
3190961,1,0,2026-08-17
3190995,1,0,2025-02-14
3191120,6,2,2026-08-25
3191169,1,1,2025-09-12
3191208,1,0,2026-06-02
3191306,1,0,2026-07-08
3191322,1,1,2026-04-14
3191410,4,1,2026-07-07
3191419,5,4,2026-06-08
3191439,1,1,2026-05-04
3191484,3,1,2026-03-18
3191504,1,1,2025-12-29
3191523,2,1,2026-02-11
3191525,6,1,2026-02-26
3191536,1,0,2025-07-01
3191538,1,1,2025-05-13
3191541,2,0,2026-04-14
3191587,8,2,2026-06-01
3191609,1,1,2025-02-21
3191615,2,0,2026-05-15
3191630,2,0,2025-08-11
3191652,1,0,2025-04-04
3191663,3,1,2025-08-18
3191693,6,6,2026-08-04
3191732,3,3,2025-10-29
3191804,1,0,2026-05-15
3191816,6,4,2026-06-09
3191822,2,1,2025-08-28
3191844,1,1,2026-01-15
3191847,4,0,2025-04-02
3191873,1,0,2025-04-16
3191941,5,4,2026-08-10
3191944,2,2,2026-08-06
3191984,4,0,2026-01-22
3191993,1,0,2026-03-31
3192014,5,5,2025-07-17
3192016,4,0,2026-07-06
3192019,3,0,2025-12-01
3192020,1,0,2025-04-16
3192022,2,0,2025-05-29
3192031,1,0,2025-05-01
3192033,1,0,2025-12-02
3192039,1,1,2025-02-20
3192047,3,2,2025-05-07
3192077,1,1,2025-09-10
3192104,1,1,2025-08-28
3192112,4,3,2025-12-02
3192115,2,0,2026-04-06
3192144,2,0,2026-07-23
3192149,1,1,2026-01-14
3192152,3,2,2025-12-03
3192164,2,0,2025-07-01
3192168,2,0,2026-03-02
3192170,3,1,2025-03-27
3192174,2,0,2025-06-03
3192181,3,0,2025-09-19
3192188,1,0,2025-07-01
3192190,1,0,2025-07-01
3192192,1,1,2025-12-18
3192193,2,0,2026-06-04
3192195,1,0,2026-06-04
3192211,1,0,2026-02-03
3192241,5,2,2026-06-02
3192278,2,0,2026-09-02
3192315,1,1,2025-08-13
3192316,1,1,2025-08-13
3192361,1,0,2025-12-05
3192368,1,0,2025-02-16
3192460,1,1,2025-10-10
3192463,1,0,2025-05-28
3192469,3,2,2026-09-10
3192489,2,0,2025-06-23
3192490,3,0,2025-06-26
3192501,1,1,2026-06-11
3192588,2,2,2025-08-25
3192607,1,0,2025-10-27
3192661,5,0,2026-03-12
3192679,4,2,2026-09-02
3192692,1,0,2025-01-30
3192706,1,1,2025-07-29
3192707,1,1,2025-07-29
3192731,4,0,2026-02-26
3192796,3,2,2026-04-23
3192803,1,1,2026-08-20
3192807,1,1,2026-02-10
3192815,7,2,2026-04-10
3192826,1,1,2026-06-02
3192832,1,1,2026-06-29
3192834,2,1,2026-04-16
3192836,5,1,2026-04-28
3192844,14,8,2026-07-09
3192870,3,2,2025-11-21
3192903,7,6,2025-12-24
3192904,5,2,2026-08-31
3192984,6,2,2026-08-25
3193034,1,0,2026-03-18
3193051,4,2,2025-07-01
3193093,3,2,2025-08-28
3193094,4,2,2026-04-20
3193123,5,1,2026-07-20
3193241,2,2,2026-06-01
3193272,1,0,2025-04-14
3193300,1,1,2025-08-09
3193349,1,0,2025-12-17
3193397,3,2,2026-03-31
3193481,2,2,2025-02-12
3193520,9,6,2025-10-24
3193573,8,1,2026-07-23
3193583,5,3,2026-07-27
3193592,1,1,2026-03-02
3193608,1,0,2026-04-03
3193650,1,0,2026-06-18
3193672,3,2,2026-06-23
3193675,2,0,2025-09-25
3193688,5,0,2025-04-07
3193689,2,0,2025-03-24
3193699,1,0,2025-05-16
3193708,1,0,2025-11-02
3193739,1,0,2025-11-03
3193758,2,2,2026-06-15
3193772,6,3,2026-02-13
3193789,2,0,2025-05-06
3193804,1,0,2025-07-01
3193805,1,0,2025-05-28
3193824,2,0,2025-03-27
3193826,4,4,2026-02-12
3193827,8,8,2026-02-17
3193833,4,0,2026-03-13
3193853,1,1,2025-08-01
3193859,7,1,2026-05-28
3193935,2,0,2026-01-07
3193941,4,0,2025-04-10
3193951,6,6,2025-10-01
3193954,2,0,2025-04-24
3193971,1,1,2025-07-31
3194030,2,0,2026-03-09
3194062,2,1,2025-06-05
3194084,1,0,2025-09-23
3194090,1,0,2025-04-16
3194091,6,6,2025-07-28
3194099,1,1,2025-08-28
3194111,2,0,2025-11-03
3194118,2,0,2026-08-11
3194119,1,0,2026-08-20
3194149,1,0,2025-07-15
3194165,3,0,2025-10-01
3194210,3,0,2026-04-30
3194341,4,2,2025-08-13
3194374,4,0,2025-12-18
3194387,1,0,2025-02-19
3194399,2,1,2026-05-26
3194445,4,4,2025-09-22
3194471,1,1,2025-01-30
3194485,1,1,2025-05-30
3194490,5,5,2025-11-03
3194493,4,4,2025-10-15
3194503,3,0,2026-02-19
3194504,4,0,2026-03-26
3194525,3,0,2025-02-10
3194526,1,0,2025-01-29
3194529,1,0,2026-08-27
3194536,2,0,2025-11-05
3194568,5,5,2025-03-06
3194569,1,1,2025-03-06
3194582,2,1,2025-12-18
3194606,1,0,2025-05-07
3194607,1,0,2025-05-07
3194609,1,1,2026-02-13
3194625,3,3,2026-03-05
3194629,2,1,2025-02-12
3194632,2,2,2025-01-29
3194635,1,0,2025-05-28
3194636,1,0,2025-11-05
3194651,1,0,2026-03-18
3194654,2,0,2025-05-29
3194677,7,0,2025-12-05
3194678,1,0,2025-11-24
3194692,2,0,2026-07-24
3194704,1,0,2025-08-25
3194735,3,1,2026-08-03
3194829,1,0,2026-01-28
3194850,1,0,2026-07-24
3194851,2,0,2025-11-03
3194852,2,1,2025-05-27
3194883,7,4,2026-07-14
3194887,2,0,2026-02-11
3194990,1,1,2026-04-15
3194998,9,0,2026-06-09
3195027,3,0,2026-03-13
3195028,1,0,2025-09-25
3195081,7,0,2026-07-08
3195094,4,1,2026-06-29
3195120,1,1,2025-04-14
3195122,1,0,2026-03-18
3195167,5,1,2025-12-24
3195175,4,0,2026-03-13
3195205,1,1,2025-12-18
3195230,1,0,2025-07-02
3195232,4,3,2026-06-08
3195307,2,2,2026-04-14
3195336,1,1,2025-07-21
3195357,1,0,2025-03-24
3195360,2,2,2026-08-19
3195424,1,0,2026-01-09
3195459,5,0,2026-05-21
3195536,1,0,2025-05-08
3195539,1,0,2026-09-08
3195572,2,0,2025-04-18
3195694,1,0,2025-07-23
3195782,1,0,2026-06-09
3195813,3,1,2025-07-31
3195856,1,0,2025-08-05
3195865,2,0,2025-07-15
3196031,7,7,2025-10-20
3196042,3,0,2026-01-02
3196055,1,0,2025-04-08
3196056,1,0,2026-05-27
3196058,1,0,2025-07-18
3196062,1,0,2025-10-29
3196063,1,0,2025-11-21
3196149,2,1,2025-10-22
3196224,10,0,2026-06-11
3196230,1,0,2025-07-14
3196275,1,0,2025-07-14
3196278,1,0,2025-05-20
3196292,11,0,2026-06-16
3196293,18,0,2026-06-17
3196298,1,0,2025-04-18
3196332,2,1,2026-05-28
3196341,2,1,2026-02-17
3196378,15,0,2026-06-16
3196379,1,0,2025-07-01
3196387,2,1,2026-03-06
3196391,3,1,2025-07-08
3196432,1,0,2025-05-28
3196452,3,1,2026-01-09
3196491,1,1,2025-07-28
3196514,1,0,2026-08-26
3196582,2,2,2026-02-26
3196585,4,4,2025-11-12
3196586,4,1,2025-11-26
3196587,1,0,2025-07-09
3196595,7,0,2026-06-22
3196598,3,1,2026-04-10
3196601,2,2,2026-03-19
3196604,1,1,2025-01-22
3196618,5,5,2026-03-30
3196621,2,0,2025-04-19
3196625,1,0,2025-04-24
3196629,1,0,2025-06-06
3196638,4,1,2026-04-09
3196651,3,0,2026-08-06
3196657,2,0,2025-09-29
3196661,1,0,2025-09-07
3196666,1,0,2025-04-24
3196667,1,0,2025-04-24
3196677,5,0,2026-03-13
3196685,2,1,2025-11-13
3196753,5,5,2025-04-04
3196792,1,0,2025-08-29
3196806,2,0,2025-12-06
3196896,4,3,2025-06-23
3196910,1,0,2025-05-27
3196913,1,0,2025-05-27
3196929,2,0,2026-07-24
3196953,2,0,2025-09-23
3196955,1,0,2025-02-16
3196970,2,2,2025-06-21
3196983,3,0,2025-05-28
3196993,2,2,2026-04-20
3196994,7,7,2026-08-24
3197015,3,3,2025-10-10
3197044,5,3,2025-09-04
3197046,1,0,2025-10-14
3197083,3,2,2026-02-02
3197085,3,1,2025-12-06
3197090,1,0,2025-04-14
3197094,1,0,2025-07-01
3197097,1,0,2025-05-06
3197114,1,0,2026-06-02
3197140,1,0,2026-04-09
3197150,9,9,2025-05-20
3197191,6,4,2026-08-26
3197198,3,3,2026-08-27
3197202,1,0,2026-03-09
3197206,1,1,2025-10-23
3197212,1,0,2025-10-22
3197254,1,0,2026-03-19
3197259,1,0,2026-09-01
3197271,5,5,2026-06-17
3197292,2,0,2026-03-27
3197304,1,1,2026-06-01
3197370,1,0,2026-04-02
3197439,6,6,2025-09-04
3197453,1,1,2026-01-12
3197577,1,0,2025-02-06
3197602,1,0,2025-05-19
3197607,1,0,2026-04-16
3197608,2,0,2026-04-16
3197609,2,1,2026-04-16
3197655,1,1,2026-05-26
3197662,1,1,2025-10-08
3197677,4,0,2026-04-29
3197747,1,0,2025-12-06
3197852,3,1,2026-06-08
3197897,1,0,2025-05-28
3197899,1,1,2026-04-20
3197908,2,1,2026-06-04
3197913,3,3,2025-03-13
3197930,1,0,2025-09-04
3197959,1,1,2026-01-09
3197976,1,1,2025-06-02
3197994,2,2,2025-01-24
3198020,10,6,2026-03-30
3198021,1,0,2026-02-11
3198024,6,4,2026-01-21
3198034,2,2,2026-08-10
3198043,1,0,2025-01-03
3198051,2,2,2025-07-17
3198058,3,3,2025-11-06
3198067,5,5,2025-09-18
3198100,1,0,2025-02-16
3198102,3,3,2026-06-03
3198106,1,0,2025-04-28
3198165,1,0,2025-04-11
3198180,3,3,2025-10-23
3198190,1,0,2025-05-28
3198213,2,2,2025-04-02
3198264,2,0,2026-05-26
3198270,2,0,2025-02-19
3198271,1,0,2025-07-01
3198275,1,0,2025-05-28
3198280,1,0,2025-07-25
3198295,1,0,2025-04-10
3198304,9,6,2026-08-05
3198321,2,2,2025-08-26
3198362,1,1,2025-01-29
3198380,1,0,2025-07-24
3198392,2,1,2026-07-10
3198427,3,2,2025-07-02
3198428,3,0,2026-02-25
3198430,2,0,2025-10-01
3198447,1,0,2025-01-03
3198455,1,1,2025-08-26
3198457,5,1,2026-05-26
3198464,2,2,2026-06-09
3198573,4,4,2026-02-17
3198707,1,0,2025-01-29
3198710,5,3,2025-05-16
3198711,5,3,2025-05-16
3198712,2,0,2026-05-18
3198786,1,0,2025-05-28
3198862,8,2,2026-06-03
3198900,1,0,2026-02-12
3198971,1,0,2026-03-10
3198972,3,3,2026-01-09
3199082,5,5,2025-07-17
3199120,1,0,2026-06-03
3199171,1,0,2025-06-03
3199226,1,0,2025-01-31
3199295,4,4,2025-05-06
3199351,1,0,2025-07-01
3199402,1,1,2025-10-15
3199441,2,0,2025-04-28
3199448,4,1,2026-02-12
3199462,1,0,2026-04-30
3199471,3,0,2026-02-26
3199494,2,0,2025-12-11
3199517,5,5,2025-09-05
3199549,2,0,2026-02-18
3199603,2,1,2025-03-12
3199618,1,0,2025-04-28
3199635,1,0,2025-01-03
3199655,1,0,2025-12-16
3199724,1,1,2025-04-03
3199726,2,2,2025-08-18
3199764,2,0,2025-08-18
3199766,2,1,2025-08-18
3199767,1,0,2025-04-08
3199825,2,0,2026-03-31
3199861,6,4,2026-09-03
3199868,1,1,2026-04-30
3199890,2,0,2026-02-26
3199915,2,0,2026-03-13
3199961,4,3,2025-05-06
3199964,2,2,2025-03-12
3199980,1,1,2026-06-02
3199993,1,1,2025-06-24
3200014,1,0,2025-08-12
3200122,1,0,2026-04-02
3200167,3,0,2025-11-13
3200193,1,0,2025-11-07
3200326,3,0,2025-07-02
3200376,1,0,2026-06-18
3200486,1,0,2026-08-19
3200487,3,3,2025-09-04
3200516,1,1,2026-03-13
3200544,2,1,2026-07-14
3200559,1,0,2025-09-25
3200561,1,1,2026-06-25
3200570,6,4,2026-05-21
3200577,2,0,2026-04-01
3200584,1,0,2025-05-08
3200604,2,2,2025-01-31
3200607,1,0,2025-01-29
3200641,1,0,2026-05-22
3200673,1,0,2026-01-09
3200709,2,0,2025-03-26
3200851,5,4,2026-08-12
3200893,1,0,2026-06-09
3200978,1,0,2025-04-08
3201012,1,0,2026-02-17
3201013,1,0,2025-12-04
3201080,4,0,2026-03-13
3201214,1,1,2026-05-28
3201216,1,0,2026-08-04
3201244,2,1,2025-07-03
3201274,2,0,2025-12-23
3201276,3,3,2025-04-15
3201330,3,3,2025-01-09
3201366,1,1,2025-04-15
3201376,1,1,2025-04-16
3201443,1,1,2025-11-25
3201506,2,1,2026-05-01
3201581,2,2,2026-06-24
3201629,6,0,2026-03-13
3201631,1,1,2025-01-30
3201652,1,0,2025-11-21
3201654,1,0,2025-05-28
3201672,1,0,2025-09-23
3201673,1,0,2025-10-09
3201676,1,0,2025-04-18
3201678,1,0,2025-04-18
3201709,3,0,2026-03-26
3201710,6,1,2026-05-13
3201753,2,0,2026-03-18
3201757,1,1,2025-12-26
3201771,3,1,2026-08-10
3201820,1,1,2026-09-02
3201822,4,0,2026-09-10
3201973,2,2,2025-10-02
3202057,2,1,2026-01-05
3202058,1,1,2026-02-06
3202125,6,1,2026-03-26
3202174,1,1,2026-08-21
3202176,1,0,2026-03-16
3202202,1,1,2025-08-14
3202261,1,0,2026-09-03
3202419,1,1,2025-02-21
3202470,1,0,2025-12-08
3202488,1,1,2025-04-07
3202498,1,1,2025-09-05
3202668,1,0,2025-10-07
3202723,1,0,2025-10-15
3202783,1,0,2025-10-08
3202785,1,0,2025-10-08
3202850,2,1,2026-04-20
3202870,1,1,2026-05-13
3202874,2,1,2026-07-27
3202898,5,3,2026-08-21
3202903,1,1,2026-09-08
3202906,1,0,2025-08-11
3202927,1,0,2026-09-08
3202929,1,0,2025-02-19
3202937,9,8,2026-04-21
3202954,2,0,2025-09-18
3202977,2,1,2025-10-01
3202992,3,2,2026-03-09
3203013,1,0,2026-08-10
3203132,14,1,2026-03-17
3203147,3,1,2025-08-14
3203174,1,0,2026-02-09
3203204,1,1,2025-04-05
3203265,2,0,2025-04-30
3203345,2,0,2025-09-24
3203406,3,3,2025-10-22
3203496,6,5,2025-07-02
3203506,2,1,2025-04-28
3203523,1,1,2025-08-18
3203566,4,4,2025-11-10
3203569,2,0,2026-09-04
3203605,1,0,2026-09-03
3203614,1,1,2026-06-16
3203615,2,0,2026-06-01
3203617,2,0,2026-03-17
3203631,2,0,2026-03-17
3203632,1,1,2026-03-10
3203662,3,3,2026-08-25
3203694,5,3,2026-06-04
3203728,2,0,2025-08-20
3203731,1,0,2026-02-12
3203763,1,1,2025-08-20
3203826,1,0,2025-08-12
3203829,1,0,2025-04-30
3203882,1,0,2025-11-19
3203904,2,0,2025-01-26
3203916,1,0,2025-04-08
3203946,1,0,2026-05-29
3204261,1,0,2026-05-18
3204285,2,0,2026-08-26
3204291,2,0,2026-08-10
3204293,2,0,2026-08-25
3204294,1,1,2026-07-13
3204296,1,0,2026-07-27
3204411,1,1,2025-01-13
3204413,6,6,2026-07-20
3204462,1,0,2025-03-12
3204494,2,0,2025-04-30
3204539,2,0,2026-01-22
3204542,2,2,2026-08-12
3204566,2,0,2025-01-27
3204576,1,0,2025-10-01
3204617,3,3,2025-10-23
3204621,1,1,2025-08-14
3204647,2,0,2025-01-23
3204703,4,4,2025-08-07
3204766,1,1,2026-01-12
3204767,8,0,2026-03-17
3204772,2,2,2025-08-14
3204773,1,0,2025-06-11
3204823,2,0,2026-05-14
3204832,1,0,2026-02-11
3204833,2,0,2026-03-26
3204840,1,0,2025-10-17
3204867,1,0,2025-07-25
3204868,1,0,2025-03-14
3204886,6,2,2026-04-20
3204892,1,0,2025-05-07
3204894,1,1,2026-07-30
3204905,1,0,2025-11-08
3204918,1,0,2025-08-12
3204939,7,3,2026-06-22
3204940,1,0,2026-02-06
3204966,2,0,2025-01-10
3204974,1,0,2026-07-01
3204989,2,1,2026-02-17
3204995,2,1,2025-08-27
3205006,1,1,2026-03-13
3205008,1,0,2026-08-14
3205014,8,7,2025-06-02
3205054,2,0,2025-10-27
3205071,2,0,2026-08-07
3205084,1,0,2026-06-18
3205090,1,0,2025-10-20
3205091,1,0,2025-01-03
3205115,1,0,2025-11-14
3205181,2,0,2026-08-26
3205238,1,0,2025-04-30
3205239,1,0,2026-04-27
3205274,1,0,2026-03-16
3205364,1,1,2025-07-18
3205366,2,0,2026-07-06
3205371,3,0,2025-10-02
3205373,2,0,2026-06-29
3205432,1,0,2026-08-19
3205435,9,0,2026-03-17
3205470,2,0,2026-04-27
3205527,3,3,2025-05-12
3205548,1,0,2026-07-29
3205595,1,0,2025-06-13
3205692,1,1,2025-06-10
3205701,1,0,2025-01-31
3205707,8,4,2026-07-20
3205780,15,0,2026-01-23
3205788,4,1,2025-10-24
3205800,1,0,2026-06-09
3205804,3,1,2026-01-28
3205805,1,0,2026-04-13
3205818,6,5,2026-04-13
3205819,4,4,2025-06-30
3205829,5,1,2026-07-14
3205840,1,0,2026-04-07
3205910,1,0,2026-01-10
3205923,3,0,2025-05-07
3205963,2,0,2026-06-23
3206013,2,1,2025-02-06
3206078,3,0,2026-03-02
3206086,4,3,2025-05-31
3206141,2,0,2026-04-23
3206175,1,0,2025-10-03
3206225,1,0,2026-01-12
3206343,1,1,2025-11-19
3206431,4,0,2026-06-09
3206441,1,0,2026-07-14
3206442,1,0,2025-01-27
3206443,1,0,2026-06-15
3206459,1,1,2025-07-15
3206461,3,2,2026-07-13
3206465,2,0,2026-09-09
3206484,5,2,2026-03-30
3206500,1,1,2025-04-16
3206570,1,0,2026-01-02
3206588,4,3,2025-05-13
3206594,2,1,2026-04-16
3206597,1,0,2026-09-05
3206605,1,0,2025-01-07
3206619,3,2,2026-04-26
3206621,8,3,2025-06-30
3206644,2,1,2026-03-10
3206673,1,1,2026-06-09
3206680,2,1,2025-11-19
3206695,1,0,2025-04-11
3206713,3,0,2026-02-11
3206794,3,3,2026-06-26
3206865,4,3,2025-03-13
3206994,2,1,2026-08-05
3206998,1,0,2026-04-27
3207022,1,1,2026-03-03
3207031,2,1,2025-01-10
3207068,2,0,2025-07-14
3207130,4,0,2026-09-08
3207134,3,3,2025-07-17
3207139,2,0,2025-04-14
3207155,1,0,2025-09-29
3207162,1,0,2026-06-10
3207219,2,1,2025-04-08
3207270,1,1,2026-03-23
3207299,1,0,2025-09-15
3207303,2,0,2026-01-06
3207316,1,1,2025-09-08
3207323,1,0,2026-06-16
3207373,1,0,2026-07-27
3207484,2,2,2026-02-03
3207486,2,0,2026-04-30
3207487,4,4,2025-04-23
3207493,1,1,2025-07-25
3207494,8,8,2026-09-10
3207505,1,1,2025-09-15
3207524,2,2,2025-07-02
3207538,1,0,2026-07-20
3207584,1,1,2026-02-19
3207604,1,1,2026-04-29
3207624,2,1,2025-08-08
3207802,1,1,2026-05-29
3207827,1,0,2025-05-28
3207856,1,0,2026-03-06
3207878,1,0,2025-11-25
3207885,4,0,2026-03-10
3207892,1,0,2025-05-28
3207953,1,1,2026-04-23
3208028,4,3,2025-08-04
3208082,2,2,2025-05-28
3208112,1,0,2026-01-06
3208168,1,0,2026-01-06
3208171,2,0,2026-01-15
3208200,7,4,2026-07-17
3208267,1,0,2026-02-27
3208399,1,0,2025-04-01
3208455,2,1,2025-08-29
3208461,3,0,2025-07-08
3208474,2,2,2025-11-17
3208638,4,0,2026-01-28
3208646,4,3,2025-10-09
3208647,4,0,2025-08-05
3208857,2,0,2025-07-17
3208990,2,0,2026-06-09
3209151,3,0,2025-06-09
3209190,2,1,2025-08-20
3209232,2,1,2026-07-28
3209239,1,1,2025-01-17
3209243,1,1,2025-05-20
3209355,2,0,2025-10-14
3209423,3,0,2026-01-06
3209475,1,1,2025-05-28
3209500,2,2,2025-09-08
3209582,2,2,2026-01-08
3209641,5,3,2026-06-03
3209694,1,0,2026-06-22
3209752,1,1,2026-09-03
3209788,2,2,2026-07-06
3209798,1,0,2025-05-22
3209800,1,1,2025-02-11
3209847,1,0,2025-05-22
3209903,3,3,2026-06-24
3209904,1,0,2025-05-22
3209943,2,2,2025-03-10
3209956,2,2,2025-08-28
3210001,4,1,2026-04-22
3210022,1,0,2025-04-23
3210024,1,0,2025-04-23
3210030,3,2,2026-03-27
3210102,5,0,2025-04-28
3210118,1,1,2026-06-04
3210141,1,0,2026-05-27
3210144,3,3,2025-09-08
3210199,2,1,2025-08-13
3210250,1,0,2026-07-16
3210293,1,0,2026-01-27
3210322,2,1,2026-05-06
3210366,1,1,2025-02-11
3210426,3,0,2025-12-11
3210458,2,0,2025-11-21
3210465,4,3,2026-07-21
3210661,1,0,2026-04-21
3210670,3,2,2026-07-17
3210674,1,1,2025-09-19
3210683,1,0,2025-04-04
3210806,5,5,2026-03-09
3210807,6,6,2026-03-09
3210827,3,0,2025-04-23
3210860,1,0,2025-03-20
3210926,2,1,2025-12-03
3210963,1,0,2025-12-29
3210964,4,4,2026-05-28
3210975,1,0,2025-01-24
3211034,2,2,2026-04-30
3211058,2,1,2025-02-17
3211069,1,1,2025-10-22
3211074,2,1,2026-06-11
3211156,1,0,2026-05-01
3211190,1,0,2025-10-17
3211288,1,1,2025-01-07
3211291,1,0,2025-08-07
3211292,1,0,2026-05-08
3211293,1,0,2026-05-08
3211320,3,3,2025-02-25
3211337,2,0,2025-04-22
3211446,4,3,2026-01-29
3211488,1,0,2025-12-18
3211506,2,0,2025-04-08
3211530,3,2,2025-02-12
3211532,1,1,2025-02-12
3211597,1,0,2026-07-16
3211619,1,0,2026-07-28
3211664,4,0,2025-07-07
3211670,1,0,2025-06-24
3211699,1,0,2025-09-17
3211750,6,6,2025-09-12
3211922,2,0,2025-12-26
3211975,5,2,2025-05-23
3211977,1,1,2026-03-17
3211996,1,0,2025-06-09
3212024,1,1,2025-10-29
3212040,3,3,2025-03-10
3212076,2,2,2025-11-20
3212115,1,1,2025-04-10
3212154,1,1,2025-04-11
3212159,3,2,2025-06-12
3212171,1,1,2025-03-24
3212196,2,2,2025-06-05
3212254,1,0,2025-03-12
3212275,3,3,2025-04-24
3212293,1,0,2026-06-17
3212305,1,1,2025-12-29
3212403,1,0,2026-02-19
3212503,2,0,2025-06-18
3212558,5,3,2025-10-15
3212569,1,0,2026-08-24
3212589,3,2,2025-03-20
3212618,2,2,2025-11-12
3212776,1,0,2026-08-18
3212835,6,4,2026-05-26
3213050,1,0,2025-01-10
3213113,1,0,2025-04-15
3213141,1,0,2026-08-13
3213184,2,0,2025-07-24
3213364,1,0,2025-02-25
3213379,1,0,2025-12-11
3213383,4,1,2026-06-01
3213384,1,0,2026-05-12
3213393,7,3,2026-09-02
3213483,3,0,2026-01-06
3213516,11,4,2026-05-19
3213517,1,0,2025-12-16
3213581,1,0,2025-01-25
3213634,1,0,2025-06-18
3213728,4,3,2025-10-14
3213789,2,2,2025-06-17
3213852,1,0,2025-01-08
3213981,1,0,2025-02-11
3213983,1,0,2026-04-07
3214006,3,3,2026-02-05
3214060,1,0,2025-11-06
3214146,3,3,2025-11-01
3214287,1,1,2025-05-12
3214325,1,1,2025-08-19
3214439,2,0,2026-02-12
3214446,2,1,2025-01-31
3214729,2,0,2025-03-12
3214906,1,0,2025-05-27
3214970,2,0,2026-03-26
3214979,1,1,2025-03-08
3215017,1,0,2025-01-29
3215068,2,0,2026-02-26
3215073,2,0,2025-08-14
3215130,1,0,2025-01-29
3215202,1,0,2025-05-14
3215237,1,1,2025-02-04
3215295,1,0,2025-01-07
3215325,3,0,2025-08-13
3215438,1,0,2025-05-23
3215550,1,0,2025-03-12
3215627,4,1,2026-04-20
3215663,1,0,2025-01-08
3215670,2,2,2025-07-15
3215705,7,3,2026-06-23
3215721,2,0,2026-03-26
3215848,1,0,2025-05-13
3215899,2,2,2025-01-18
3215920,3,1,2025-05-15
3215931,2,0,2025-05-28
3215999,2,1,2026-03-11
3216000,4,1,2025-01-16
3216017,1,1,2025-04-16
3216097,1,0,2026-04-28
3216213,1,0,2026-02-11
3216234,1,1,2025-02-09
3216543,1,0,2025-01-08
3216679,1,0,2025-12-11
3216955,1,0,2026-03-12
3216956,1,0,2025-12-16
3216975,1,1,2025-10-08
3217031,1,0,2025-02-20
3217054,5,1,2026-01-20
3217108,3,1,2025-11-21
3217220,2,0,2025-05-23
3217245,2,0,2025-04-24
3217246,1,0,2025-04-24
3217254,4,0,2025-07-08
3217268,1,0,2025-09-17
3217329,3,1,2026-07-27
3217369,1,0,2025-08-05
3217394,1,0,2025-05-16
3217429,1,1,2025-05-15
3217449,1,1,2025-05-27
3217451,1,1,2025-05-13
3217459,1,0,2025-05-28
3217471,7,5,2026-03-24
3217507,1,0,2025-04-10
3217522,1,0,2026-05-01
3217542,2,0,2025-05-28
3217580,2,1,2026-08-19
3217643,1,0,2025-01-29
3217666,3,1,2025-08-06
3217685,1,0,2026-07-30
3217881,1,0,2025-12-11
3217952,1,0,2025-12-22
3218208,8,0,2026-04-22
3218272,1,1,2025-08-18
3218283,2,2,2025-08-04
3218284,3,3,2025-04-11
3218321,2,2,2025-11-06
3218343,1,0,2025-07-29
3218626,9,0,2026-03-02
3218712,2,1,2026-01-06
3218807,1,0,2025-05-02
3218821,1,1,2026-02-19
3218837,2,0,2025-06-18
3218902,4,3,2025-05-16
3218942,2,1,2025-03-12
3219005,2,0,2026-05-20
3219195,1,0,2026-08-08
3219217,4,3,2026-07-14
3219247,1,0,2025-07-01
3219249,1,0,2026-03-09
3219270,1,0,2026-01-29
3219281,1,1,2025-09-08
3219400,3,1,2026-02-25
3219420,5,2,2026-03-11
3219471,4,4,2025-05-13
3219482,2,1,2025-08-25
3219565,6,5,2025-12-03
3219573,2,2,2026-05-29
3219576,1,0,2025-04-18
3219603,1,0,2025-05-13
3219606,1,1,2025-06-18
3219647,1,0,2026-02-25
3219673,1,1,2025-12-04
3219789,1,0,2026-03-13
3219799,3,2,2026-03-23
3219810,1,0,2025-07-08
3219844,1,0,2026-05-15
3219948,1,1,2025-01-25
3219958,3,0,2026-01-22
3219962,1,1,2025-09-08
3220176,1,1,2025-03-03
3220238,2,0,2025-01-13
3220253,1,0,2025-07-08
3220323,2,0,2025-10-24
3220376,1,1,2026-07-01
3220385,3,3,2025-05-19
3220459,2,0,2025-04-09
3220473,2,0,2025-05-21
3220476,1,0,2026-03-09
3220481,1,0,2025-05-23
3220507,5,2,2025-08-26
3220631,2,0,2025-09-24
3220641,2,2,2025-08-18
3220652,2,0,2026-04-14
3220780,1,1,2025-06-02
3220818,1,0,2025-01-29
3220824,1,0,2025-12-03
3220840,1,0,2025-12-16
3220874,1,0,2025-07-01
3220935,1,0,2025-07-01
3220945,1,1,2026-03-23
3220984,4,3,2026-08-11
3221005,1,1,2025-10-09
3221018,3,3,2025-06-12
3221107,2,0,2026-07-27
3221175,1,1,2025-02-21
3221187,1,0,2026-01-14
3221213,1,1,2025-01-08
3221456,1,0,2025-11-19
3221457,3,3,2025-09-15
3221622,1,1,2025-10-21
3221659,2,1,2026-04-09
3221791,1,0,2025-08-20
3221814,2,0,2026-01-14
3221815,3,0,2025-06-17
3221832,1,0,2025-06-05
3221846,1,0,2025-06-03
3221961,1,0,2025-09-15
3221964,2,0,2026-04-23
3221976,1,1,2025-04-29
3222062,1,0,2025-12-11
3222067,1,0,2025-01-29
3222189,1,0,2026-04-07
3222215,5,1,2025-08-09
3222219,3,2,2026-06-17
3222229,1,1,2026-07-10
3222251,6,6,2025-09-30
3222261,1,1,2025-04-01
3222351,1,1,2026-07-30
3222404,5,4,2026-08-28
3222440,1,0,2025-08-14
3222771,2,1,2025-08-26
3222884,1,0,2025-12-26
3223037,1,0,2025-07-16
3223074,6,4,2026-09-02
3223089,2,0,2025-06-30
3223115,2,1,2025-01-08
3223150,2,1,2025-01-07
3223240,1,0,2025-10-10
3223247,1,1,2025-08-15
3223280,2,1,2025-01-07
3223291,1,0,2025-08-11
3223385,7,1,2026-03-24
3223387,1,0,2026-04-02
3223388,2,1,2026-04-02
3223408,2,2,2025-02-03
3223409,2,2,2025-02-03
3223410,1,1,2025-02-03
3223415,1,0,2025-06-10
3223419,1,0,2025-08-29
3223420,1,0,2025-08-27
3223427,1,0,2025-08-27
3223429,3,3,2025-06-09
3223585,1,0,2025-12-23
3223823,1,0,2025-04-08
3223876,4,4,2025-02-19
3223887,2,0,2025-06-10
3223888,2,0,2025-06-26
3223892,1,0,2025-12-24
3223939,2,1,2026-04-01
3223998,1,0,2026-04-02
3224038,4,1,2026-03-02
3224044,4,2,2026-01-02
3224054,1,0,2025-02-19
3224132,1,0,2025-11-24
3224139,8,0,2026-03-10
3224190,1,0,2026-01-10
3224195,5,0,2025-08-19
3224340,1,0,2025-07-01
3224405,1,0,2026-02-04
3224476,4,1,2025-08-06
3224504,2,0,2025-11-05
3224577,8,3,2026-09-01
3224579,1,0,2025-02-03
3224604,1,0,2025-02-05
3224608,1,1,2025-12-18
3224680,1,0,2025-09-04
3224864,4,1,2026-04-01
3224916,1,0,2025-02-11
3224947,3,2,2026-01-20
3225042,1,0,2025-12-26
3225050,9,6,2026-04-06
3225054,1,0,2026-04-06
3225221,2,2,2025-01-03
3225273,1,0,2025-02-03
3225333,1,1,2025-09-23
3225338,1,1,2025-09-30
3225399,3,2,2025-01-06
3225449,5,1,2026-04-09
3225616,4,2,2025-12-26
3225629,2,0,2025-11-24
3225637,2,0,2025-03-13
3225649,1,0,2026-03-18
3225749,2,0,2025-06-24
3225769,1,0,2026-03-30
3225871,2,1,2026-04-09
3225911,1,0,2025-01-08
3225970,2,1,2026-01-20
3226180,1,0,2025-12-05
3226184,2,1,2026-03-27
3226208,3,1,2025-11-25
3226266,5,5,2025-12-22
3226359,1,0,2026-08-25
3226478,1,1,2025-02-11
3226510,1,0,2025-03-12
3226710,1,1,2025-08-27
3226750,1,1,2025-06-30
3226774,4,3,2025-06-02
3226780,3,3,2025-03-10
3226786,1,1,2025-04-16
3226808,1,0,2025-02-11
3226948,1,0,2025-10-10
3226957,2,0,2025-09-22
3226990,2,0,2025-09-23
3227006,1,1,2026-01-14
3227008,1,0,2025-06-16
3227081,1,0,2025-12-11
3227104,2,1,2026-04-07
3227207,1,0,2025-01-08
3227272,1,0,2025-07-30
3227273,1,0,2025-07-30
3227279,1,0,2025-07-30
3227280,1,0,2025-07-30
3227281,1,0,2025-07-30
3227321,1,0,2025-01-07
3227360,1,1,2026-06-09
3227457,1,0,2025-09-09
3227487,1,1,2026-03-25
3227705,1,0,2025-07-09
3227707,1,0,2025-07-09
3227710,5,0,2026-07-13
3227746,2,2,2025-01-03
3227803,5,1,2025-02-11
3227827,5,4,2026-06-04
3227861,4,0,2025-04-11
3227902,2,0,2026-03-20
3227906,2,1,2026-03-25
3227959,1,1,2025-02-14
3227991,1,1,2026-06-12
3228146,5,1,2025-11-18
3228170,5,2,2025-12-03
3228312,1,0,2025-01-03
3228390,1,0,2026-03-30
3228500,1,0,2025-02-25
3228530,4,1,2026-03-31
3228596,4,3,2025-03-29
3228604,2,0,2025-03-31
3228615,2,2,2026-05-15
3228622,2,1,2025-11-12
3228623,1,1,2025-09-15
3228697,1,1,2026-06-04
3228721,2,2,2026-07-15
3228737,1,0,2026-05-15
3228944,2,1,2025-01-03
3228997,4,4,2025-09-26
3229049,11,6,2025-12-04
3229056,1,0,2025-04-15
3229068,1,1,2025-08-28
3229071,2,0,2025-03-14
3229072,12,7,2026-07-17
3229074,2,2,2026-07-21
3229081,1,0,2026-06-22
3229093,3,0,2026-03-19
3229118,1,0,2025-12-11
3229126,1,0,2025-09-17
3229156,1,0,2025-03-20
3229159,1,0,2025-03-14
3229205,1,0,2026-01-20
3229231,1,0,2026-04-01
3229293,1,0,2025-12-26
3229299,1,1,2025-03-03
3229325,1,1,2025-11-21
3229438,1,0,2026-03-05
3229462,1,0,2026-04-03
3229466,3,1,2025-04-15
3229478,10,3,2026-07-13
3229487,3,2,2025-08-04
3229572,2,1,2025-03-11
3229584,3,3,2025-10-25
3229620,1,0,2026-03-18
3229623,2,2,2025-11-07
3229707,3,0,2025-05-07
3229731,6,2,2025-12-10
3229734,4,1,2026-03-20
3229773,8,0,2026-03-04
3229872,4,0,2026-03-04
3230058,2,2,2025-10-29
3230065,1,0,2025-11-05
3230099,2,1,2025-08-04
3230116,1,0,2025-10-01
3230120,5,4,2026-06-26
3230131,1,0,2025-04-21
3230163,2,1,2026-01-29
3230184,2,1,2026-03-19
3230265,1,0,2025-02-14
3230454,1,0,2025-02-11
3230520,1,0,2025-07-17
3230538,3,0,2025-05-13
3230671,1,0,2025-01-28
3230716,2,0,2025-09-04
3230844,3,0,2025-06-22
3230949,7,0,2026-03-05
3231041,1,0,2025-06-26
3231042,1,0,2025-07-07
3231048,2,0,2026-01-15
3231049,2,0,2026-01-14
3231050,2,0,2026-01-12
3231051,1,1,2025-07-07
3231250,1,1,2025-01-22
3231264,2,0,2025-09-04
3231463,1,0,2026-04-01
3231618,1,1,2026-02-04
3231641,1,0,2025-05-13
3231642,1,0,2025-12-11
3231654,1,0,2025-01-10
3231667,1,0,2025-01-25
3231670,1,0,2025-02-21
3231685,1,0,2025-07-16
3231737,1,0,2025-10-15
3231806,1,0,2025-06-26
3231809,1,1,2025-12-12
3231825,1,0,2025-05-21
3231841,1,0,2025-01-30
3232110,5,1,2026-05-18
3232115,1,0,2026-05-05
3232177,1,0,2025-08-15
3232310,3,3,2025-08-04
3232402,3,1,2025-09-29
3232522,1,0,2025-02-25
3232539,1,0,2025-12-11
3232559,3,0,2026-03-05
3232600,2,0,2026-06-04
3232717,1,1,2025-01-07
3232732,1,0,2026-03-25
3232823,1,0,2025-09-04
3232826,1,0,2025-06-24
3232846,1,0,2025-08-06
3232847,1,0,2025-01-16
3232848,1,0,2025-02-23
3232850,1,0,2025-01-16
3232854,2,0,2025-01-21
3232860,1,0,2025-01-21
3232862,2,1,2025-07-07
3232863,1,0,2025-01-15
3232865,2,0,2025-01-13
3232866,1,0,2025-01-13
3232867,1,0,2025-05-15
3232871,1,0,2025-01-14
3232872,1,0,2025-01-14
3232883,1,0,2025-01-15
3232893,2,0,2025-01-16
3232896,2,0,2025-01-15
3232916,1,1,2025-07-14
3232939,1,0,2025-09-20
3232995,1,0,2025-12-11
3233033,2,1,2026-02-27
3233182,2,1,2026-02-04
3233341,1,0,2026-08-18
3233376,1,0,2025-12-26
3233409,1,0,2025-08-11
3233465,4,4,2025-10-08
3233510,1,1,2026-04-29
3233607,3,0,2026-08-20
3233644,1,1,2026-03-17
3233692,1,0,2025-02-20
3233720,2,1,2025-07-08
3233768,1,0,2025-01-13
3233769,1,0,2025-01-13
3233770,1,0,2025-01-13
3233771,1,0,2025-01-13
3233773,2,0,2025-01-10
3233774,2,0,2025-01-10
3233968,11,3,2026-09-02
3233989,4,2,2025-12-17
3234001,1,0,2025-06-30
3234033,1,0,2025-06-10
3234140,1,0,2026-02-02
3234178,2,2,2025-02-14
3234374,7,7,2026-05-20
3234492,2,0,2025-01-10
3234494,2,0,2025-01-09
3234495,1,0,2025-01-09
3234514,1,0,2025-05-29
3234518,3,0,2026-08-10
3234532,1,0,2025-01-09
3234534,2,0,2026-05-23
3234535,1,0,2025-05-29
3234536,1,0,2025-05-29
3234540,2,0,2025-03-27
3234543,2,0,2025-01-09
3234561,2,2,2025-01-06
3234566,1,0,2025-01-09
3234663,1,0,2026-07-06
3234704,5,4,2025-02-01
3234755,1,0,2025-12-11
3234814,1,1,2025-07-17
3234816,2,1,2026-03-17
3235071,1,0,2025-05-12
3235185,1,0,2026-03-20
3235224,2,0,2026-02-19
3235226,1,0,2025-12-11
3235232,2,0,2025-12-11
3235262,1,0,2025-03-20
3235299,1,0,2025-05-15
3235569,5,5,2025-09-08
3235573,9,6,2026-03-11
3235598,2,2,2026-03-18
3235705,3,1,2026-05-04
3235729,1,1,2025-03-06
3235882,1,0,2025-02-08
3235884,5,1,2026-03-19
3235899,1,1,2026-03-19
3235957,1,1,2025-02-04
3235961,5,5,2025-02-19
3235977,3,0,2025-07-22
3236044,1,1,2026-09-03
3236072,1,0,2026-09-02
3236117,1,0,2026-03-09
3236118,1,0,2026-03-17
3236125,1,1,2026-04-09
3236141,3,0,2025-03-10
3236237,1,0,2026-03-12
3236245,2,0,2025-06-10
3236246,1,1,2025-02-15
3236249,3,3,2025-06-30
3236386,3,0,2026-01-14
3236405,1,0,2025-05-12
3236438,1,0,2026-01-23
3236488,1,0,2026-01-05
3236496,4,0,2026-03-06
3236515,1,0,2025-11-05
3236595,2,1,2026-08-10
3236596,1,0,2026-03-23
3236624,4,3,2026-01-21
3236665,1,0,2025-03-21
3236722,1,0,2025-12-09
3236773,1,0,2026-07-16
3236776,2,0,2026-07-27
3236779,1,0,2026-07-15
3236787,2,0,2026-07-14
3236790,2,0,2026-07-09
3236797,1,0,2026-07-21
3236800,1,0,2026-07-09
3236802,2,0,2026-07-17
3236804,1,0,2026-08-17
3236815,1,0,2026-03-25
3236823,1,1,2025-02-25
3236836,1,1,2025-06-12
3236847,2,1,2026-04-07
3237011,2,0,2025-06-26
3237032,2,0,2026-03-13
3237065,4,1,2025-06-03
3237074,1,0,2025-09-17
3237075,1,0,2025-09-23
3237081,1,0,2025-09-05
3237084,1,0,2025-09-05
3237088,1,0,2025-03-06
3237089,2,0,2025-09-09
3237091,1,0,2025-09-24
3237092,2,0,2025-09-23
3237093,1,0,2025-09-29
3237094,1,0,2025-09-23
3237097,1,0,2025-09-17
3237098,1,0,2025-03-14
3237099,1,0,2025-09-09
3237101,1,0,2025-07-01
3237103,1,0,2025-10-23
3237104,1,0,2025-11-17
3237134,3,0,2026-03-20
3237171,1,0,2025-12-01
3237172,1,0,2025-08-07
3237200,2,2,2025-08-19
3237239,1,0,2025-10-23
3237240,1,0,2025-09-11
3237241,1,0,2025-08-18
3237244,1,0,2025-10-09
3237245,2,0,2025-08-27
3237286,2,0,2025-05-07
3237291,2,0,2026-05-07
3237295,1,0,2026-03-23
3237309,2,1,2026-04-03
3237384,1,0,2025-06-09
3237547,2,1,2026-04-06
3237590,1,0,2025-01-29
3237593,6,0,2025-09-24
3237617,2,0,2026-03-11
3237640,1,0,2025-08-27
3237651,1,0,2025-12-11
3237673,2,2,2025-03-28
3237674,1,0,2025-05-21
3237680,1,1,2025-03-26
3237681,3,1,2025-06-02
3237750,1,1,2025-10-02
3237751,3,1,2025-05-13
3237752,2,0,2026-04-08
3237761,2,0,2025-06-02
3237830,1,1,2026-09-02
3237838,1,0,2025-07-17
3237846,3,0,2025-12-22
3237854,1,0,2025-05-27
3237872,2,0,2026-03-13
3237873,3,0,2025-12-03
3237984,3,3,2025-07-21
3238041,1,0,2025-12-03
3238049,1,0,2025-12-03
3238093,4,1,2026-08-25
3238100,1,0,2025-12-26
3238101,1,0,2025-01-07
3238113,3,0,2025-09-11
3238114,3,0,2025-12-22
3238116,1,0,2025-02-11
3238123,3,0,2025-12-22
3238288,1,0,2025-01-29
3238310,2,0,2025-12-18
3238382,3,0,2025-12-22
3238384,1,0,2025-12-15
3238413,1,0,2025-12-22
3238446,2,0,2025-06-02
3238452,1,1,2026-02-26
3238470,5,0,2026-07-17
3238480,2,1,2025-10-17
3238574,2,1,2026-01-05
3238578,2,0,2025-03-12
3238619,1,0,2025-08-07
3238801,2,0,2026-02-27
3238803,1,1,2025-03-20
3238854,2,1,2025-12-26
3239091,2,0,2025-05-20
3239146,1,0,2026-07-21
3239256,2,0,2026-04-28
3239275,1,0,2026-03-17
3239283,3,0,2025-04-21
3239285,2,0,2026-06-10
3239388,8,0,2026-03-10
3239390,1,0,2025-06-24
3239413,2,2,2025-12-02
3239421,1,0,2026-04-20
3239436,4,1,2026-03-17
3239490,5,1,2026-07-22
3239530,1,0,2026-01-08
3239534,2,0,2026-01-07
3239541,2,0,2026-01-08
3239542,2,0,2026-01-08
3239543,2,0,2026-01-08
3239544,3,0,2026-01-07
3239545,2,0,2026-01-07
3239551,2,0,2026-01-20
3239554,2,0,2026-01-08
3239555,2,0,2026-01-23
3239556,1,0,2026-01-15
3239559,2,0,2025-12-22
3239561,1,0,2025-11-28
3239562,2,0,2025-12-01
3239603,4,0,2025-11-28
3239690,1,1,2025-11-17
3239745,1,1,2025-12-17
3239755,1,1,2025-10-30
3239785,2,0,2025-10-10
3239826,1,0,2025-11-12
3239863,2,0,2025-03-27
3239889,12,0,2026-05-01
3239938,1,0,2025-01-19
3239959,6,5,2026-02-09
3240023,1,0,2025-08-29
3240024,1,0,2025-11-24
3240089,2,0,2026-01-08
3240129,1,0,2025-06-02
3240254,1,0,2025-04-10
3240256,2,1,2025-08-04
3240450,1,0,2025-05-28
3240521,4,4,2025-08-14
3240536,4,2,2025-09-10
3240556,1,0,2025-10-03
3240595,2,0,2026-02-12
3240641,1,0,2026-02-12
3240685,1,0,2025-05-21
3240729,1,1,2025-07-28
3241082,1,0,2025-12-16
3241318,2,0,2025-10-23
3241335,1,0,2025-05-20
3241338,1,0,2026-05-26
3241343,1,0,2025-07-01
3241344,1,0,2026-03-17
3241345,1,0,2025-11-17
3241360,1,0,2025-09-11
3241406,1,0,2025-02-20
3241424,1,0,2025-02-10
3241452,4,4,2025-08-12
3241793,1,1,2025-06-06
3241851,1,0,2026-04-15
3241922,3,0,2026-06-04
3241949,3,3,2025-07-07
3241967,5,0,2025-12-24
3242020,2,0,2025-05-20
3242068,3,0,2025-10-22
3242161,1,0,2025-12-24
3242210,1,0,2025-10-15
3242215,2,1,2026-01-15
3242233,1,1,2025-08-06
3242244,3,1,2026-01-31
3242302,2,0,2026-03-23
3242306,1,0,2025-07-01
3242312,6,4,2025-10-31
3242369,6,0,2026-03-11
3242431,1,1,2026-03-12
3242441,1,0,2026-03-23
3242468,1,1,2025-09-23
3242470,2,0,2026-03-17
3242472,2,0,2026-05-01
3242474,3,2,2026-07-14
3242534,5,3,2026-02-20
3242571,2,2,2025-12-12
3242572,1,0,2025-10-23
3242574,4,0,2025-12-02
3242649,3,0,2025-10-15
3242651,3,0,2026-07-22
3242671,1,0,2026-06-15
3242709,3,0,2025-09-17
3242816,1,0,2025-10-23
3242817,1,1,2025-06-26
3242860,1,0,2025-02-24
3242906,1,1,2025-08-29
3242910,1,0,2025-05-20
3242940,1,0,2026-08-21
3242943,2,2,2026-01-21
3242984,2,1,2025-08-22
3243005,1,1,2025-09-08
3243041,11,6,2025-05-12
3243042,6,5,2025-06-20
3243062,2,2,2025-05-19
3243257,1,0,2025-06-24
3243399,7,5,2025-06-02
3243410,2,0,2026-08-21
3243432,1,0,2025-06-25
3243434,2,0,2026-03-02
3243467,2,0,2026-07-30
3243469,4,1,2026-04-20
3243496,1,1,2025-02-04
3243811,1,0,2025-02-28
3243820,3,2,2026-04-13
3243821,3,0,2026-01-23
3243834,2,0,2025-11-05
3243996,4,1,2025-08-06
3244023,1,0,2026-03-31
3244140,4,0,2026-01-08
3244175,2,0,2026-08-12
3244269,2,1,2026-05-27
3244270,1,1,2026-04-10
3244344,2,0,2025-03-26
3244352,1,0,2025-11-07
3244382,2,0,2025-05-16
3244400,10,5,2026-08-10
3244402,2,2,2026-05-28
3244429,6,4,2026-04-22
3244443,3,1,2026-04-08
3244447,1,0,2026-03-11
3244448,4,1,2025-07-28
3244450,3,1,2025-10-24
3244462,1,0,2025-07-28
3244466,8,2,2026-08-05
3244470,3,0,2025-06-06
3244508,3,3,2025-08-13
3244509,1,0,2026-06-09
3244525,3,1,2026-04-21
3244533,4,1,2025-07-28
3244538,4,3,2026-01-13
3244585,5,4,2025-12-11
3244589,1,0,2025-05-13
3244591,3,1,2025-07-16
3244593,1,0,2025-01-08
3244604,1,0,2026-07-20
3244608,3,3,2026-05-28
3244611,1,0,2025-05-28
3244614,1,0,2025-12-15
3244657,1,0,2025-04-08
3244685,1,1,2025-07-25
3244687,1,1,2026-04-17
3244692,1,0,2025-02-28
3244699,2,1,2025-01-28
3244717,3,0,2025-08-29
3244725,1,1,2025-12-30
3244750,2,1,2025-07-18
3244751,5,5,2025-07-18
3244757,3,3,2025-12-16
3244758,5,2,2026-06-30
3244765,1,0,2026-06-25
3244798,2,0,2025-02-15
3244800,2,0,2026-08-27
3244841,3,1,2026-05-27
3244860,1,0,2025-11-06
3244886,3,0,2026-03-16
3244887,2,0,2026-03-09
3244911,1,0,2025-07-02
3244969,1,0,2025-07-01
3244977,4,4,2025-10-02
3244985,1,0,2026-03-20
3244989,2,2,2026-08-19
3244995,1,1,2026-02-10
3244998,2,2,2026-04-13
3245010,3,2,2025-01-22
3245015,1,0,2025-05-03
3245025,1,0,2025-07-17
3245042,1,1,2025-09-09
3245049,1,0,2025-02-18
3245050,1,0,2025-12-01
3245057,1,1,2026-07-22
3245064,2,0,2026-08-24
3245075,1,0,2025-02-11
3245080,1,0,2025-01-25
3245098,9,1,2026-07-24
3245100,3,1,2026-03-06
3245103,6,2,2026-06-25
3245104,2,0,2025-09-09
3245105,14,13,2026-09-01
3245106,2,0,2026-04-20
3245122,2,0,2025-11-06
3245124,1,0,2025-04-08
3245125,1,0,2025-11-06
3245126,3,1,2026-01-09
3245127,2,1,2026-08-07
3245128,2,0,2026-09-08
3245129,1,0,2026-08-16
3245130,1,0,2025-04-08
3245150,3,3,2025-09-02
3245152,6,5,2026-08-31
3245153,3,3,2025-08-28
3245154,3,3,2025-08-28
3245161,1,0,2026-07-24
3245201,5,5,2025-12-29
3245209,1,0,2025-11-03
3245219,2,1,2025-07-30
3245238,1,0,2025-02-18
3245270,2,2,2026-04-10
3245288,1,0,2026-06-09
3245302,1,1,2025-01-02
3245306,1,0,2025-11-17
3245308,1,0,2025-07-30
3245309,4,0,2026-01-28
3245313,2,2,2025-07-30
3245356,1,1,2025-01-29
3245413,3,1,2026-05-28
3245416,1,0,2025-02-11
3245420,1,0,2025-12-24
3245425,4,2,2025-07-31
3245430,5,1,2025-12-10
3245447,2,0,2026-07-20
3245467,1,0,2025-01-08
3245472,1,1,2026-05-27
3245473,3,3,2026-05-27
3245498,4,0,2026-06-26
3245548,6,4,2026-07-16
3245567,1,1,2025-08-11
3245596,3,2,2026-05-28
3245609,1,0,2026-01-02
3245616,1,0,2026-07-23
3245618,1,1,2025-07-31
3245623,1,1,2025-07-31
3245628,1,1,2025-02-22
3245644,2,2,2026-06-03
3245670,1,0,2025-09-16
3245672,1,0,2026-02-09
3245685,2,2,2026-08-19
3245686,1,0,2026-08-27
3245687,1,0,2026-01-20
3245694,1,1,2025-04-12
3245696,1,0,2025-01-29
3245725,1,0,2025-03-21
3245726,5,1,2025-10-22
3245728,1,0,2025-01-29
3245759,1,0,2025-10-17
3245762,1,0,2025-06-04
3245765,2,0,2026-04-16
3245784,1,0,2025-01-08
3245804,7,3,2026-01-12
3245810,2,0,2025-01-29
3245832,1,0,2025-05-02
3245849,1,0,2025-03-31
3245863,1,1,2026-03-30
3245868,2,0,2026-02-27
3245898,1,1,2025-06-26
3245945,1,0,2026-08-26
3245978,2,0,2025-01-21
3245980,3,0,2026-02-02
3245983,19,17,2026-05-14
3246002,1,0,2026-01-26
3246074,2,2,2026-04-08
3246079,1,0,2026-03-03
3246166,3,3,2025-12-10
3246187,4,0,2026-03-25
3246196,1,0,2025-05-06
3246201,1,0,2026-02-10
3246217,2,2,2026-02-26
3246222,5,2,2026-04-15
3246223,1,0,2026-03-17
3246225,1,0,2026-07-29
3246246,2,0,2025-04-15
3246280,1,0,2025-04-17
3246298,5,0,2026-05-04
3246430,4,4,2025-08-20
3246436,3,1,2025-12-18
3246437,1,0,2025-04-01
3246456,1,1,2026-02-02
3246495,4,1,2026-01-06
3246519,5,0,2026-03-18
3246706,6,1,2025-08-08
3246720,1,1,2025-11-17
3246736,1,0,2025-10-17
3246744,1,0,2025-05-30
3246898,1,0,2026-04-20
3246945,12,4,2026-08-28
3246946,4,0,2026-04-20
3246947,2,0,2026-08-12
3246958,2,0,2026-03-18
3246974,1,0,2025-04-23
3246975,1,0,2025-12-05
3246979,1,0,2025-07-31
3246981,1,0,2025-05-30
3247009,1,0,2025-02-13
3247010,1,0,2025-02-13
3247022,1,0,2025-02-12
3247023,2,0,2026-07-31
3247036,1,0,2025-11-14
3247051,6,1,2025-10-10
3247069,2,2,2025-10-02
3247080,6,6,2025-05-01
3247082,2,0,2025-06-28
3247091,3,2,2025-03-28
3247162,1,0,2026-06-25
3247175,2,0,2026-02-25
3247211,2,0,2025-09-08
3247254,1,0,2026-01-21
3247255,2,0,2026-03-18
3247473,6,6,2025-07-08
3247503,1,0,2025-02-24
3247559,2,1,2025-05-27
3247582,2,0,2025-01-23
3247590,3,3,2025-12-09
3247629,7,7,2026-06-05
3247647,3,1,2025-02-24
3247653,1,1,2025-04-24
3247673,1,1,2026-08-10
3247764,2,0,2025-05-02
3247766,1,0,2025-02-12
3247770,1,0,2025-11-26
3247785,1,0,2025-02-11
3247802,1,1,2025-04-28
3247806,1,0,2026-07-01
3247821,1,0,2025-12-31
3247844,5,2,2026-03-31
3247845,3,0,2026-05-13
3247900,1,0,2026-04-01
3247905,2,1,2025-08-22
3247935,5,5,2026-04-15
3247936,3,3,2026-04-22
3247956,3,3,2026-08-20
3247957,2,0,2025-07-22
3247961,1,0,2025-08-06
3247987,1,0,2025-12-11
3248025,16,7,2026-07-07
3248031,1,0,2026-08-20
3248044,2,1,2025-12-10
3248058,1,0,2025-10-03
3248245,1,1,2026-08-10
3248309,1,1,2025-04-21
3248517,3,3,2026-05-07
3248552,1,0,2025-10-27
3248556,2,1,2025-01-28
3248616,1,0,2025-10-14
3248647,1,0,2025-08-20
3248685,1,1,2025-07-28
3248776,4,4,2025-07-09
3248846,1,0,2026-04-13
3248877,1,0,2025-04-25
3248899,1,1,2025-08-06
3248972,1,0,2026-03-05
3248981,3,3,2025-11-06
3249036,1,1,2025-01-15
3249173,2,0,2025-09-19
3249309,1,0,2025-06-05
3249318,1,0,2025-01-03
3249320,1,0,2025-01-03
3249348,3,2,2026-08-04
3249409,1,0,2025-12-23
3249535,1,0,2025-02-11
3249789,3,3,2025-05-12
3249800,1,0,2026-04-29
3249919,1,1,2026-05-02
3250076,5,2,2026-06-03
3250086,1,1,2026-06-04
3250107,1,0,2025-01-31
3250119,1,0,2025-02-13
3250308,2,1,2025-05-22
3250328,1,0,2025-05-19
3250373,1,1,2025-04-17
3250380,6,1,2026-03-11
3250408,3,1,2026-07-24
3250503,2,0,2025-09-23
3250610,2,2,2025-09-15
3250623,5,1,2025-12-31
3250662,2,2,2026-08-06
3250693,3,2,2025-08-13
3250761,1,0,2025-07-01
3250930,5,5,2026-03-13
3251150,3,0,2026-02-24
3251312,11,10,2026-07-30
3251326,1,0,2026-02-06
3251520,2,0,2025-03-19
3251609,4,1,2025-12-19
3251647,2,2,2026-08-07
3251681,2,0,2026-01-23
3251737,1,1,2026-09-03
3251742,2,0,2026-07-30
3251743,2,0,2025-08-28
3251771,3,2,2026-08-03
3251778,1,0,2025-12-22
3251806,1,0,2025-06-20
3251837,1,0,2025-11-10
3251874,1,0,2025-11-28
3251892,1,0,2025-07-01
3251910,2,2,2025-08-18
3251923,1,0,2025-06-11
3251930,2,0,2026-06-22
3251946,1,1,2025-09-23
3251950,1,0,2025-07-21
3252127,1,0,2026-02-11
3252246,1,0,2026-09-08
3252359,2,1,2026-07-28
3252426,2,1,2026-04-29
3252994,7,2,2026-06-25
3252996,7,5,2026-08-06
3253004,1,1,2026-04-02
3253012,6,3,2026-06-09
3253032,2,2,2025-08-05
3253096,1,0,2025-07-08
3253103,1,0,2025-09-12
3253141,2,0,2026-06-11
3253149,2,2,2025-07-01
3253166,12,11,2026-06-03
3253185,1,0,2026-05-22
3253240,1,0,2025-03-18
3253281,4,0,2026-02-19
3253295,1,1,2026-01-06
3253298,1,1,2026-01-13
3253308,1,0,2026-08-12
3253326,1,0,2025-10-31
3253369,1,1,2026-06-03
3253370,1,0,2025-08-12
3253425,1,0,2026-05-29
3253521,3,0,2026-02-11
3253531,2,0,2025-06-10
3253533,4,4,2025-07-24
3253535,1,0,2026-04-08
3253607,1,0,2026-01-13
3253615,4,1,2025-04-03
3253616,1,0,2025-10-16
3253622,3,3,2026-08-25
3253695,1,0,2026-02-17
3253721,1,0,2026-06-01
3253727,1,0,2025-06-05
3253730,1,0,2025-12-10
3253748,3,3,2026-07-23
3253771,2,2,2025-07-21
3253809,2,0,2025-01-29
3253831,4,3,2025-11-23
3253846,2,1,2025-06-26
3253854,2,0,2026-01-13
3253861,1,0,2026-07-09
3253928,6,1,2026-05-27
3253962,6,1,2026-05-06
3253968,3,0,2026-03-17
3253978,3,1,2025-04-29
3254017,7,2,2026-08-12
3254028,1,0,2026-04-14
3254041,4,4,2025-12-15
3254075,6,6,2025-07-14
3254077,6,1,2026-06-05
3254088,1,0,2025-12-04
3254151,3,0,2025-10-01
3254163,2,0,2026-07-14
3254198,1,0,2025-05-19
3254238,5,5,2026-04-30
3254244,1,0,2025-11-20
3254249,1,0,2026-08-26
3254254,1,0,2025-10-14
3254255,5,4,2026-08-20
3254264,2,0,2026-02-25
3254336,1,0,2025-12-18
3254380,3,3,2025-08-01
3254417,1,1,2026-03-23
3254478,2,2,2026-07-14
3254482,3,0,2025-06-13
3254545,24,16,2026-08-31
3254550,1,0,2025-07-25
3254555,2,0,2026-06-10
3254565,1,1,2025-08-07
3254576,1,0,2025-02-04
3254771,2,2,2026-07-29
3254775,4,1,2025-12-11
3255015,4,2,2026-02-06
3255034,4,2,2025-03-29
3255048,1,0,2026-06-29
3255099,5,5,2025-06-04
3255162,3,3,2025-08-05
3255178,6,2,2026-07-20
3255205,19,6,2026-07-07
3255289,1,1,2026-02-24
3255299,5,4,2026-07-29
3255300,2,0,2025-10-24
3255301,3,0,2025-12-06
3255315,1,1,2026-07-29
3255362,1,1,2026-05-18
3255546,3,0,2025-12-21
3255553,2,2,2025-02-04
3255576,1,0,2026-05-07
3255604,1,0,2025-12-20
3255627,7,0,2026-08-10
3255641,2,0,2025-03-19
3255780,1,0,2025-02-18
3255806,2,1,2025-09-03
3255876,1,0,2025-12-26
3255913,2,2,2026-08-31
3256090,5,4,2026-01-08
3256349,1,0,2026-08-05
3256374,1,0,2025-01-04
3256381,1,0,2025-06-17
3256410,2,0,2026-06-11
3256585,1,0,2025-02-06
3256590,1,0,2026-05-26
3256679,1,0,2025-01-25
3256733,3,0,2026-02-19
3256785,1,0,2026-06-09
3256787,1,0,2026-03-17
3256788,3,3,2026-07-10
3256875,1,1,2026-04-08
3256876,6,2,2026-09-02
3256889,1,0,2025-05-13
3256973,2,2,2025-08-19
3257033,9,3,2026-05-18
3257043,1,0,2025-09-27
3257046,2,0,2025-09-25
3257059,2,2,2026-06-11
3257085,1,0,2026-07-06
3257103,2,0,2025-11-03
3258482,3,2,2025-10-16
3258688,2,0,2025-08-14
3258830,1,0,2025-01-15
3258903,2,1,2025-11-25
3258959,2,1,2025-06-11
3259164,1,0,2025-01-10
3259220,2,0,2026-01-14
3259243,2,0,2025-02-14
3259250,2,0,2026-04-15
3259277,1,0,2025-09-23
3259310,4,0,2025-08-19
3259334,3,0,2026-07-30
3259363,2,2,2026-01-07
3259375,5,3,2025-02-27
3259455,4,4,2025-11-21
3259473,4,0,2025-10-07
3259536,1,0,2025-05-31
3259579,1,0,2026-07-08
3259585,2,0,2026-03-23
3259613,6,2,2026-07-15
3259642,2,1,2026-06-16
3259646,2,1,2026-03-15
3259664,3,2,2026-05-20
3319449,1,1,2025-03-14
3319475,10,9,2026-04-15
3319488,4,1,2026-08-19
3319505,8,1,2026-05-28
3319543,3,0,2026-09-03
3319581,1,0,2025-09-16
3319652,1,0,2026-06-01
3319838,1,0,2025-07-14
3319842,1,0,2025-08-13
3319886,6,5,2026-08-31
3320574,1,0,2025-10-22
3320675,1,0,2025-04-08
3320724,2,1,2026-08-13
3320725,3,2,2026-09-08
3320726,2,0,2025-07-18
3320734,3,0,2026-04-29
3320736,5,1,2025-10-01
3320749,2,0,2026-05-26
3320771,1,0,2025-04-29
3320773,1,0,2025-04-29
3320792,1,1,2025-06-21
3320793,2,1,2026-06-09
3320795,1,0,2025-07-22
3320830,2,0,2025-02-26
3320859,1,0,2025-07-17
3320885,2,2,2026-05-15
3320892,1,0,2026-06-15
3320901,1,0,2025-12-04
3320920,3,1,2026-08-10
3320921,1,0,2026-08-10
3320999,1,0,2025-01-08
3321015,3,0,2025-05-19
3321053,1,0,2026-07-10
3321110,1,0,2025-07-07
3321111,1,0,2025-09-26
3321121,1,0,2026-09-03
3321125,1,1,2026-03-23
3321160,3,1,2026-04-22
3321187,1,0,2025-07-09
3321196,1,0,2026-06-15
3321197,1,0,2026-08-27
3321218,3,1,2026-03-20
3321254,1,0,2026-02-13
3321263,1,1,2025-04-01
3321270,5,3,2026-08-24
3321271,11,3,2026-08-24
3321286,3,0,2025-03-29
3321290,5,2,2025-01-16
3321297,2,0,2025-10-06
3321304,1,1,2025-11-02
3321312,1,1,2026-02-05
3321335,1,1,2025-10-06
3321435,1,0,2025-07-01
3321491,4,2,2025-10-09
3321624,1,0,2025-07-09
3321710,1,0,2026-06-08
3321717,2,0,2025-08-19
3321738,1,0,2025-05-28
3321761,1,0,2026-07-09
3321780,14,5,2026-08-11
3321826,1,0,2025-08-19
3321834,14,2,2026-08-12
3321837,1,0,2025-01-08
3321839,1,0,2025-08-27
3321840,2,0,2026-06-08
3321848,5,5,2025-06-25
3321859,1,1,2025-09-19
3321866,1,1,2025-09-23
3321868,1,1,2025-08-20
3321889,1,0,2026-08-12
3321899,2,0,2026-09-10
3321906,1,0,2026-06-02
3321947,1,1,2025-09-17
3321974,2,0,2025-04-08
3321975,2,0,2025-04-08
3321980,1,0,2025-12-20
3321981,1,1,2025-05-02
3321991,4,4,2025-12-06
3321993,1,1,2026-06-11
3322028,2,0,2025-03-21
3322043,2,1,2025-07-10
3322044,1,0,2025-05-17
3322045,1,1,2025-08-28
3322075,1,0,2025-04-24
3322081,2,0,2026-05-13
3322096,3,0,2026-05-13
3322097,1,0,2025-05-15
3322123,1,1,2026-07-06
3322134,3,0,2025-04-24
3322146,1,1,2025-08-18
3322183,1,0,2026-06-15
3322192,4,0,2026-09-02
3322218,2,0,2025-11-19
3322238,2,2,2025-06-12
3322304,6,2,2026-05-08
3322305,1,0,2026-07-16
3322376,2,1,2026-04-10
3322377,1,0,2025-04-08
3322379,1,1,2025-02-10
3322405,1,0,2025-09-15
3322526,1,1,2026-08-18
3322532,1,0,2026-01-05
3322615,1,1,2025-09-09
3322622,1,1,2025-06-05
3322623,4,3,2025-06-02
3322628,1,1,2025-06-09
3322740,3,0,2025-10-17
3322795,2,1,2025-09-25
3322839,1,0,2026-06-12
3322921,3,2,2026-03-23
3322922,8,3,2026-08-03
3322981,7,7,2025-10-16
3323031,2,0,2025-03-26
3323035,2,2,2026-05-27
3323039,1,1,2026-06-01
3323056,3,0,2025-12-02
3323057,1,0,2025-01-11
3323061,1,1,2025-03-19
3323072,7,0,2026-04-13
3323081,4,2,2026-06-02
3323088,1,1,2026-04-06
3323138,1,1,2026-06-14
3323151,2,0,2026-03-23
3323168,2,1,2026-09-02
3323169,4,1,2026-08-06
3323170,1,0,2026-03-24
3323171,3,0,2026-08-06
3323272,2,1,2025-09-25
3323274,2,2,2026-01-05
3323302,2,2,2026-05-04
3323330,1,0,2025-01-29
3323370,4,2,2026-07-29
3323425,1,1,2026-03-30
3323545,2,2,2026-08-26
3323566,1,0,2025-01-29
3323593,1,1,2026-02-10
3323615,1,0,2026-04-30
3323665,2,1,2026-09-09
3323704,3,3,2026-06-11
3323752,3,1,2025-10-13
3323755,2,0,2025-05-16
3323757,4,2,2025-10-13
3323825,1,1,2025-11-10
3323826,4,4,2026-05-05
3323878,5,5,2025-04-01
3323879,2,2,2025-03-15
3323880,1,0,2025-12-19
3323910,1,0,2025-01-29
3323958,1,0,2025-02-17
3323961,3,1,2026-06-25
3323995,1,1,2026-07-30
3324006,1,0,2026-03-30
3324011,5,1,2026-08-10
3324013,1,1,2026-08-03
3324015,3,0,2026-08-25
3324016,2,0,2026-02-24
3324017,1,0,2025-10-30
3324018,1,0,2025-12-29
3324019,1,0,2025-12-29
3324020,1,0,2025-12-15
3324021,3,1,2026-08-03
3324022,1,0,2025-08-13
3324160,3,0,2025-05-12
3324164,8,0,2026-02-18
3324170,2,0,2026-08-26
3324175,1,0,2025-01-02
3324176,4,0,2026-07-07
3324215,3,0,2025-12-11
3324234,1,0,2025-08-01
3324235,2,0,2025-08-01
3324248,3,1,2025-07-14
3324257,1,0,2026-09-02
3324259,4,1,2026-03-10
3324260,1,1,2026-06-05
3324261,1,1,2026-03-19
3324262,2,2,2025-11-25
3324263,2,2,2025-07-14
3324265,1,0,2026-01-14
3324266,2,0,2026-04-22
3324270,1,0,2026-01-14
3324277,1,1,2025-07-24
3324282,1,0,2025-08-13
3324283,3,0,2026-08-10
3324284,3,0,2026-03-02
3324285,2,1,2026-08-25
3324375,1,0,2025-03-14
3324376,1,1,2025-03-19
3324389,2,0,2026-03-05
3324402,1,0,2025-12-30
3324413,5,0,2026-08-07
3324414,3,0,2026-06-17
3324429,4,0,2026-02-19
3324430,3,1,2025-10-20
3324437,1,0,2025-08-20
3324444,6,6,2026-08-10
3324493,2,2,2025-12-30
3324508,1,1,2025-01-06
3324530,3,1,2025-09-10
3324553,1,0,2025-05-28
3324591,1,0,2025-07-29
3324601,1,0,2026-03-20
3324613,2,2,2025-11-03
3324653,2,0,2025-10-17
3324659,2,0,2026-02-21
3324661,3,1,2026-04-14
3324666,2,0,2026-04-13
3324685,1,0,2026-05-21
3324695,1,0,2026-06-19
3324705,1,1,2025-07-24
3324728,2,0,2025-04-24
3324731,1,1,2026-05-06
3324732,2,0,2025-07-10
3324733,1,1,2026-05-06
3324774,1,1,2026-03-23
3324784,1,1,2025-06-06
3324857,1,0,2025-11-28
3324866,1,0,2025-04-19
3324870,1,0,2025-10-17
3324873,3,0,2026-08-13
3324922,3,2,2026-04-27
3324937,4,0,2025-04-17
3324970,3,2,2025-11-05
3324995,1,1,2025-08-13
3324998,1,0,2026-01-13
3324999,3,2,2026-07-30
3325000,3,2,2026-07-30
3325052,1,1,2026-09-09
3325117,1,1,2026-06-11
3325140,1,0,2025-01-08
3325146,1,0,2025-05-15
3325169,3,1,2026-08-20
3325183,3,1,2026-08-17
3325185,2,2,2025-12-05
3325210,1,0,2025-02-21
3325225,1,0,2026-05-11
3325226,2,1,2026-06-01
3325227,1,0,2026-06-01
3325235,1,1,2025-11-24
3325244,5,4,2025-12-01
3325279,3,0,2026-08-04
3325295,11,1,2026-06-11
3325304,4,4,2025-12-24
3325338,1,1,2026-07-16
3325340,1,0,2026-07-01
3325355,1,1,2025-02-13
3325423,1,0,2025-07-08
3325552,2,0,2025-03-14
3325574,7,2,2026-01-04
3325579,1,0,2026-05-07
3325595,2,1,2026-07-20
3325610,1,0,2025-04-07
3325621,2,2,2026-08-27
3325636,1,1,2025-12-03
3325703,7,4,2026-03-20
3325706,1,0,2025-07-11
3325713,3,3,2025-02-11
3325733,5,0,2026-06-05
3325744,2,1,2025-12-30
3325761,4,2,2026-04-15
3325814,4,3,2026-08-25
3325815,7,5,2026-08-25
3325816,3,1,2026-08-13
3325820,5,4,2026-03-13
3325822,2,0,2025-01-09
3325835,7,2,2026-07-27
3325854,1,1,2026-01-23
3325864,2,2,2025-03-12
3325865,1,1,2026-03-20
3325912,5,3,2025-10-31
3325915,1,0,2025-01-02
3325917,2,1,2025-03-16
3325918,1,0,2026-04-30
3325939,10,5,2025-10-06
3325959,13,8,2025-06-02
3325963,5,0,2026-08-07
3325964,5,5,2026-04-17
3325981,6,5,2026-08-26
3326024,1,0,2025-04-04
3326054,2,1,2026-02-10
3326061,1,0,2025-09-25
3326076,3,2,2026-06-01
3326078,2,0,2025-11-19
3326102,1,0,2026-06-08
3326114,1,1,2026-01-28
3326120,1,0,2025-03-17
3326156,3,0,2026-01-06
3326214,14,9,2025-11-17
3326242,3,0,2025-07-29
3326291,1,0,2025-03-31
3326299,3,2,2026-08-10
3326305,1,0,2025-03-31
3326326,3,1,2026-08-10
3326327,2,0,2025-11-07
3326361,4,2,2026-05-12
3326363,7,3,2026-08-17
3326365,1,0,2025-03-21
3326366,1,1,2026-05-06
3326376,11,5,2026-08-11
3326415,1,0,2026-07-10
3326421,4,3,2026-08-11
3326465,2,0,2025-07-25
3326466,2,0,2025-07-25
3326467,3,0,2026-04-16
3326468,2,0,2025-07-25
3326476,1,0,2025-02-28
3326478,3,1,2026-06-16
3326481,1,0,2025-01-02
3326522,2,2,2025-06-07
3326527,1,1,2025-02-11
3326536,1,1,2026-03-04
3326542,1,1,2026-02-27
3326543,1,1,2026-02-04
3326544,1,1,2026-02-04
3326545,1,1,2026-02-26
3326546,1,1,2026-02-26
3326547,1,1,2026-02-04
3326548,1,1,2026-02-26
3326549,1,1,2026-02-26
3326574,1,1,2026-07-28
3326588,2,2,2025-09-16
3326600,1,1,2026-07-28
3326602,3,0,2026-07-03
3326603,7,1,2026-07-15
3326641,6,5,2026-05-29
3326655,3,3,2026-06-24
3326671,4,2,2026-02-08
3326733,3,0,2026-03-05
3326746,1,1,2025-02-11
3326761,2,2,2026-02-10
3326816,1,1,2026-03-23
3326821,6,0,2026-03-06
3326830,1,0,2025-06-25
3326838,3,2,2026-04-29
3326862,2,0,2025-09-15
3326880,1,0,2025-07-07
3326901,6,4,2026-07-08
3326914,3,3,2026-08-14
3326928,1,1,2025-06-03
3326929,1,1,2025-09-05
3326938,4,0,2026-03-18
3326995,3,0,2026-04-03
3327009,1,0,2025-01-17
3327013,1,1,2026-02-27
3327014,1,1,2025-10-01
3327015,2,2,2025-10-01
3327026,2,0,2025-11-13
3327054,1,0,2026-07-15
3327055,3,1,2026-07-15
3327214,2,1,2026-02-18
3327224,1,0,2025-07-14
3327249,4,0,2026-03-30
3327276,1,0,2026-06-15
3327278,1,1,2025-07-31
3327281,1,0,2026-05-21
3327282,1,0,2026-05-21
3327301,2,0,2026-07-08
3327327,2,2,2026-02-10
3327333,2,2,2026-01-28
3327334,1,0,2025-10-15
3327335,1,0,2025-01-06
3327341,2,0,2026-07-16
3327403,1,0,2025-04-05
3327404,1,0,2026-05-06
3327406,2,2,2026-07-08
3327426,2,0,2025-09-26
3327477,4,1,2026-07-31
3327478,2,2,2026-03-13
3327480,1,0,2025-06-23
3327488,2,2,2025-08-19
3327492,2,1,2025-08-14
3327504,1,1,2025-09-03
3327531,1,0,2025-10-31
3327539,3,3,2026-04-21
3327548,1,1,2025-01-02
3327549,2,2,2025-01-02
3327554,1,0,2025-04-08
3327560,1,0,2025-04-22
3327647,1,0,2026-08-12
3327654,2,2,2025-11-21
3327662,8,6,2026-02-09
3327687,1,1,2025-06-07
3327694,3,3,2025-09-16
3327719,1,0,2025-06-03
3327720,2,0,2025-09-03
3327728,2,1,2026-02-18
3327754,1,0,2025-07-09
3327776,6,0,2026-04-20
3327785,1,1,2026-06-12
3327787,2,1,2026-04-23
3327809,1,0,2026-05-11
3327815,1,0,2026-04-20
3327825,1,0,2026-04-16
3327834,5,4,2026-08-08
3327835,3,3,2026-07-21
3327845,3,3,2025-08-21
3327846,1,1,2025-08-14
3327861,1,0,2025-10-02
3327871,2,0,2026-04-28
3327888,1,0,2025-10-01
3327894,5,3,2026-08-26
3327932,1,1,2025-10-21
3327938,4,1,2026-08-25
3327943,13,3,2026-06-07
3327968,1,1,2025-11-06
3327990,1,1,2025-09-12
3328007,1,0,2025-02-19
3328018,2,1,2026-02-18
3328019,1,0,2025-02-10
3328028,1,0,2026-08-06
3328030,1,1,2025-09-26
3328045,1,1,2026-02-27
3328075,2,0,2026-04-23
3328129,3,2,2026-04-07
3328133,5,1,2026-06-24
3328172,1,1,2026-01-20
3328193,6,2,2026-04-03
3328195,1,0,2025-04-03
3328211,7,5,2026-06-03
3328235,6,0,2026-01-21
3328250,4,3,2026-01-22
3328251,3,1,2026-01-29
3328271,2,2,2026-04-23
3328301,1,0,2025-04-18
3328313,4,0,2025-01-29
3328352,4,3,2025-09-17
3328359,1,0,2026-06-29
3328369,5,1,2025-04-23
3328370,2,0,2026-06-11
3328392,7,0,2025-08-24
3328398,1,0,2025-10-09
3328420,1,1,2026-03-18
3328431,3,1,2026-06-04
3328447,2,0,2026-09-03
3328467,1,0,2025-11-05
3328502,1,1,2025-07-10
3328523,2,1,2025-11-25
3328538,22,10,2026-08-07
3328583,8,0,2025-07-01
3328584,8,4,2026-03-11
3328590,3,0,2025-02-11
3328613,2,2,2026-09-03
3328622,3,3,2026-04-30
3328735,2,1,2026-05-15
3328757,2,0,2026-03-17
3328794,1,0,2025-03-14
3328805,1,0,2026-03-16
3328811,1,0,2025-07-07
3328821,1,1,2026-05-26
3328833,1,0,2026-05-19
3328835,4,3,2026-08-07
3328868,16,4,2026-03-26
3328935,1,1,2026-07-24
3328997,1,0,2025-02-25
3328998,1,0,2025-02-25
3329001,3,3,2026-07-14
3329007,1,1,2025-01-06
3329036,1,0,2025-06-24
3329042,1,1,2026-04-15
3329079,1,0,2026-06-02
3329082,2,0,2025-11-21
3329118,2,1,2025-04-23
3329154,2,0,2026-02-26
3329155,3,0,2025-07-01
3329161,1,0,2026-05-07
3329181,2,0,2025-01-28
3329213,1,0,2025-10-10
3329220,1,1,2025-08-27
3329244,1,0,2025-05-28
3329249,3,0,2025-07-10
3329269,1,0,2025-08-03
3329274,2,0,2026-09-03
3329276,1,1,2026-08-19
3329302,2,2,2025-08-06
3329343,2,2,2026-04-15
3329360,1,1,2026-03-23
3329383,2,2,2025-04-22
3329396,2,2,2026-04-23
3329435,2,0,2025-04-30
3329457,3,3,2026-04-13
3329459,2,0,2026-04-20
3329480,8,4,2026-06-03
3329490,8,7,2026-04-07
3329548,3,0,2026-05-13
3329550,1,0,2025-11-07
3329553,1,0,2026-04-01
3329595,3,0,2026-05-21
3329628,1,0,2026-04-20
3329650,4,2,2025-12-09
3329652,2,0,2026-07-16
3329679,2,0,2025-08-25
3329694,1,0,2025-03-04
3329709,5,5,2026-07-15
3329743,1,0,2025-02-25
3329744,1,0,2025-02-25
3329777,3,2,2026-03-12
3329802,2,0,2026-04-20
3329814,1,0,2026-08-31
3329825,2,1,2026-01-16
3329873,2,1,2026-06-04
3329876,4,2,2026-08-19
3329893,2,0,2025-10-01
3329903,1,0,2026-04-20
3329920,1,0,2025-07-01
3329928,7,1,2025-06-04
3329960,6,0,2026-08-10
3329977,5,4,2026-08-12
3329980,4,1,2025-08-21
3330033,6,5,2026-08-28
3330041,5,2,2026-09-03
3330048,2,1,2026-07-21
3330082,2,0,2025-03-28
3330085,2,0,2025-04-02
3330107,5,4,2025-09-19
3330191,7,6,2026-03-20
3330244,1,0,2025-03-14
3330257,1,0,2025-10-29
3330263,1,0,2025-03-04
3330302,2,0,2025-08-12
3330303,1,1,2025-10-14
3330409,1,0,2026-08-13
3330437,2,0,2025-10-12
3330543,3,3,2026-04-27
3330564,1,0,2025-09-08
3330565,6,0,2026-08-21
3330661,1,1,2026-06-11
3330725,5,2,2026-04-30
3330766,1,1,2025-11-28
3330769,1,0,2026-06-18
3330772,2,2,2026-08-17
3330783,1,0,2025-05-28
3330787,1,1,2025-02-17
3330794,8,0,2026-03-20
3330798,1,1,2025-12-19
3330804,4,1,2025-09-04
3330829,1,0,2025-12-19
3330834,4,0,2026-05-08
3330875,1,0,2026-04-20
3330941,2,2,2025-08-19
3331025,5,0,2026-07-08
3331093,1,0,2025-06-09
3331174,1,0,2025-01-08
3331212,6,5,2026-04-22
3331250,1,0,2025-10-17
3331259,1,0,2025-10-02
3331274,9,0,2026-06-18
3331276,7,0,2026-06-18
3331282,3,0,2026-04-14
3331283,6,0,2026-03-27
3331317,4,1,2026-07-09
3331320,3,1,2026-04-21
3331321,6,0,2026-07-30
3331323,1,0,2025-02-25
3331325,1,0,2025-02-25
3331330,1,0,2025-04-17
3331331,1,1,2026-01-23
3331419,1,1,2026-07-13
3331421,1,0,2026-07-13
3331425,4,2,2026-04-30
3331427,1,0,2026-07-21
3331428,2,2,2026-05-28
3331437,1,0,2026-07-14
3331438,1,0,2026-07-21
3331442,1,0,2026-05-14
3331443,1,0,2026-07-14
3331501,2,2,2025-10-14
3331517,2,0,2026-05-05
3331565,2,0,2026-07-08
3331570,1,0,2025-04-14
3331571,11,5,2026-06-02
3331658,2,0,2026-06-25
3331716,1,0,2025-04-24
3331870,1,1,2026-04-14
3331873,2,2,2026-07-13
3331875,2,0,2026-05-12
3332010,1,0,2026-04-20
3332011,2,1,2025-10-14
3332092,3,0,2026-06-16
3332112,1,0,2025-05-09
3332126,8,0,2026-06-16
3332128,8,2,2025-12-04
3332194,2,0,2025-06-04
3332200,1,1,2025-02-06
3332201,1,0,2025-04-14
3332253,1,0,2025-02-05
3332257,4,2,2026-02-25
3332261,2,1,2025-09-11
3332279,2,1,2026-04-09
3332294,7,1,2026-07-28
3332451,3,0,2026-03-09
3332497,6,2,2025-10-07
3332507,6,0,2026-02-08
3332518,8,3,2026-08-26
3332519,1,1,2025-09-15
3332524,1,0,2025-01-14
3332865,7,0,2026-02-03
3332990,8,0,2026-07-14
3333397,2,1,2025-07-29
3333461,1,1,2026-02-18
3334285,1,0,2025-02-25
3334349,2,2,2026-06-25
3334404,1,1,2025-10-12
3334522,10,7,2026-08-28
3334744,1,0,2025-12-04
3334868,2,0,2025-04-14
3334972,1,1,2026-02-12
3334977,4,1,2026-08-21
3334989,2,0,2026-06-18
3334991,1,1,2025-03-12
3335005,4,3,2025-09-16
3335015,2,0,2026-04-20
3335032,1,0,2025-02-28
3335042,1,0,2026-06-22
3335077,2,0,2026-05-21
3335084,3,1,2026-02-11
3335085,1,1,2026-03-12
3335129,3,0,2025-10-10
3335261,2,2,2026-03-17
3335276,1,0,2025-03-26
3335303,1,1,2025-09-17
3335317,6,6,2026-03-05
3335347,1,0,2025-01-13
3335371,1,1,2026-02-06
3335412,1,1,2026-03-24
3335661,1,0,2025-04-22
3335703,2,0,2025-10-24
3335706,1,1,2026-08-12
3335708,1,0,2025-10-20
3335729,12,6,2025-08-07
3335746,1,1,2026-01-20
3335754,2,0,2025-11-19
3335864,3,3,2025-09-18
3335871,1,0,2025-04-08
3335884,2,1,2025-12-09
3335892,1,1,2026-05-01
3335899,12,7,2026-08-31
3335900,14,6,2026-08-18
3335904,7,4,2026-07-27
3335906,2,0,2025-03-21
3335922,1,0,2025-02-25
3335928,10,8,2026-07-10
3335929,1,0,2025-02-05
3335934,1,0,2026-02-24
3335948,2,0,2026-01-12
3335970,3,2,2026-01-13
3336021,3,0,2026-01-20
3336036,7,0,2026-04-06
3336038,1,1,2026-08-24
3336050,1,0,2026-08-16
3336076,2,0,2025-06-10
3336079,1,1,2025-10-02
3336080,1,0,2025-06-10
3336085,3,1,2025-10-02
3336117,5,1,2025-07-19
3336138,2,2,2025-07-15
3336142,1,0,2026-02-18
3336147,2,2,2025-01-22
3336148,6,1,2026-01-27
3336187,1,0,2025-01-08
3336215,6,0,2026-01-16
3336266,1,0,2025-02-11
3336279,4,3,2026-09-01
3336280,3,0,2026-09-01
3336282,2,2,2026-01-09
3336311,1,1,2026-07-17
3336316,12,6,2025-11-10
3336323,1,0,2025-09-03
3336356,3,2,2026-04-16
3336360,2,2,2025-12-05
3336371,1,0,2025-12-05
3336398,2,0,2025-02-21
3336435,2,1,2026-06-13
3336442,3,3,2025-11-25
3336446,1,0,2025-08-19
3336447,1,0,2025-07-01
3336460,1,0,2026-08-26
3336479,1,1,2026-05-08
3336511,2,1,2026-05-20
3336512,2,0,2025-10-27
3336546,1,0,2025-10-09
3336547,6,1,2026-07-16
3336553,1,0,2026-07-31
3336554,1,0,2025-04-08
3336574,1,1,2026-05-01
3336603,4,1,2026-01-07
3336609,3,1,2026-04-24
3336622,1,1,2025-09-26
3336662,1,0,2025-09-15
3336668,2,0,2025-07-01
3336680,1,0,2026-07-08
3336716,1,0,2026-03-12
3336717,5,2,2025-08-02
3336723,1,1,2026-03-11
3336724,4,4,2026-03-11
3336726,1,0,2026-04-06
3336755,1,0,2026-05-11
3336760,2,0,2026-01-16
3336791,1,0,2025-07-01
3336795,1,0,2025-06-17
3336829,1,0,2026-01-12
3336857,2,0,2025-07-01
3336861,3,1,2026-01-08
3336892,1,1,2025-05-05
3336894,1,1,2025-05-05
3336913,1,0,2026-03-16
3337030,2,2,2025-12-29
3337053,3,0,2026-03-31
3337059,4,0,2026-06-12
3337060,1,0,2025-05-02
3337062,3,0,2026-03-27
3337065,2,0,2026-03-27
3337066,2,1,2026-08-04
3337067,2,0,2025-12-29
3337068,1,0,2025-10-15
3337069,2,0,2026-02-24
3337094,2,0,2025-10-01
3337103,2,2,2025-03-10
3337134,5,5,2025-09-10
3337135,1,1,2025-09-15
3337137,3,3,2026-05-29
3337145,1,0,2025-05-28
3337150,1,0,2025-09-24
3337158,6,0,2026-06-12
3337168,3,2,2025-12-04
3337169,1,0,2025-05-28
3337171,1,0,2025-08-15
3337172,2,0,2025-08-15
3337220,4,2,2026-05-12
3337223,1,1,2026-05-04
3337237,1,1,2025-10-10
3337238,3,1,2025-10-10
3337239,1,0,2025-07-01
3337249,7,3,2026-07-28
3337258,1,0,2026-05-19
3337265,2,0,2026-02-24
3337267,4,2,2026-05-15
3337316,1,0,2025-05-28
3337321,4,3,2026-07-20
3337329,1,0,2025-03-12
3337343,1,0,2025-05-20
3337352,14,8,2025-09-02
3337357,3,0,2026-01-28
3337372,1,0,2026-09-02
3337411,1,1,2025-10-14
3337416,5,5,2025-11-10
3337456,1,0,2025-05-28
3337516,4,0,2026-04-09
3337628,4,2,2026-04-27
3337640,2,0,2025-09-29
3337664,1,0,2026-03-23
3337684,1,1,2025-03-10
3337695,1,0,2025-02-27
3337772,8,3,2026-01-23
3337803,2,1,2026-05-20
3337808,2,2,2025-01-23
3337837,2,0,2026-02-06
3337846,1,0,2026-05-04
3337867,6,1,2026-08-28
3337872,4,0,2026-06-23
3337878,3,2,2026-07-31
3337932,3,1,2026-03-18
3337935,4,4,2026-06-15
3337954,1,0,2025-12-04
3337955,3,2,2026-09-04
3337988,2,2,2025-12-12
3338072,5,3,2025-09-09
3338085,1,1,2026-06-24
3338151,2,0,2026-06-24
3338163,1,0,2025-04-08
3338188,13,2,2025-07-07
3338202,1,0,2026-08-11
3338204,2,2,2025-09-16
3338227,3,3,2026-09-09
3338267,2,1,2026-06-04
3338304,3,0,2026-07-28
3338306,5,2,2026-02-09
3338322,11,3,2026-06-23
3338422,1,0,2026-03-24
3338423,5,3,2026-07-31
3338457,1,1,2026-08-11
3338483,4,0,2026-04-07
3338484,1,1,2026-01-05
3338488,2,0,2025-12-15
3338495,2,1,2026-06-03
3338507,5,0,2026-06-15
3338511,4,3,2026-04-21
3338539,2,1,2026-02-19
3338558,1,0,2025-06-12
3338592,1,0,2026-03-13
3338596,1,1,2026-05-06
3338599,2,0,2026-07-07
3338634,5,1,2025-03-19
3338652,1,0,2026-04-15
3338654,1,0,2026-03-17
3338660,1,1,2026-05-21
3338677,1,1,2026-01-28
3338722,7,0,2025-01-08
3338729,1,1,2025-09-29
3338730,1,0,2025-09-16
3338745,2,1,2026-04-23
3338789,1,0,2025-11-20
3338795,1,1,2026-08-31
3338796,1,0,2025-02-25
3338797,1,0,2025-02-25
3338800,1,0,2026-04-06
3338801,1,0,2026-04-10
3338857,1,0,2025-04-24
3338869,3,2,2025-10-02
3338871,1,0,2025-05-17
3338879,2,0,2026-06-29
3338926,1,0,2026-09-02
3338967,1,0,2025-11-06
3338975,1,1,2025-01-07
3338977,1,0,2025-11-24
3338996,9,0,2026-01-20
3339044,8,0,2026-01-22
3339074,9,6,2026-07-20
3339087,3,0,2025-12-10
3339108,1,0,2026-02-02
3339157,1,0,2025-07-11
3339183,8,2,2026-07-23
3339186,5,1,2026-07-01
3339192,2,2,2025-02-28
3339260,4,3,2026-09-04
3339304,1,0,2026-05-11
3339353,35,18,2026-06-12
3339356,2,0,2026-03-29
3339413,3,2,2026-08-05
3339528,1,0,2025-07-01
3339593,1,0,2026-02-11
3339622,1,1,2025-04-23
3339623,1,1,2025-04-23
3339715,2,1,2026-07-22
3339797,8,1,2026-06-22
3339804,2,1,2025-12-05
3339963,1,1,2025-03-07
3339989,2,0,2026-03-09
3340016,1,0,2025-08-20
3340045,2,2,2025-01-31
3340135,6,4,2026-05-19
3340216,2,1,2025-05-12
3340238,1,0,2026-03-30
3340264,2,0,2026-03-11
3340291,1,0,2025-11-14
3340309,1,0,2026-01-30
3340331,2,2,2026-07-14
3340346,1,1,2026-03-26
3340355,2,1,2026-03-25
3340424,2,2,2026-03-04
3340425,1,0,2025-02-14
3340500,1,0,2025-03-24
3340590,1,0,2026-03-24
3340659,4,0,2026-01-30
3340678,2,0,2026-09-08
3340751,1,0,2026-03-12
3340917,9,3,2026-06-22
3340952,1,0,2026-07-20
3340958,1,0,2026-04-29
3341024,1,0,2025-02-25
3341071,2,0,2025-06-25
3341128,2,1,2026-04-09
3341180,1,0,2026-02-18
3341227,1,1,2025-04-18
3341228,2,2,2025-04-18
3341239,2,2,2025-10-29
3341348,1,0,2025-03-10
3341351,1,0,2025-07-01
3341366,1,1,2025-10-22
3341368,1,1,2025-12-20
3341518,1,0,2026-03-06
3341552,1,1,2025-09-29
3341583,2,1,2025-09-23
3341618,4,2,2026-05-15
3341622,9,5,2026-08-04
3341663,1,0,2026-03-30
3341749,1,0,2026-08-19
3341752,3,0,2025-06-14
3341824,4,2,2026-02-13
3341846,13,5,2026-06-02
3341847,4,4,2025-07-28
3341851,8,4,2025-12-21
3341860,3,0,2026-03-03
3341946,24,14,2026-06-29
3341953,1,0,2025-07-31
3341956,1,0,2025-03-07
3341957,1,0,2026-02-18
3341987,5,2,2026-06-04
3342031,13,13,2025-10-08
3342064,2,1,2025-08-01
3342075,1,1,2025-02-05
3342081,3,2,2026-01-06
3342094,1,0,2025-07-01
3342246,2,2,2026-06-11
3342252,6,6,2026-07-15
3342292,1,0,2025-05-28
3342324,9,3,2026-06-30
3342356,12,12,2026-02-18
3342357,1,0,2026-07-31
3342373,1,0,2025-09-26
3342418,1,0,2026-05-05
3342506,3,3,2025-10-22
3342520,1,0,2025-12-29
3342637,1,1,2026-08-11
3342767,1,1,2025-12-23
3342903,2,0,2026-01-21
3343024,1,0,2025-07-16
3343025,2,0,2025-11-03
3343065,2,0,2026-04-09
3343110,1,0,2026-08-13
3343111,1,0,2026-08-13
3343196,3,2,2026-08-13
3343229,1,0,2025-12-23
3343233,1,0,2025-07-01
3343235,4,2,2026-06-24
3343250,11,7,2025-07-17
3343253,9,4,2026-01-21
3343256,4,2,2025-07-17
3343260,14,4,2026-06-24
3343345,1,1,2026-04-24
3343460,1,0,2025-01-28
3343470,2,0,2025-07-03
3343487,14,9,2026-08-13
3343597,1,1,2025-07-17
3343598,1,0,2025-02-25
3343609,1,1,2025-11-24
3343740,4,2,2026-08-05
3343842,1,0,2026-03-13
3343956,1,1,2026-04-24
3344031,1,0,2025-10-08
3344043,4,4,2026-05-22
3344049,1,0,2026-07-13
3344059,2,0,2025-02-25
3344061,1,0,2025-02-25
3344254,1,1,2025-08-01
3344528,2,0,2026-07-20
3344530,2,0,2026-07-22
3344549,1,1,2025-04-29
3344654,1,1,2026-09-03
3344663,2,1,2026-03-05
3344770,1,1,2025-08-29
3344992,2,1,2026-03-12
3344998,1,1,2025-10-27
3345092,1,0,2025-02-05
3345142,4,1,2026-08-31
3345177,3,0,2026-03-02
3345236,2,0,2025-05-28
3345253,1,1,2025-11-28
3345378,1,1,2025-09-22
3345553,1,0,2026-04-07
3345585,1,0,2025-07-03
3345594,1,0,2025-01-23
3345651,2,2,2026-01-20
3345652,6,5,2026-04-20
3345663,4,4,2026-04-27
3345688,1,0,2025-02-25
3345689,2,0,2025-03-04
3345765,7,2,2025-10-31
3345834,8,5,2026-08-24
3345838,7,7,2025-08-21
3346033,1,1,2025-07-02
3346034,1,0,2025-04-08
3346082,3,2,2026-08-26
3346116,1,0,2025-09-11
3346137,1,0,2025-10-21
3346186,2,2,2025-05-16
3346238,1,1,2025-08-08
3346262,1,0,2026-04-01
3346337,1,0,2025-06-13
3346408,1,0,2026-06-18
3346413,2,0,2026-05-13
3346440,1,0,2025-07-07
3346455,1,0,2025-12-02
3346554,2,0,2026-07-28
3346567,1,0,2025-01-06
3346580,1,0,2025-04-22
3346855,2,2,2026-05-01
3346863,6,4,2026-08-17
3346864,7,4,2026-08-18
3346866,4,3,2026-04-27
3346868,8,5,2026-08-17
3346901,1,0,2025-08-19
3347027,1,1,2026-04-06
3347132,1,1,2025-12-08
3347205,2,0,2025-04-23
3347321,2,0,2025-09-29
3347326,10,0,2026-01-23
3347532,2,2,2026-06-25
3347545,1,1,2025-03-15
3347546,1,1,2025-01-21
3347566,1,0,2026-02-26
3347581,1,0,2025-01-29
3347634,1,0,2026-05-08
3347721,1,0,2026-07-22
3347745,1,0,2026-05-08
3347773,1,0,2025-11-25
3347834,2,2,2025-11-06
3348001,1,0,2026-06-12
3348018,1,1,2026-02-28
3348054,1,0,2025-10-09
3348075,1,1,2025-08-19
3348087,3,2,2026-08-19
3348089,1,1,2025-05-30
3348092,2,0,2026-06-22
3348093,3,3,2026-08-12
3348095,2,0,2025-06-16
3348243,1,1,2026-01-02
3348260,1,0,2026-02-05
3348297,1,1,2025-09-09
3348476,1,1,2026-08-20
3348507,1,1,2025-11-12
3348578,1,0,2025-07-31
3348619,3,2,2025-10-29
3348670,1,0,2025-04-08
3348808,3,1,2026-01-16
3348823,3,1,2026-04-29
3348838,2,0,2026-03-27
3348849,1,0,2025-02-07
3348856,2,2,2026-03-20
3348858,1,0,2026-05-21
3348861,1,0,2025-09-19
3348864,1,1,2026-02-18
3348879,2,2,2026-08-13
3348880,1,1,2026-08-03
3348881,1,1,2026-03-27
3348909,1,0,2025-04-08
3348912,1,0,2025-04-08
3348932,1,0,2026-07-27
3348958,3,0,2026-01-30
3349053,1,0,2025-10-02
3349144,2,1,2026-06-01
3349279,6,1,2026-02-17
3349347,2,1,2025-01-06
3349351,1,1,2025-01-03
3349373,6,3,2025-08-07
3349536,2,0,2025-08-01
3349732,3,2,2026-02-02
3349982,3,0,2025-04-01
3350160,1,0,2025-04-08
3350161,1,1,2025-09-24
3350194,1,1,2025-10-30
3350238,1,0,2026-03-02
3350260,1,0,2025-12-05
3350265,1,1,2025-12-05
3350276,1,0,2025-06-24
3350315,1,1,2025-08-07
3350397,1,1,2025-07-08
3350412,3,3,2026-09-02
3350511,1,0,2025-05-15
3351031,1,1,2025-11-21
3351194,1,1,2025-08-14
3352392,1,1,2026-03-20
3352393,1,1,2025-08-17
3352542,1,0,2025-04-22
3352579,4,2,2026-06-11
3352607,1,0,2026-08-17
3352662,2,0,2025-01-07
3352953,1,1,2026-07-18
3353391,1,1,2025-07-21
3353434,1,1,2026-09-01
3353591,1,1,2025-04-15
3354459,1,0,2025-01-06
3354552,2,2,2025-09-02
3355244,1,0,2026-09-03
3357403,1,1,2025-03-18
3357413,1,1,2026-01-29
3357834,3,3,2026-02-03
3357888,4,4,2025-10-06
3358038,1,1,2026-08-12
3358482,2,2,2026-01-07
3358527,1,1,2025-09-18
3358591,1,1,2026-06-26
3358594,1,1,2025-10-17
3358595,1,1,2025-09-19
3358665,1,1,2025-04-23
3358671,1,1,2026-03-06
3359113,1,0,2025-10-02
3359547,1,1,2025-09-02
3359627,2,1,2025-06-26
3359767,1,1,2026-02-05
3359822,1,1,2025-03-06
3360173,5,5,2025-08-11
3360980,1,1,2026-02-20
3362290,1,0,2026-03-19
3362492,1,0,2025-02-25
3363885,1,1,2025-03-07
3365110,1,0,2025-03-18
3365995,3,3,2025-08-05
3366582,1,1,2025-09-17
3366797,1,1,2025-09-22
3366812,1,1,2026-04-29
3367256,1,1,2025-09-19
3367257,1,1,2025-09-19
3367460,3,3,2025-05-15
3367661,1,1,2026-07-01
3367886,1,1,2025-03-27
3368001,1,0,2026-03-16
3368428,6,5,2025-10-15
3368633,1,1,2026-08-12
3369094,1,1,2025-07-07
3369146,1,1,2026-06-17
3369696,1,1,2026-07-16
3370107,1,1,2026-08-24
3371091,1,1,2026-02-10
3371448,1,1,2025-01-29
3371760,1,1,2025-10-06
3371763,1,1,2025-04-15
3372124,1,1,2025-11-10
3373228,1,1,2026-01-27
3373373,1,0,2025-05-12
3374676,1,1,2026-03-16
3374677,1,1,2026-03-16
3375415,1,1,2026-05-06
3377444,3,1,2025-08-13
3377733,1,1,2025-06-20
3378134,4,0,2026-04-09
3378160,13,0,2026-06-26
3378188,1,0,2025-01-07
3378198,1,0,2025-05-29
3378201,2,0,2026-06-29
3378212,3,0,2025-12-01
3378226,1,0,2026-08-06
3378294,1,0,2026-07-01
3378334,1,0,2025-04-08
3378339,1,0,2025-10-31
3378344,3,1,2025-01-02
3378349,3,2,2026-08-12
3378444,2,0,2026-07-16
3378472,1,0,2026-01-29
3378499,3,3,2026-04-27
3378528,1,0,2025-02-25
3378543,1,1,2025-09-18
3378830,3,3,2025-07-18
3378947,5,0,2026-02-20
3378992,5,2,2026-05-07
3378994,3,2,2025-10-10
3379016,2,1,2026-04-28
3379191,1,0,2025-11-03
3379434,1,0,2025-04-02
3379516,2,1,2026-02-04
3379523,1,0,2026-07-28
3379667,1,0,2025-01-30
3379685,1,0,2025-08-12
3379703,1,0,2025-02-25
3379706,3,0,2026-06-01
3379859,1,0,2025-11-22
3379998,1,1,2025-08-08
3380104,1,0,2025-07-01
3380458,2,2,2026-08-01
3380683,2,0,2026-03-02
3380772,8,0,2026-03-31
3381318,1,1,2026-04-08
3381658,1,1,2025-11-09
3382089,3,2,2025-06-03
3382172,1,1,2026-05-22
3383366,1,0,2025-02-25
3383445,1,0,2025-02-25
3383724,2,0,2025-08-05
3384526,1,1,2025-04-04
3384693,1,1,2025-10-15
3384843,1,1,2025-02-20
3384978,14,1,2026-04-24
3385303,3,2,2026-05-12
3385376,1,1,2025-09-10
3385824,1,0,2026-03-26
3386015,1,0,2025-10-01
3386215,1,1,2026-06-20
3387564,1,0,2026-02-08
3387566,4,3,2026-02-13
3387646,1,0,2026-04-23
3387647,1,0,2025-02-25
3387706,1,0,2025-04-08
3387707,1,0,2025-04-08
3387710,1,0,2025-04-08
3387712,1,0,2025-12-11
3387748,3,0,2026-03-31
3387772,1,0,2025-09-11
3387776,1,0,2025-08-25
3387883,2,0,2025-06-12
3387915,3,3,2025-10-09
3387919,1,0,2026-02-19
3387922,1,0,2025-09-30
3387960,4,3,2025-12-29
3387988,1,0,2025-11-03
3387989,2,0,2026-04-08
3387990,1,1,2025-07-08
3388025,1,1,2026-02-24
3388031,3,3,2026-06-26
3388039,4,0,2026-03-18
3388048,1,0,2026-07-09
3388062,2,0,2025-01-08
3388091,1,0,2025-04-08
3388121,1,0,2025-08-06
3388180,1,0,2026-06-16
3388192,8,8,2025-06-13
3388193,4,4,2026-06-12
3388216,2,0,2026-05-04
3388250,1,0,2025-04-08
3388251,1,0,2025-04-08
3388253,1,0,2025-04-08
3388255,1,0,2025-04-08
3388274,1,1,2026-07-12
3388321,1,0,2025-01-21
3388327,10,7,2025-10-02
3388355,1,1,2026-05-01
3388357,2,0,2025-06-04
3388501,3,0,2025-04-14
3388502,4,0,2026-07-08
3388503,1,0,2025-02-25
3388505,3,3,2026-03-02
3388617,2,1,2026-03-27
3388675,1,0,2025-02-27
3388689,3,0,2025-12-02
3388697,1,1,2026-07-02
3388698,7,3,2025-11-14
3388699,2,2,2025-10-31
3388701,6,2,2026-07-27
3388702,9,1,2026-07-31
3388735,1,0,2025-11-03
3388736,2,1,2026-06-17
3388745,1,0,2025-04-08
3388750,2,2,2025-10-07
3388834,3,1,2026-09-01
3388859,1,1,2026-04-13
3388860,1,1,2026-04-13
3388874,1,0,2026-07-31
3388926,1,0,2026-08-13
3388972,2,1,2025-11-02
3389005,1,0,2026-04-20
3389034,5,5,2025-08-04
3389054,1,0,2026-03-10
3389066,1,0,2026-06-25
3389070,1,0,2026-01-05
3389153,2,2,2025-09-29
3389162,2,2,2025-09-05
3389171,5,4,2025-10-10
3389241,2,2,2025-02-11
3389244,2,0,2026-05-04
3389252,1,1,2026-09-01
3389270,1,0,2025-11-17
3389284,3,2,2025-08-14
3389307,1,1,2025-03-24
3389308,1,1,2025-03-15
3389309,1,1,2025-03-15
3389310,1,1,2025-03-15
3389311,1,1,2025-03-25
3389312,1,1,2025-03-15
3389313,1,1,2025-03-25
3389314,1,1,2025-03-15
3389315,1,1,2025-03-25
3389316,1,1,2025-03-25
3389318,1,1,2025-03-15
3389330,1,1,2025-03-15
3389331,1,1,2025-03-15
3389332,1,1,2025-03-15
3389333,1,1,2025-03-15
3389334,1,1,2025-03-15
3389335,1,1,2025-03-15
3389336,1,1,2025-03-15
3389337,1,1,2025-03-15
3389338,1,1,2025-03-15
3389339,1,1,2025-03-15
3389341,1,1,2025-03-15
3389342,1,1,2025-03-15
3389355,1,0,2026-02-03
3389358,1,0,2025-04-08
3389381,3,0,2026-04-14
3389463,3,0,2025-03-27
3389471,2,1,2025-10-10
3389487,1,1,2026-05-15
3389495,1,1,2026-03-30
3389571,1,0,2026-02-24
3389621,1,1,2026-04-30
3389656,1,0,2025-03-08
3389676,1,0,2025-09-29
3389728,1,0,2026-06-11
3389731,2,0,2026-07-20
3389752,3,0,2026-03-03
3389762,2,2,2026-05-28
3389778,1,1,2025-12-03
3389798,2,0,2025-12-03
3389800,1,0,2026-02-06
3389810,3,0,2025-04-09
3389832,4,4,2026-09-10
3389921,5,0,2025-11-12
3389922,2,1,2026-05-28
3389969,1,0,2026-03-24
3389979,1,1,2025-11-14
3390013,1,0,2026-05-26
3390035,1,0,2025-07-29
3390063,3,3,2025-05-16
3390077,7,3,2026-06-02
3390084,6,6,2025-07-23
3390085,2,1,2025-10-30
3390115,1,0,2025-01-30
3390150,1,0,2025-04-29
3390201,1,1,2026-02-06
3390203,1,1,2025-06-28
3390206,2,2,2026-06-17
3390220,2,2,2026-08-10
3390229,2,1,2025-10-16
3390250,1,0,2025-04-08
3390301,1,0,2025-03-29
3390371,1,0,2026-06-18
3390383,4,3,2025-10-02
3390390,1,0,2025-07-01
3390451,1,0,2025-12-11
3390474,1,0,2025-01-06
3390574,1,0,2025-01-02
3390590,2,2,2025-04-25
3390649,1,0,2025-03-11
3390650,1,0,2025-03-11
3390651,1,0,2025-03-11
3390653,1,0,2025-03-12
3390654,1,0,2025-03-13
3390655,1,0,2025-03-13
3390658,1,0,2025-03-12
3390827,1,0,2025-03-15
3390828,1,0,2025-02-25
3390829,1,0,2025-03-12
3390830,1,0,2025-03-12
3390844,1,0,2026-07-23
3390846,1,0,2026-04-13
3390847,2,1,2025-08-11
3390851,3,0,2026-03-02
3390859,1,1,2025-03-12
3390860,1,1,2025-03-13
3390869,1,1,2026-08-19
3390871,1,1,2025-04-07
3390910,1,0,2026-08-11
3390961,1,0,2025-12-04
3390972,1,0,2025-10-20
3391030,1,0,2026-05-12
3391037,1,1,2026-06-09
3391087,1,0,2025-12-02
3391149,1,1,2025-03-13
3391186,1,1,2025-06-02
3391206,1,0,2025-04-05
3391227,1,0,2026-06-10
3391267,2,1,2025-05-23
3391306,3,3,2026-03-31
3391307,3,2,2026-03-31
3391333,1,1,2025-03-13
3391335,1,0,2025-03-12
3391336,1,0,2025-03-12
3391363,1,1,2026-02-24
3391366,1,1,2026-08-03
3391379,2,2,2026-03-27
3391407,1,0,2025-04-08
3391421,1,1,2025-02-14
3391454,1,1,2026-05-19
3391455,1,1,2026-05-19
3391459,1,1,2025-06-18
3391509,1,0,2026-04-14
3391528,4,4,2026-01-30
3391531,1,0,2026-06-25
3391549,3,2,2026-08-25
3391550,2,2,2026-01-06
3391569,4,1,2026-01-12
3391570,3,2,2026-01-13
3391589,1,0,2026-08-06
3391636,4,2,2026-07-31
3391660,7,4,2026-06-08
3391668,1,0,2026-04-28
3391699,1,0,2025-07-07
3391705,1,1,2025-05-07
3391735,7,4,2026-07-08
3391739,1,1,2026-01-29
3391744,1,1,2025-07-21
3391746,1,0,2025-01-30
3391813,1,0,2025-05-02
3391814,1,0,2025-12-22
3391846,1,0,2026-03-30
3391875,1,0,2025-08-04
3391915,1,1,2026-06-03
3391945,3,0,2026-05-27
3391957,1,0,2026-06-26
3391964,1,0,2026-07-08
3391996,1,0,2025-02-11
3392138,1,0,2025-01-18
3392142,1,0,2025-05-23
3392246,1,0,2026-07-23
3392270,1,0,2025-10-09
3392272,1,1,2025-04-05
3392297,3,0,2026-04-30
3392302,1,1,2026-05-05
3392303,3,2,2026-06-04
3392324,1,1,2026-07-29
3392352,1,0,2025-08-27
3392375,1,1,2025-11-06
3392377,1,0,2025-06-10
3392378,3,2,2026-07-02
3392408,1,0,2025-10-29
3392419,1,0,2026-01-12
3392477,9,2,2025-10-01
3392497,1,0,2025-03-20
3392540,2,1,2025-09-04
3392571,1,1,2026-06-10
3392599,1,0,2025-12-02
3392624,1,1,2025-02-27
3392625,1,1,2025-02-27
3392626,1,1,2025-02-27
3392637,2,2,2026-05-06
3392668,1,0,2026-07-02
3392717,2,0,2025-06-26
3392719,3,3,2026-05-28
3392745,1,1,2025-01-23
3392752,1,0,2025-01-29
3392772,1,0,2026-05-21
3392794,2,2,2025-07-26
3392865,3,0,2026-03-24
3392867,1,1,2025-03-13
3392870,2,0,2025-12-02
3392874,1,1,2026-02-24
3392888,4,1,2025-04-11
3392942,2,0,2026-04-28
3392957,1,1,2025-08-28
3392959,4,3,2025-03-13
3392968,1,0,2025-05-05
3392969,2,0,2026-04-20
3392977,1,1,2025-11-24
3393008,2,1,2026-06-12
3393113,2,0,2026-05-11
3393120,1,0,2026-05-04
3393150,1,1,2026-08-07
3393167,4,1,2026-01-23
3393173,1,0,2026-02-26
3393212,1,0,2025-11-25
3393213,1,0,2025-02-07
3393215,1,0,2025-11-05
3393226,14,11,2026-08-14
3393257,1,0,2025-07-23
3393264,3,2,2026-05-21
3393265,1,0,2025-05-06
3393345,1,0,2026-05-05
3393372,1,0,2025-12-11
3393384,1,0,2025-07-30
3393531,1,0,2026-04-01
3393567,1,0,2026-04-02
3393609,4,0,2025-07-18
3393613,1,1,2026-01-12
3393642,9,7,2026-03-30
3393645,1,0,2025-10-02
3393652,10,2,2026-09-03
3393716,1,1,2025-10-03
3393735,3,0,2026-03-27
3393764,1,0,2025-03-20
3393774,2,1,2026-08-14
3393804,2,1,2026-05-14
3393805,8,0,2026-05-08
3393812,1,1,2026-02-24
3393844,1,0,2026-05-01
3393883,2,0,2026-07-09
3393885,2,1,2025-12-16
3393886,1,0,2025-03-08
3393923,1,0,2026-02-26
3393959,2,1,2025-07-24
3393996,1,0,2025-04-17
3394008,1,0,2025-11-18
3394010,4,2,2026-07-28
3394021,3,1,2026-08-26
3394022,2,1,2026-07-24
3394048,1,1,2025-10-14
3394062,1,0,2025-06-16
3394079,1,0,2025-07-10
3394119,2,1,2026-05-07
3394129,1,0,2025-07-01
3394163,3,1,2026-08-26
3394166,2,2,2026-06-11
3394175,9,0,2026-06-12
3394177,1,0,2025-11-03
3394183,2,0,2025-05-28
3394200,4,0,2025-11-10
3394231,1,1,2026-01-08
3394239,1,0,2025-10-06
3394295,5,4,2026-08-31
3394368,2,0,2025-11-12
3394371,2,0,2025-04-08
3394375,1,0,2025-04-08
3394376,1,0,2025-02-11
3394383,5,1,2026-05-15
3394396,1,0,2026-04-15
3394429,1,0,2025-05-13
3394438,6,3,2026-08-20
3394508,1,0,2025-11-19
3394514,2,1,2026-01-08
3394594,1,1,2026-06-22
3394715,1,1,2025-10-16
3394719,1,0,2025-02-03
3394732,9,2,2026-06-12
3394895,1,1,2026-04-17
3394953,3,0,2026-05-01
3394963,2,2,2026-08-06
3394970,1,0,2025-12-02
3394972,1,1,2026-08-28
3394989,1,0,2025-05-16
3395077,8,0,2026-09-03
3395082,1,1,2026-07-15
3395103,1,0,2025-04-02
3395117,1,1,2026-04-27
3395139,1,1,2025-05-13
3395140,8,1,2025-05-13
3395141,5,1,2025-05-13
3395147,1,0,2025-03-03
3395153,7,2,2026-09-04
3395181,2,1,2026-04-08
3395188,1,1,2026-08-18
3395199,1,0,2025-06-21
3395202,1,0,2026-05-07
3395213,1,0,2025-03-24
3395317,1,0,2025-04-08
3395342,5,0,2026-02-08
3395374,1,0,2025-11-03
3395404,1,0,2026-07-09
3395412,1,0,2025-03-20
3395505,2,0,2026-02-25
3395506,1,0,2025-04-08
3395546,1,1,2025-07-22
3395578,4,3,2026-01-20
3395579,1,0,2025-05-24
3395585,2,0,2025-09-16
3395597,2,1,2026-09-01
3395609,1,1,2025-04-18
3395622,3,3,2026-03-03
3395683,4,3,2026-01-21
3395709,1,0,2026-01-02
3395765,1,0,2025-01-08
3395785,1,0,2025-05-28
3395848,2,2,2025-10-22
3395872,5,5,2026-01-27
3395987,1,0,2025-02-06
3395991,3,1,2025-06-11
3396000,11,8,2025-12-04
3396016,7,6,2026-06-03
3396085,2,1,2025-07-23
3396260,1,0,2025-05-30
3396262,1,0,2026-05-15
3396292,2,0,2026-02-24
3396300,1,0,2026-05-06
3396304,1,1,2026-02-09
3396392,2,0,2025-07-23
3396401,1,0,2025-07-01
3396444,1,0,2025-06-04
3396491,2,2,2025-01-14
3396500,1,1,2025-10-01
3396501,2,1,2025-10-01
3396502,1,1,2025-10-01
3396503,2,1,2025-10-01
3396504,1,1,2025-10-01
3396506,1,1,2026-01-09
3396548,1,1,2025-09-26
3396564,6,4,2026-09-02
3396624,2,2,2026-06-12
3396707,6,0,2025-07-08
3396710,7,5,2025-05-08
3396730,1,0,2026-01-21
3396732,3,0,2025-10-02
3396749,1,0,2026-03-17
3396753,1,0,2025-06-02
3396766,1,0,2025-05-02
3396768,2,1,2026-08-03
3396771,1,0,2025-04-08
3396773,2,2,2026-02-19
3396776,1,1,2025-07-31
3396783,2,0,2025-07-18
3396812,1,0,2026-09-01
3396814,4,1,2025-12-02
3396829,2,0,2026-07-29
3396860,1,0,2026-01-21
3396863,5,4,2026-03-05
3396864,5,2,2026-07-27
3396870,1,0,2025-04-08
3396878,1,0,2025-04-08
3396883,2,0,2025-07-30
3396885,8,0,2026-03-16
3396901,2,0,2026-06-17
3396920,1,0,2025-07-29
3396930,1,0,2026-08-07
3396933,1,0,2026-07-16
3396936,1,0,2026-08-02
3396940,2,0,2026-03-04
3396947,2,1,2026-06-03
3396950,2,0,2026-04-16
3396958,1,0,2026-05-15
3396995,2,0,2026-06-01
3397004,6,0,2026-03-27
3397012,3,0,2026-09-01
3397047,4,2,2025-12-26
3397049,1,1,2026-06-19
3397060,1,1,2026-06-15
3397079,1,0,2026-03-26
3397114,1,0,2025-05-07
3397132,1,0,2025-12-16
3397137,1,0,2025-04-02
3397140,1,0,2025-02-18
3397141,2,2,2026-05-07
3397148,3,1,2026-06-01
3397150,2,1,2026-07-24
3397165,2,0,2025-08-04
3397167,3,3,2025-08-01
3397175,1,0,2025-01-08
3397185,4,3,2026-06-05
3397186,2,1,2025-10-28
3397193,1,0,2025-04-08
3397207,1,0,2025-11-14
3397266,1,0,2025-02-11
3397371,1,1,2026-03-13
3397381,2,1,2026-02-11
3397383,4,0,2026-02-05
3397396,1,0,2025-08-05
3397431,1,1,2026-01-28
3397446,1,1,2026-09-04
3397453,1,1,2025-02-10
3397473,3,2,2025-02-20
3397496,2,1,2025-03-13
3397530,2,1,2025-07-22
3397541,10,4,2026-02-25
3397577,1,0,2025-12-18
3397596,3,1,2026-01-30
3397628,1,0,2026-06-26
3397647,2,0,2026-03-19
3397654,1,0,2025-09-24
3397656,1,0,2026-05-01
3397657,1,0,2025-04-08
3397668,1,0,2025-12-17
3397723,1,0,2025-04-30
3397748,1,0,2025-11-05
3397861,1,1,2025-09-22
3397891,1,0,2025-01-27
3397903,6,6,2026-04-22
3397904,2,2,2026-03-12
3397965,1,0,2025-01-17
3397970,1,0,2025-01-17
3397972,1,0,2025-03-19
3398027,3,2,2025-07-24
3398092,5,3,2026-09-08
3398101,1,0,2025-02-11
3398112,1,0,2025-09-16
3398113,1,0,2025-05-08
3398120,5,0,2026-02-27
3398149,3,0,2025-10-21
3398150,1,0,2025-02-27
3398156,2,1,2026-04-02
3398158,1,0,2025-02-19
3398179,1,0,2025-01-11
3398180,1,0,2025-01-04
3398190,1,0,2026-04-07
3398191,1,0,2026-01-07
3398195,1,0,2026-07-29
3398202,2,0,2025-08-13
3398233,5,2,2026-05-20
3398246,3,3,2026-06-02
3398290,8,0,2026-06-11
3398367,1,0,2025-04-21
3398400,2,0,2025-09-17
3398403,1,0,2025-09-11
3398418,2,0,2025-10-31
3398428,1,0,2025-06-14
3398440,1,1,2026-05-06
3398450,4,0,2026-06-16
3398454,5,3,2026-07-24
3398461,3,3,2026-06-30
3398467,3,1,2026-03-09
3398476,3,0,2026-08-18
3398534,3,2,2026-03-13
3398573,5,4,2026-08-07
3398583,1,0,2026-02-10
3398584,1,1,2025-08-13
3398621,1,0,2025-04-22
3398629,1,0,2025-02-25
3398660,1,0,2025-01-29
3398711,1,1,2025-09-25
3398722,2,0,2026-07-02
3398928,1,0,2026-06-03
3398951,5,3,2026-08-18
3399034,1,0,2025-11-12
3399041,4,2,2026-05-30
3399090,5,3,2026-06-29
3399141,1,0,2025-12-29
3399146,1,0,2026-07-30
3399175,3,2,2025-06-12
3399198,1,0,2026-03-24
3399216,1,1,2026-06-02
3399250,1,0,2025-02-26
3399275,3,3,2026-05-08
3399284,2,0,2025-10-31
3399379,1,0,2025-11-17
3399392,1,0,2025-12-03
3399394,1,0,2025-04-01
3399418,2,1,2025-12-02
3399550,2,1,2026-08-10
3399560,2,0,2026-02-09
3399678,2,0,2025-10-06
3399689,1,0,2025-10-09
3399690,2,0,2025-06-06
3399697,1,0,2025-11-20
3399725,1,1,2026-01-23
3399735,5,2,2026-07-30
3399773,1,0,2025-10-01
3399789,1,1,2026-04-25
3399803,1,1,2025-09-29
3399814,3,0,2026-08-18
3399844,1,0,2025-03-27
3399893,1,0,2025-11-18
3399899,1,1,2025-09-10
3399915,1,0,2025-06-11
3399966,2,0,2026-05-20
3399969,6,1,2025-08-13
3400192,1,0,2025-01-04
3400362,3,0,2026-07-31
3400395,1,0,2025-08-21
3400422,14,5,2026-07-01
3400456,1,0,2025-04-15
3400501,1,0,2026-08-11
3400504,1,0,2025-02-20
3400523,2,1,2025-11-14
3400623,2,0,2025-01-07
3400663,1,0,2026-04-17
3400756,1,1,2025-10-19
3400816,6,1,2025-11-21
3400821,1,0,2025-07-29
3400847,1,0,2025-06-11
3400863,1,0,2026-03-09
3400943,1,0,2025-09-08
3401193,2,0,2025-03-05
3401200,7,4,2026-08-27
3401235,4,3,2026-05-27
3401262,1,0,2026-03-20
3401466,4,3,2026-06-26
3401467,1,0,2025-02-25
3401638,2,2,2026-02-25
3401918,3,3,2025-08-14
3402120,1,1,2026-02-09
3402342,1,1,2025-06-23
3402371,3,3,2025-07-10
3402507,1,0,2025-10-30
3402592,3,0,2026-07-23
3402630,1,0,2025-01-25
3402789,3,3,2025-09-17
3402992,1,0,2025-08-08
3403096,1,0,2025-05-20
3403171,1,0,2025-11-05
3403573,1,0,2025-02-11
3403889,6,3,2026-08-31
3404011,1,0,2025-12-15
3404183,4,0,2025-07-17
3405045,1,0,2026-08-05
3405169,2,2,2026-06-22
3405179,1,1,2026-05-24
3405414,2,1,2026-02-04
3405732,1,1,2026-01-08
3405855,1,1,2025-08-07
3406398,3,0,2026-01-16
3406600,4,1,2026-07-13
3406664,2,0,2025-09-18
3407012,1,1,2026-06-25
3407160,2,0,2025-07-23
3407304,2,2,2025-09-03
3407319,4,0,2026-01-23
3407361,9,2,2026-05-21
3407509,2,0,2025-05-01
3407863,1,1,2026-06-17
3408013,1,1,2026-04-29
3408150,1,1,2026-05-29
3408189,1,0,2026-01-23
3408489,1,1,2026-07-28
3408796,1,1,2025-05-28
3409010,2,1,2026-01-02
3409040,1,1,2026-02-20
3410229,1,0,2025-01-29
3410431,1,1,2025-02-13
3411364,1,0,2025-01-18
3411394,1,1,2026-02-19
3411427,1,0,2025-01-17
3411596,1,1,2025-07-23
3412410,4,2,2025-05-13
3412445,1,1,2026-01-12
3412923,1,0,2025-04-08
3412935,1,0,2025-10-30
3412936,1,1,2025-08-22
3412956,1,1,2026-06-05
3413059,2,2,2025-05-16
3413201,1,1,2025-09-03
3413544,2,0,2026-08-24
3413640,3,1,2026-02-10
3413664,2,0,2026-05-15
3413699,4,0,2026-03-05
3413708,2,1,2025-04-18
3413710,3,3,2026-05-28
3413712,3,2,2026-07-25
3413716,3,0,2026-04-08
3413742,2,0,2026-09-08
3413767,4,4,2026-02-26
3413796,3,0,2026-08-06
3413798,2,0,2026-04-15
3413800,3,0,2026-09-01
3413810,4,0,2025-12-05
3413811,1,0,2025-10-02
3413812,3,0,2026-07-29
3413813,2,1,2026-08-10
3413859,1,0,2025-08-04
3413863,1,0,2025-07-10
3413878,7,0,2026-04-01
3413889,1,0,2026-03-19
3413938,2,0,2026-03-16
3413939,1,0,2025-10-22
3413941,1,0,2025-02-03
3413959,1,1,2026-02-26
3413996,6,0,2026-08-10
3414001,4,0,2026-01-04
3414031,4,4,2025-10-17
3414036,1,0,2026-04-14
3414048,3,1,2026-07-01
3414125,2,0,2026-02-10
3414134,4,2,2026-09-08
3414138,1,0,2025-04-08
3414155,2,0,2025-01-03
3414168,3,2,2026-02-26
3414173,5,2,2025-12-24
3414186,1,0,2026-03-16
3414225,1,0,2025-01-29
3414226,5,3,2026-01-13
3414258,2,1,2025-10-30
3414305,3,3,2026-07-18
3414663,1,0,2025-04-08
3414907,1,1,2025-06-17
3415210,1,0,2026-06-11
3415290,1,0,2026-08-11
3415306,1,1,2025-10-06
3415607,1,1,2025-10-06
3415745,2,0,2026-03-06
3415841,1,0,2026-03-31
3415953,2,0,2026-06-04
3416032,1,1,2026-01-02
3416083,2,0,2025-10-24
3416630,4,4,2026-01-06
3416888,8,5,2026-06-07
3416956,3,1,2026-08-21
3417014,1,0,2025-05-22
3417126,1,1,2026-01-16
3417596,2,2,2026-02-17
3418101,2,0,2026-02-06
3418103,1,1,2025-02-22
3418111,5,1,2025-06-18
3418123,1,1,2026-02-24
3418152,1,0,2025-08-05
3418158,2,0,2025-04-01
3418166,4,0,2026-08-06
3418167,14,11,2026-09-10
3418179,4,0,2026-02-17
3418180,3,0,2026-06-25
3418183,3,2,2026-04-20
3418184,1,0,2025-04-08
3418186,1,0,2025-06-10
3418194,1,0,2025-05-21
3418255,1,0,2025-07-07
3418259,4,0,2026-03-12
3418260,2,1,2025-03-10
3418264,1,0,2025-04-03
3418314,1,1,2026-07-21
3418322,1,0,2025-04-08
3418326,1,0,2025-04-11
3418329,1,0,2025-11-06
3418352,4,0,2026-01-28
3418362,3,1,2025-08-29
3418393,3,2,2026-08-03
3418395,2,0,2026-03-17
3418397,10,2,2026-09-09
3418421,3,1,2026-04-16
3418427,2,2,2025-12-03
3418432,1,0,2025-08-13
3418443,2,0,2025-01-30
3418689,1,1,2026-02-09
3419355,1,1,2025-06-23
3420362,2,0,2025-06-06
3420391,1,0,2025-04-08
3420412,2,0,2025-10-15
3420429,3,1,2026-07-31
3420444,1,0,2025-01-29
3420452,2,0,2025-07-24
3420453,6,3,2026-02-12
3420463,2,0,2026-08-19
3420828,1,0,2025-10-25
3421342,1,0,2025-07-08
3421356,4,3,2026-05-29
3421358,12,3,2025-12-01
3421368,5,0,2025-12-19
3421372,3,0,2026-02-17
3421374,1,1,2026-07-24
3421378,2,0,2025-03-11
3421382,1,0,2025-09-15
3421409,2,0,2026-02-18
3421412,1,0,2026-03-08
3421417,1,0,2026-03-13
3421424,2,0,2025-03-24
3421430,1,1,2025-12-29
3421435,2,1,2026-02-13
3421436,9,5,2026-08-03
3421440,1,1,2025-07-25
3421447,2,2,2026-06-05
3421590,2,0,2026-04-13
3421621,6,4,2026-07-20
3421640,2,0,2026-06-04
3421641,8,0,2026-02-05
3421671,10,7,2026-02-22
3421686,6,4,2026-06-23
3421722,3,0,2026-03-13
3421745,2,0,2026-08-13
3421791,2,2,2025-05-03
3421806,7,4,2026-06-04
3421808,1,0,2025-10-27
3421821,9,2,2026-08-11
3421824,1,1,2026-02-02
3421831,2,0,2026-08-17
3421880,5,3,2026-05-08
3421882,2,0,2025-08-04
3421883,13,7,2026-07-06
3421997,2,1,2025-08-13
3421998,2,0,2026-05-08
3422087,5,1,2026-07-17
3422168,1,0,2026-06-10
3422174,7,3,2026-07-22
3422187,1,1,2025-07-08
3422286,1,0,2025-12-01
3422311,3,2,2026-04-24
3422352,5,5,2026-08-14
3422386,3,1,2026-08-18
3422389,1,0,2026-05-21
3422722,2,2,2025-01-04
3422894,3,2,2026-09-09
3422970,2,1,2025-11-13
3423160,1,0,2026-04-14
3423189,3,3,2026-03-11
3423445,1,0,2025-06-10
3423540,2,0,2026-07-25
3423703,1,1,2025-11-14
3423863,1,1,2026-01-29
3423892,1,0,2025-12-11
3423914,2,0,2025-03-19
3423923,1,0,2025-01-29
3423928,5,3,2025-05-28
3423935,1,0,2026-06-24
3423969,1,1,2025-10-22
3423976,1,1,2025-10-03
3424149,1,0,2025-05-09
3424157,2,1,2026-03-06
3424158,3,1,2026-02-13
3424167,1,0,2026-04-27
3424175,1,0,2025-04-08
3424207,4,0,2026-04-08
3424209,2,1,2026-04-15
3424213,1,0,2026-07-10
3424220,1,0,2026-05-09
3424222,5,2,2026-08-20
3424253,2,0,2026-04-22
3424254,2,0,2025-05-06
3424433,1,0,2026-03-27
3424452,5,3,2025-07-31
3424463,1,0,2025-01-29
3424472,1,0,2026-04-30
3424473,2,2,2025-10-23
3424483,1,0,2026-05-28
3424484,4,2,2026-05-05
3424488,1,0,2025-04-08
3424509,1,1,2026-03-30
3424517,1,1,2025-09-10
3424527,5,1,2025-09-13
3424539,1,1,2026-03-25
3424559,4,0,2026-04-03
3424573,4,2,2026-08-11
3424574,1,0,2026-08-19
3424633,5,1,2025-08-06
3424693,5,0,2026-03-30
3424695,2,2,2026-01-29
3424731,2,1,2025-09-18
3424755,2,0,2026-01-22
3424774,1,0,2025-08-19
3424775,1,0,2026-07-01
3424823,4,2,2026-09-09
3424824,1,0,2025-06-04
3424828,1,0,2026-05-19
3424858,1,0,2025-10-20
3424974,1,0,2025-01-29
3424985,1,1,2026-09-08
3424995,1,0,2025-01-06
3425004,2,1,2026-06-17
3425036,1,0,2026-04-22
3425051,6,1,2026-09-04
3425067,2,0,2025-08-20
3425088,2,1,2026-07-17
3425089,1,1,2026-05-07
3425091,1,0,2026-03-19
3425097,1,1,2025-12-21
3425101,5,0,2026-09-04
3425113,1,0,2026-09-04
3425135,7,3,2026-09-04
3425148,1,1,2025-07-03
3425152,1,0,2026-04-02
3425159,2,0,2025-06-21
3425163,2,1,2025-12-03
3425164,6,0,2025-07-08
3425166,2,0,2025-08-18
3425170,1,0,2025-02-28
3425215,1,0,2025-08-19
3425320,1,0,2026-05-04
3425323,1,0,2026-07-15
3425332,1,0,2026-04-07
3425399,2,1,2025-07-21
3425406,1,0,2025-04-08
3425408,2,0,2026-04-27
3425424,1,0,2025-12-11
3425443,4,1,2025-10-30
3425456,1,1,2026-06-22
3425462,4,0,2026-06-30
3425465,1,1,2026-03-26
3425477,1,0,2025-07-07
3425505,2,1,2026-04-30
3425562,2,1,2026-08-19
3425564,1,0,2025-05-16
3425576,10,3,2025-07-01
3425585,1,1,2025-01-21
3425597,2,0,2025-10-29
3425609,3,0,2026-06-17
3425610,1,0,2025-12-10
3425618,1,1,2026-01-05
3425621,1,0,2026-01-23
3425624,7,0,2025-04-01
3425625,2,0,2025-01-08
3425642,1,0,2026-06-08
3425647,3,1,2026-08-06
3425660,2,0,2026-01-28
3425662,5,1,2026-05-07
3425665,6,2,2025-12-20
3425680,1,0,2026-08-10
3425700,1,0,2026-06-05
3425707,4,1,2025-12-30
3425713,3,0,2026-02-08
3425715,2,0,2026-01-29
3425716,1,0,2025-04-03
3425729,2,0,2026-08-06
3425736,2,0,2026-05-04
3425737,4,1,2025-12-22
3425763,1,1,2025-03-07
3425777,5,1,2026-07-20
3425793,4,0,2026-08-04
3425794,4,2,2026-02-17
3425798,1,0,2025-07-31
3425799,6,0,2026-08-25
3425801,7,2,2026-08-20
3425844,11,5,2026-06-26
3425850,1,0,2026-03-13
3425857,1,0,2026-04-20
3425870,2,0,2026-08-10
3425873,1,1,2026-08-06
3425880,1,1,2026-04-07
3425886,4,1,2025-11-19
3425897,2,1,2025-12-19
3425902,6,3,2026-07-23
3425921,1,0,2025-02-25
3425932,2,2,2025-12-08
3425954,2,0,2026-04-30
3425966,4,3,2026-03-27
3425968,3,2,2025-12-31
3425969,1,1,2026-08-04
3425972,1,1,2026-04-06
3425981,1,0,2025-06-23
3425987,1,0,2025-07-15
3425997,1,0,2025-04-08
3426000,2,0,2025-09-19
3426033,4,0,2026-04-02
3426047,1,0,2025-04-08
3426071,5,3,2026-06-25
3426085,1,0,2025-01-29
3426089,1,0,2025-01-02
3426090,1,0,2025-12-10
3426097,2,0,2025-02-13
3426099,2,1,2026-09-08
3426105,2,0,2025-09-02
3426137,2,0,2026-07-02
3426146,6,0,2026-09-08
3426172,2,0,2026-04-14
3426189,3,0,2026-09-08
3426198,14,8,2025-09-04
3426205,4,3,2026-01-30
3426207,3,3,2025-12-22
3426217,8,0,2025-06-20
3426243,5,3,2026-07-04
3426244,2,0,2026-07-31
3426246,1,0,2026-06-16
3426259,1,0,2026-08-26
3426287,7,2,2026-04-20
3426323,3,1,2026-06-02
3426350,1,0,2026-06-12
3426366,1,1,2025-07-08
3426367,2,0,2026-08-31
3426377,1,0,2026-01-08
3426381,1,0,2025-05-29
3426384,8,7,2026-04-20
3426389,1,1,2026-01-29
3426392,1,1,2025-11-19
3426398,1,0,2026-06-08
3426419,1,0,2025-01-17
3426430,3,2,2026-06-12
3426433,1,0,2025-05-04
3426440,2,1,2026-07-31
3426444,2,2,2025-11-21
3426445,7,4,2026-04-08
3426447,1,0,2025-05-30
3426461,13,9,2026-02-20
3426462,14,7,2026-06-30
3426466,1,1,2026-05-19
3426498,3,2,2026-06-22
3426500,4,3,2026-02-20
3426506,1,1,2025-01-10
3426513,2,0,2026-07-30
3426514,3,2,2026-01-14
3426543,5,2,2025-12-05
3426546,8,3,2026-06-11
3426563,1,0,2025-06-20
3426568,8,5,2026-03-10
3426597,1,0,2025-08-14
3426608,1,0,2026-08-08
3426611,1,0,2025-11-03
3426625,1,0,2025-09-10
3426626,2,0,2025-11-12
3426633,1,0,2025-09-23
3426644,1,0,2025-10-09
3426645,2,0,2025-10-25
3426648,3,2,2026-08-03
3426666,1,0,2026-05-27
3426670,1,0,2025-03-08
3426672,2,2,2026-02-13
3426734,1,0,2025-04-10
3426797,4,1,2025-11-28
3426822,2,0,2025-10-02
3426824,1,1,2025-07-16
3426831,5,0,2026-08-20
3426832,7,3,2026-04-23
3426839,1,1,2026-03-16
3426840,2,0,2025-06-21
3426871,4,3,2025-01-20
3426882,2,2,2025-04-09
3426900,2,0,2026-06-01
3426920,1,0,2025-08-19
3426934,5,2,2025-11-19
3426951,1,0,2025-02-25
3426952,1,0,2025-02-25
3426953,1,0,2025-09-18
3427000,1,0,2026-07-27
3427041,1,1,2025-08-01
3427071,1,0,2025-08-01
3427083,1,1,2025-08-01
3427086,1,0,2025-08-11
3427219,1,0,2025-03-04
3427233,1,0,2025-02-22
3427239,1,0,2025-01-24
3427250,3,2,2026-07-28
3427253,1,0,2026-03-09
3427267,4,0,2026-04-20
3427268,2,0,2026-06-01
3427285,1,0,2025-03-19
3427293,1,0,2025-05-28
3427297,3,0,2025-07-08
3427314,2,2,2026-04-06
3427328,2,0,2025-07-01
3427354,1,0,2025-08-14
3427362,3,1,2025-12-02
3427366,2,0,2026-04-02
3427368,1,0,2026-08-18
3427376,3,2,2025-08-11
3427387,1,0,2026-02-06
3427389,1,1,2026-03-11
3427406,1,1,2025-08-26
3427418,1,0,2026-01-18
3427430,1,0,2026-05-18
3427433,4,2,2026-07-29
3427445,2,2,2025-10-29
3427467,4,0,2025-10-08
3427479,4,2,2025-04-24
3427481,1,1,2025-08-16
3427482,1,0,2025-03-31
3427487,3,0,2026-01-15
3427491,1,0,2025-04-15
3427501,16,9,2026-04-30
3427509,12,7,2026-08-31
3427510,9,6,2026-07-06
3427515,4,2,2026-08-20
3427517,19,9,2026-03-11
3427519,22,9,2025-11-06
3427520,1,0,2025-10-08
3427521,1,0,2025-03-12
3427523,2,1,2025-02-28
3427524,9,4,2025-10-24
3427527,1,1,2026-04-23
3427528,1,0,2026-05-12
3427529,2,1,2025-07-21
3428515,1,0,2026-08-10
3428519,1,0,2025-03-31
3428521,3,2,2026-07-01
3428527,8,3,2026-05-29
3428547,2,0,2026-02-27
3428557,3,1,2026-03-17
3428561,7,2,2025-07-11
3428568,2,1,2025-02-12
3428574,3,1,2026-08-07
3428578,8,5,2025-05-19
3428579,6,4,2025-06-06
3428592,11,3,2026-07-29
3428598,1,0,2025-01-23
3428600,10,0,2026-04-07
3428606,1,0,2025-08-04
3428618,4,4,2026-08-20
3428625,1,0,2026-03-17
3428626,2,0,2026-03-26
3428630,3,2,2026-03-05
3428633,11,5,2025-12-22
3428634,1,0,2026-03-20
3428639,6,2,2026-06-07
3428661,3,0,2025-03-15
3428663,5,1,2025-03-15
3428665,2,1,2026-05-05
3428666,1,0,2025-07-25
3428671,2,2,2025-03-10
3428673,8,1,2026-04-11
3428692,1,0,2025-10-06
3428696,13,7,2026-09-03
3428706,1,0,2026-03-11
3428710,12,2,2025-12-10
3428716,2,1,2026-07-29
3428729,3,0,2026-06-08
3428736,2,0,2026-04-14
3428751,10,9,2025-06-10
3428758,4,1,2026-04-20
3428771,3,1,2026-07-20
3428772,3,2,2026-08-10
3428786,1,0,2025-01-03
3428816,2,0,2025-12-03
3428817,3,1,2026-03-09
3428836,4,1,2026-02-24
3428842,2,2,2026-03-03
3428849,1,1,2026-05-14
3428857,28,17,2026-07-01
3428858,13,2,2026-05-26
3428859,2,0,2025-01-29
3428876,1,0,2025-02-05
3428877,1,0,2025-12-03
3428878,2,0,2026-01-07
3428882,1,0,2025-11-04
3428883,2,0,2025-12-26
3428884,3,2,2026-06-05
3428891,2,0,2026-03-18
3428898,1,0,2025-01-15
3428899,2,2,2025-12-23
3428900,1,0,2026-01-20
3428903,10,5,2026-09-03
3428910,2,0,2026-04-06
3428926,1,1,2025-08-16
3428936,26,13,2026-08-11
3428938,2,0,2026-02-12
3428942,1,1,2025-04-30
3428943,3,0,2026-08-22
3428945,7,2,2026-06-17
3428947,1,0,2025-11-03
3428952,1,0,2025-01-14
3428966,1,0,2025-08-07
3429000,3,0,2026-07-13
3429006,2,0,2025-10-06
3429017,2,0,2025-05-28
3429028,1,0,2026-05-19
3429034,3,0,2025-09-03
3429046,3,0,2025-09-12
3429068,7,3,2026-09-03
3429077,2,0,2026-09-03
3429078,16,4,2026-07-29
3429080,1,0,2025-01-06
3429084,2,0,2025-07-05
3429090,6,5,2025-12-21
3429094,1,0,2025-01-06
3429095,1,1,2025-08-20
3429097,5,1,2025-07-02
3429102,4,0,2026-06-03
3429115,2,0,2025-07-01
3429122,3,1,2026-01-04
3429126,1,0,2025-07-25
3429130,1,0,2025-07-14
3429132,1,0,2025-03-19
3429135,1,0,2025-05-13
3429160,4,3,2025-09-07
3429174,1,1,2025-11-14
3429200,2,0,2025-02-12
3429204,1,0,2025-02-06
3429208,1,0,2025-07-01
3429209,1,0,2025-04-12
3429214,1,0,2026-07-07
3429223,6,1,2026-05-06
3429225,15,8,2026-08-19
3429226,12,0,2025-12-21
3429227,2,1,2025-03-26
3429231,5,0,2026-08-27
3429233,1,1,2025-07-09
3429236,2,0,2025-11-13
3429239,1,0,2025-01-30
3429240,1,0,2026-04-17
3429244,14,5,2026-07-28
3429247,1,0,2025-02-14
3429248,2,2,2026-01-21
3429251,2,0,2026-02-27
3429254,2,0,2026-02-02
3429257,1,0,2025-06-04
3429267,1,1,2025-08-19
3429272,3,2,2025-03-18
3429275,8,1,2025-07-19
3429276,22,4,2026-06-17
3429285,1,0,2026-08-08
3429286,6,2,2025-10-12
3429291,5,1,2025-06-04
3429293,9,5,2026-03-18
3429295,4,3,2025-07-19
3429296,1,0,2025-04-24
3429299,2,0,2025-03-19
3429305,1,0,2025-07-07
3429307,1,0,2026-01-27
3429309,10,5,2026-07-06
3429317,3,0,2025-05-10
3429322,22,9,2025-10-31
3429327,1,1,2026-01-28
3429328,1,0,2025-09-15
3429340,5,0,2026-07-23
3429346,9,3,2026-08-24
3429347,2,0,2025-05-24
3429348,4,0,2025-12-20
3429350,1,0,2025-09-08
3429356,3,2,2025-12-19
3429365,2,0,2025-07-19
3429366,2,0,2025-07-19
3429370,1,0,2026-05-20
3429371,16,1,2026-03-09
3429389,1,0,2026-08-03
3429394,7,3,2026-07-29
3429397,8,1,2025-08-28
3429398,6,2,2025-12-19
3429409,5,2,2025-11-04
3429410,12,8,2026-07-06
3429412,13,8,2026-03-14
3429425,1,0,2025-03-27
3429429,1,0,2026-02-27
3429430,2,0,2026-04-28
3429432,13,7,2026-05-21
3429434,3,3,2026-06-26
3429443,3,2,2025-07-15
3429445,6,4,2026-02-01
3429446,3,1,2026-07-21
3429449,1,0,2026-04-16
3429452,3,0,2025-07-19
3429454,2,2,2025-12-26
3429459,1,0,2026-04-16
3429468,23,7,2026-03-20
3429469,1,0,2026-08-10
3429471,1,0,2025-02-03
3429483,1,1,2026-08-11
3429486,1,0,2026-05-26
3429490,5,4,2025-11-24
3429499,1,0,2025-06-03
3429501,1,0,2026-07-07
3429524,3,3,2026-08-01
3429534,1,0,2026-04-06
3429535,1,0,2025-12-29
3429539,5,1,2026-05-20
3429551,1,0,2025-06-17
3429552,2,0,2025-10-29
3429556,2,1,2026-06-14
3429559,17,6,2026-03-02
3429566,1,1,2025-04-05
3429567,13,9,2025-07-14
3429571,1,0,2025-10-10
3429577,1,0,2025-03-31
3429578,1,0,2025-06-26
3429584,19,11,2026-06-07
3429586,2,0,2026-01-08
3429595,1,0,2025-03-04
3429601,2,0,2026-01-17
3429612,3,0,2026-01-23
3429618,11,3,2025-12-30
3429621,6,4,2025-12-24
3429624,2,0,2025-03-11
3429627,1,0,2025-01-30
3429635,1,1,2026-03-20
3429637,16,3,2025-09-15
3429640,1,1,2026-06-11
3429641,3,1,2026-02-16
3429644,1,0,2025-07-08
3429645,13,3,2026-03-11
3429647,1,0,2025-10-28
3429650,1,0,2025-12-16
3429660,12,6,2025-09-25
3429664,1,0,2025-02-04
3429666,6,3,2025-03-17
3429674,1,1,2025-06-25
3429677,1,0,2026-03-30
3429678,2,2,2026-06-14
3429680,3,0,2026-09-09
3429685,3,2,2025-09-20
3429691,3,1,2026-06-09
3429695,1,0,2026-07-28
3429697,14,8,2025-12-21
3429699,2,1,2025-03-10
3429717,1,0,2025-03-31
3429718,2,0,2026-08-29
3429719,3,1,2025-01-09
3429723,3,2,2026-01-05
3429724,17,5,2026-08-13
3429725,4,2,2025-10-04
3429727,11,8,2026-03-11
3429732,1,0,2025-04-08
3429733,7,0,2025-04-04
3429741,13,4,2026-02-13
3429744,4,0,2026-06-07
3429748,1,0,2025-01-19
3429750,1,0,2025-09-13
3429754,9,6,2026-02-09
3429760,4,0,2026-08-18
3429763,3,2,2026-07-27
3429766,24,8,2026-06-15
3429768,1,0,2025-05-28
3429769,2,0,2025-08-25
3429772,1,0,2026-03-09
3429777,1,0,2025-11-17
3429780,2,0,2025-08-25
3429781,33,15,2026-08-21
3429782,1,0,2025-12-04
3429784,19,9,2026-02-08
3429791,13,4,2026-08-12
3429793,4,1,2025-10-23
3429794,4,0,2026-03-27
3429795,2,1,2025-10-12
3429805,1,1,2025-08-07
3429806,4,2,2025-07-03
3429810,5,2,2026-05-20
3429813,8,1,2025-12-20
3429814,3,0,2025-08-09
3429818,2,0,2025-04-01
3429822,1,0,2025-03-17
3429824,2,0,2025-12-15
3429826,5,1,2026-07-29
3429827,12,0,2025-12-20
3429831,1,0,2025-01-14
3429832,2,0,2026-07-31
3429839,1,0,2026-07-28
3429848,6,2,2026-07-06
3429849,1,0,2026-03-18
3429851,2,0,2025-03-12
3429852,3,0,2026-06-02
3429853,9,6,2026-06-23
3429854,5,0,2026-09-08
3429855,3,0,2026-07-10
3429859,7,3,2025-10-03
3429863,3,0,2025-08-15
3429864,1,0,2026-05-09
3429866,1,0,2025-10-31
3429867,11,4,2026-04-07
3429869,1,0,2025-05-08
3429872,1,0,2025-05-22
3429873,20,6,2025-12-19
3429879,3,2,2025-08-14
3429880,3,2,2026-03-20
3429881,3,3,2026-03-17
3429882,2,0,2026-07-15
3429883,16,11,2026-06-08
3429884,8,2,2026-01-14
3429886,1,0,2025-03-06
3429893,1,0,2025-04-03
3429897,5,2,2026-03-09
3429898,2,0,2026-01-14
3429900,3,0,2026-08-05
3429902,2,0,2026-01-16
3429903,2,0,2026-01-30
3429909,2,0,2026-03-13
3429910,1,0,2026-03-13
3429914,11,1,2026-04-21
3429916,3,0,2025-09-07
3429917,1,0,2025-04-16
3429918,2,1,2026-05-11
3429921,1,0,2025-04-19
3429923,5,3,2026-07-07
3429924,4,0,2025-10-18
3429925,1,0,2026-04-08
3429927,5,1,2025-12-11
3429930,9,4,2026-06-07
3429932,5,0,2025-08-09
3429933,2,0,2025-05-27
3429946,1,1,2025-12-01
3429947,1,0,2025-08-28
3429948,5,1,2026-08-10
3429952,14,8,2026-04-10
3429954,3,0,2025-06-23
3429956,10,4,2026-01-27
3429960,3,0,2025-05-22
3429961,1,0,2026-05-20
3429962,2,0,2026-05-20
3429970,2,0,2025-05-05
3429971,1,0,2026-03-20
3429981,3,1,2026-01-19
3429982,4,2,2026-07-15
3429987,2,0,2026-02-01
3429990,1,0,2025-08-27
3429991,11,1,2025-06-10
3429992,3,0,2026-02-22
3429993,2,0,2026-03-26
3429996,14,9,2026-05-09
3429999,13,4,2026-01-12
3430001,5,3,2025-10-10
3430003,1,1,2025-12-05
3430009,8,1,2026-07-20
3430012,5,2,2026-03-19
3430013,14,7,2026-08-12
3430014,4,1,2026-07-23
3430016,2,2,2025-11-13
3430019,17,12,2026-08-12
3430023,11,6,2026-08-05
3430025,3,3,2025-03-25
3430026,2,1,2025-03-13
3430032,1,0,2025-01-06
3430033,4,2,2025-06-07
3430036,1,0,2025-10-09
3430045,1,1,2025-01-10
3430055,1,1,2026-06-17
3430061,10,6,2026-01-20
3430062,2,2,2025-12-15
3430064,1,0,2025-06-09
3430067,1,1,2026-03-09
3430070,2,1,2025-07-09
3430075,6,2,2026-01-14
3430076,8,5,2026-08-16
3430077,6,4,2025-07-15
3430081,15,2,2026-05-15
3430082,6,5,2025-09-22
3430083,8,2,2026-09-03
3430085,19,11,2026-09-01
3430088,3,0,2026-06-04
3430092,1,0,2025-03-26
3430094,1,1,2026-07-10
3430096,7,0,2025-12-11
3430103,23,18,2026-07-07
3430104,1,0,2025-07-24
3430105,2,1,2026-08-27
3430106,1,1,2026-08-10
3430107,1,0,2025-07-26
3430112,3,1,2026-04-30
3430115,2,2,2026-04-24
3430116,2,2,2026-04-24
3430119,2,2,2026-04-24
3430120,2,2,2026-04-24
3430122,4,1,2026-09-03
3430123,1,0,2025-01-21
3430126,7,2,2026-07-18
3430128,5,5,2026-08-12
3430130,5,5,2026-04-16
3430131,12,6,2025-07-14
3430133,1,1,2026-04-08
3430142,1,0,2026-02-22
3430143,1,0,2025-02-28
3430144,10,2,2025-12-15
3430145,2,1,2026-02-27
3430149,2,0,2026-02-07
3430153,1,1,2025-03-31
3430154,4,1,2025-08-05
3430158,2,0,2026-05-11
3430160,3,1,2025-09-13
3430169,3,3,2026-07-03
3430170,3,3,2026-07-03
3430171,4,2,2025-03-04
3430175,14,8,2026-06-08
3430184,2,1,2026-01-19
3430185,7,3,2026-06-14
3430187,4,1,2026-05-20
3430189,1,1,2025-07-24
3430192,2,1,2026-09-08
3430193,5,5,2026-09-08
3430194,5,3,2026-09-08
3430195,2,1,2026-09-08
3430197,1,0,2025-01-22
3430199,24,11,2026-05-20
3430200,2,1,2025-04-22
3430202,29,16,2026-07-08
3430203,6,3,2026-06-23
3430206,5,2,2025-09-16
3430207,22,14,2026-01-28
3430208,10,4,2026-06-07
3430217,3,0,2026-06-12
3430221,1,0,2025-05-21
3430224,2,1,2025-12-29
3430225,7,5,2026-07-22
3430230,9,6,2026-08-05
3430231,1,1,2026-07-06
3430237,12,5,2026-07-20
3430252,2,1,2026-05-21
3430255,19,9,2026-08-24
3430256,17,10,2026-03-11
3430258,1,0,2026-03-12
3430268,3,3,2026-06-11
3430273,28,21,2026-08-17
3430274,4,0,2026-05-09
3430275,3,2,2026-07-01
3430284,4,1,2026-06-28
3430287,2,0,2026-06-18
3430288,1,0,2025-01-10
3430290,1,1,2026-09-10
3430294,14,7,2026-09-02
3430295,1,0,2025-04-29
3430296,1,0,2025-04-29
3430297,15,5,2026-03-31
3430302,2,0,2025-06-03
3430304,12,9,2026-09-08
3430305,3,1,2025-08-18
3430308,7,2,2025-10-20
3430309,3,1,2026-02-27
3430315,8,2,2026-08-27
3430328,20,6,2025-10-11
3430329,1,1,2026-07-09
3430338,3,0,2025-07-19
3430350,9,7,2026-04-21
3430352,4,3,2026-09-09
3430353,8,3,2026-01-24
3430356,2,0,2025-01-07
3430357,2,0,2026-08-29
3430358,1,1,2026-08-29
3430359,5,4,2026-07-15
3430362,17,8,2026-08-24
3430366,3,0,2025-12-03
3430367,3,1,2025-09-04
3430374,1,1,2025-09-19
3430375,13,11,2026-01-30
3430377,4,2,2026-07-31
3430389,1,0,2026-02-11
3430392,1,1,2025-05-19
3430398,2,0,2025-09-04
3430399,2,1,2026-04-24
3430407,3,1,2025-02-28
3430409,6,2,2025-11-24
3430411,4,1,2026-08-27
3430417,4,0,2026-05-29
3430419,10,9,2026-07-22
3430426,1,0,2026-07-15
3430427,1,1,2026-02-08
3430428,4,2,2025-04-15
3430429,3,1,2025-05-13
3430431,1,1,2025-03-29
3430443,2,0,2026-04-06
3430444,5,0,2025-07-09
3430446,9,2,2025-12-21
3430457,3,1,2026-07-01
3430459,17,10,2026-06-11
3430465,1,0,2025-01-09
3430472,2,2,2026-05-19
3430473,7,3,2026-01-29
3430474,1,0,2026-08-04
3430476,14,6,2026-04-21
3430477,1,0,2026-01-24
3430478,3,0,2025-08-16
3430479,18,4,2026-06-14
3430480,8,6,2025-06-02
3430484,1,0,2025-05-08
3430487,3,0,2025-12-21
3430496,2,0,2026-07-21
3430497,2,0,2026-02-24
3430499,1,0,2025-12-20
3430506,1,0,2025-05-16
3430508,1,0,2026-04-23
3430509,1,0,2026-07-22
3430515,6,2,2025-08-15
3430518,2,2,2026-06-11
3430519,1,0,2025-06-19
3430520,7,2,2026-06-07
3430521,12,7,2026-06-12
3430527,1,0,2025-07-15
3430530,3,3,2025-08-22
3430531,4,1,2026-06-14
3430536,2,2,2025-11-18
3430538,1,1,2026-08-11
3430542,1,0,2026-05-06
3430549,3,1,2026-08-03
3430550,1,1,2026-04-08
3430551,1,0,2026-03-26
3430557,2,1,2026-08-21
3430559,1,0,2025-04-28
3430563,1,0,2025-01-02
3430568,8,6,2026-06-24
3430570,1,0,2026-04-07
3430573,2,1,2025-05-09
3430574,7,1,2025-08-30
3430578,1,0,2026-09-01
3430579,1,0,2025-09-15
3430597,1,0,2025-07-01
3430602,7,6,2026-03-18
3430603,1,0,2026-07-08
3430604,1,0,2026-06-29
3430605,3,0,2026-04-06
3430606,8,1,2026-08-03
3430611,1,1,2026-07-14
3430621,2,0,2026-09-02
3430630,5,3,2026-08-12
3430631,1,1,2025-09-11
3430633,4,2,2026-09-03
3430638,1,1,2026-09-09
3800451,1,0,2025-12-23
3800496,3,1,2026-02-14
3801150,1,0,2025-11-28
3801191,1,1,2026-08-25
3801818,2,0,2026-04-27
3802481,2,2,2025-07-02
3802625,3,1,2026-04-07
3802758,2,1,2025-03-16
3803190,1,1,2026-07-24
3803347,2,1,2026-05-06
3803644,5,2,2026-07-31
3804002,2,0,2026-05-14
3804015,4,1,2026-02-12
3805163,5,1,2026-05-29
3805164,3,0,2025-05-19
3805771,14,7,2026-08-27
3806155,5,1,2026-06-11
3806422,1,0,2025-10-06
3806900,2,1,2025-11-13
3807350,1,0,2025-02-11
3807355,1,0,2025-01-04
3807484,5,2,2025-09-03
3807698,2,0,2026-01-16
3808142,2,2,2026-03-04
3808389,12,5,2026-07-15
3809077,3,1,2026-05-13
3810112,1,1,2025-04-04
3810450,3,0,2025-12-05
3810768,2,1,2025-06-30
3810885,2,2,2026-01-14
3810972,2,2,2026-09-09
3811137,6,3,2026-08-05
3811213,3,0,2025-01-07
3811451,1,1,2025-10-27
3811825,3,0,2025-08-12
3812203,1,0,2026-03-12
3812441,1,0,2025-11-20
3814094,4,1,2026-06-14
3814190,3,2,2026-06-25
3814808,2,0,2026-01-06
3815413,4,0,2026-05-29
3816081,1,0,2025-07-11
3816432,2,0,2026-01-21
3816877,2,1,2026-05-27
3816921,1,1,2025-10-08
3817430,7,0,2026-05-21
3817595,1,0,2025-12-19
3817658,3,0,2025-06-05
3817795,7,2,2026-03-03
3818635,1,0,2026-02-24
3818776,1,0,2025-05-01
3819084,5,3,2025-12-18
3819308,1,1,2025-03-03
3819458,1,0,2026-08-10
3819463,1,0,2025-03-20
3819902,3,1,2025-10-02
3820122,1,0,2025-07-02
3820945,1,1,2026-04-10
3821835,3,0,2026-07-03
3822191,5,2,2026-08-06
3822638,2,0,2026-07-02
3822715,1,0,2025-12-30
3823488,1,0,2025-04-23
3823678,1,0,2025-10-09
3823844,2,1,2025-04-18
3823969,13,3,2026-08-07
3824141,2,0,2026-04-14
3824728,1,0,2025-08-21
3825085,3,1,2025-10-04
3825612,2,0,2025-08-01
3825916,1,0,2026-08-19
3826679,3,2,2026-02-27
3827291,1,0,2026-06-05
3827296,4,0,2026-03-24
3827301,2,1,2026-06-16
3827528,4,3,2025-10-07
3827710,4,0,2025-03-26
3828485,2,2,2025-09-02
3828697,1,1,2025-12-11
3828750,3,0,2026-01-30
3829361,5,3,2025-10-08
3829950,3,0,2025-10-24
3830432,1,0,2026-03-19
3830521,6,1,2026-08-28
3830616,1,1,2026-04-02
3831010,1,0,2026-02-24
3831023,8,8,2026-03-03
3831411,3,2,2025-12-31
3832181,1,0,2026-04-29
3833536,6,4,2026-06-23
3833616,1,0,2026-07-21
3833650,2,0,2026-01-23
3835069,1,1,2026-03-05
3835116,2,1,2025-08-14
3836936,1,0,2025-02-24
3837464,2,0,2026-04-23
3839620,5,1,2025-09-26
3840114,2,1,2026-01-07
3841235,2,0,2025-11-20
3841278,2,2,2026-05-06
3842085,3,1,2026-03-09
3843826,3,3,2026-06-12
3843983,1,0,2026-01-27
3844416,1,0,2025-03-31
3848215,1,1,2025-03-24
3848533,4,3,2026-02-17
3849600,2,2,2026-01-07
3849662,1,0,2026-06-11
3850439,1,0,2025-05-20
3850595,1,0,2025-08-24
3851131,2,2,2026-03-12
3851425,2,0,2025-06-06
3851620,2,0,2026-09-03
3851720,2,2,2026-08-14
3853823,38,15,2026-06-22
3853886,3,0,2025-05-19
3855199,1,0,2025-02-04
3855720,1,1,2026-03-18
3855779,3,0,2025-09-16
3855925,9,0,2026-08-10
3856218,9,2,2026-07-30
3856592,2,0,2026-07-14
3856623,1,0,2025-02-03
3857557,2,1,2025-03-13
3857558,2,1,2025-03-13
3857559,2,1,2025-03-13
3860516,2,0,2026-04-02
3860778,2,1,2026-04-20
3860895,1,0,2025-07-08
3861119,1,0,2025-10-31
3861295,1,0,2025-01-29
3861311,1,0,2025-01-29
3861313,4,1,2026-03-09
3861315,2,0,2026-03-09
3861342,1,0,2025-10-21
3861633,1,1,2025-05-29
3861648,2,0,2025-05-02
3861723,1,0,2025-12-01
3861736,3,1,2026-04-24
3861962,3,0,2025-05-24
3862003,3,3,2025-09-03
3862006,1,1,2025-09-03
3862018,2,1,2025-08-08
4000024,1,0,2025-05-28
4000028,2,2,2026-08-03
4000031,2,1,2025-11-03
4000042,2,2,2026-05-18
4000051,1,0,2026-08-25
4000065,1,1,2025-09-04
4000084,1,0,2026-07-14
4000091,1,0,2025-10-03
4000118,4,0,2025-12-12
4000149,1,0,2026-02-04
4000150,3,0,2026-06-01
4000210,2,0,2026-05-21
4000237,2,0,2025-05-28
4000247,2,0,2025-02-26
4000250,1,0,2025-04-08
4000260,1,0,2025-05-10
4000270,3,3,2026-06-09
4000276,2,2,2025-09-09
4000277,3,3,2025-10-10
4000306,3,1,2026-03-20
4000315,1,0,2025-05-01
4000320,1,1,2025-05-02
4000345,1,0,2026-05-14
4000361,1,0,2025-12-04
4000411,1,1,2026-06-14
4000445,2,1,2026-09-08
4000460,4,1,2025-04-28
4000468,3,3,2026-09-01
4000518,1,0,2025-05-28
4000520,3,0,2025-01-06
4000526,3,1,2026-01-12
4000530,1,0,2025-05-02
4000539,1,0,2025-10-27
4000542,2,2,2026-07-15
4000543,1,0,2025-11-06
4000549,8,8,2026-09-08
4000554,1,1,2026-08-24
4000588,2,2,2026-01-09
4000600,2,0,2026-04-30
4000618,1,0,2025-06-14
4000620,4,1,2025-06-14
4000634,1,0,2025-05-28
4000646,3,3,2025-05-02
4000658,1,0,2025-02-11
4000665,5,2,2026-09-01
4000679,3,0,2025-03-10
4000691,1,0,2025-07-07
4000697,1,0,2026-02-11
4000699,1,0,2026-02-11
4000728,2,1,2026-07-01
4000744,2,0,2026-07-09
4000751,7,3,2025-09-05
4000753,1,0,2026-07-08
4000822,1,0,2025-04-28
4000823,1,0,2025-05-28
4000857,1,0,2026-02-25
4000949,1,0,2026-02-25
4000972,2,0,2026-07-14
4000979,1,0,2025-04-23
4000983,2,0,2025-06-03
4001129,4,1,2026-03-06
4001141,1,0,2025-11-25
4001145,1,0,2025-05-01
4001155,1,0,2025-07-28
4001156,1,0,2025-07-28
4001163,3,1,2026-05-21
4001168,2,1,2025-07-01
4001194,1,0,2026-02-26
4001247,1,0,2025-02-07
4001280,1,0,2026-03-03
4001282,2,1,2025-05-01
4001289,5,1,2026-06-11
4001291,1,0,2025-01-29
4001293,1,1,2025-05-01
4001294,2,0,2025-11-19
4001307,1,1,2026-08-18
4001320,2,0,2025-09-17
4001387,2,0,2025-08-19
4001389,2,1,2025-09-26
4001408,1,1,2025-04-23
4001409,3,0,2025-12-22
4001542,1,0,2026-04-10
4001556,2,0,2025-12-10
4001735,2,2,2025-05-05
4001747,6,3,2026-07-15
4001749,2,0,2026-09-03
4001778,1,1,2025-05-07
4001900,1,0,2025-01-13
4001902,1,0,2025-03-19
4001904,2,0,2025-01-10
4001930,1,1,2025-09-09
4001933,2,1,2025-05-05
4001937,1,1,2025-08-27
4001945,1,0,2025-01-29
4001952,1,1,2025-05-05
4001966,3,0,2025-05-05
4001971,10,0,2026-09-02
4002004,1,0,2026-06-28
4002006,11,7,2026-06-10
4002036,4,3,2025-10-15
4002037,4,1,2026-07-15
4002132,2,0,2025-11-12
4002244,1,0,2026-05-08
4002366,1,0,2025-02-25
4002387,4,0,2026-07-16
4002406,1,0,2025-05-06
4002418,1,0,2026-02-11
4002479,1,0,2025-12-11
4002480,2,0,2025-11-12
4002498,3,3,2025-08-05
4002547,2,1,2026-06-18
4002584,4,1,2025-12-03
4002596,2,0,2026-08-05
4002601,1,0,2025-06-10
4002602,1,0,2025-06-10
4002622,5,5,2026-08-06
4002626,2,2,2026-07-22
4002629,1,0,2025-05-28
4002630,1,1,2026-06-05
4002631,1,0,2025-05-28
4002634,3,0,2025-08-04
4002640,1,0,2026-09-04
4002690,3,2,2025-05-07
4002692,9,3,2026-01-02
4002706,2,0,2025-05-07
4002753,3,2,2026-09-04
4002754,1,0,2026-08-27
4002772,4,3,2026-01-07
4002806,1,1,2025-05-06
4002845,1,0,2025-01-02
4002853,1,0,2025-09-04
4002859,2,0,2025-10-17
4002866,2,2,2026-05-26
4002911,2,0,2025-10-28
4002915,7,0,2026-07-17
4002923,1,0,2025-01-29
4002926,3,1,2026-02-09
4002933,1,1,2025-02-17
4002957,1,0,2026-04-27
4003105,3,2,2025-01-06
4003108,1,0,2025-02-13
4003110,1,0,2025-10-28
4003125,1,0,2025-07-01
4003128,2,0,2025-07-01
4003134,1,0,2026-02-10
4003139,13,1,2025-06-11
4003141,1,0,2025-05-06
4003164,3,0,2025-05-06
4003167,3,1,2025-03-04
4003170,2,0,2025-06-18
4003179,1,0,2026-02-18
4003259,5,0,2026-07-17
4003296,1,1,2025-06-03
4003393,1,0,2025-12-09
4003410,1,1,2025-01-25
4003435,1,0,2026-02-10
4003437,4,4,2026-08-06
4003439,3,0,2025-07-01
4003441,1,0,2025-07-21
4003442,1,0,2026-07-13
4003444,6,2,2026-04-30
4003446,3,0,2025-07-29
4003471,3,3,2025-12-09
4003492,2,0,2026-02-13
4003516,1,0,2025-04-08
4003517,3,0,2026-07-15
4003518,5,5,2026-02-02
4003531,1,0,2026-02-10
4003533,1,0,2026-01-30
4003534,1,0,2025-09-11
4003540,4,0,2026-07-15
4003551,1,1,2025-10-22
4003568,2,2,2026-06-07
4003650,1,0,2026-07-16
4003658,1,0,2026-01-16
4003668,7,3,2026-09-10
4003701,1,0,2025-05-28
4003705,1,0,2025-10-17
4003706,1,1,2026-02-04
4003714,1,0,2025-04-09
4003749,2,1,2025-08-19
4003819,2,2,2026-06-29
4003829,1,0,2025-02-11
4003832,3,1,2026-09-01
4003850,3,2,2026-06-29
4003872,2,0,2025-07-29
4003957,6,1,2026-05-11
4003960,2,0,2025-08-26
4003978,1,0,2025-03-11
4004015,1,0,2025-10-17
4004022,1,1,2025-10-23
4004092,1,0,2026-06-26
4004101,1,0,2025-09-03
4004107,2,0,2026-06-26
4004110,1,0,2025-07-01
4004139,1,0,2025-01-08
4004156,6,0,2026-01-23
4004162,3,1,2026-09-02
4004170,6,0,2026-02-04
4004174,3,2,2025-10-08
4004207,4,4,2026-05-14
4004223,1,0,2026-07-23
4004275,1,0,2025-04-01
4004286,2,0,2026-01-29
4004331,4,0,2026-02-05
4004340,2,0,2025-05-15
4004370,9,5,2026-02-03
4004385,1,1,2025-07-17
4004414,1,0,2026-05-20
4004419,6,0,2026-02-05
4004421,7,6,2026-06-26
4004438,3,3,2025-08-06
4004451,2,2,2025-05-15
4004452,3,0,2025-07-09
4004533,2,1,2025-09-15
4004557,5,1,2025-07-29
4004568,14,9,2026-08-11
4004571,1,1,2025-07-29
4004575,16,3,2026-08-05
4004577,1,0,2025-02-19
4004582,13,7,2026-03-18
4004604,2,1,2025-11-07
4004625,3,2,2025-08-21
4004629,3,2,2026-05-21
4004637,1,0,2025-08-12
4004701,2,0,2025-07-28
4004723,1,0,2025-09-02
4004727,3,3,2025-04-10
4004741,2,2,2026-08-18
4004742,2,2,2025-12-19
4004757,1,1,2025-02-01
4004760,11,8,2025-07-10
4004768,4,2,2026-08-07
4004782,1,0,2025-02-11
4004787,2,1,2026-09-01
4004807,2,0,2025-08-21
4004827,18,6,2025-11-05
4004839,1,0,2025-02-25
4004841,5,1,2025-07-08
4004854,3,3,2026-06-26
4004855,1,0,2026-06-29
4004861,10,6,2026-06-02
4004862,8,5,2026-05-05
4004867,1,1,2025-04-07
4004868,20,11,2026-08-11
4004870,20,9,2026-06-17
4004874,14,0,2026-02-02
4004880,1,1,2026-04-15
4004881,1,1,2026-04-15
4004889,3,2,2025-11-21
4004905,3,0,2026-05-26
4004920,3,3,2026-08-18
4004934,2,0,2025-06-02
4004959,1,0,2025-05-28
4004962,2,0,2026-06-26
4004966,2,2,2026-06-26
4004975,1,0,2025-04-21
4004976,3,0,2026-07-07
4004995,3,2,2026-01-29
4005002,17,4,2026-01-22
4005022,1,0,2025-07-25
4005026,4,0,2025-03-11
4005033,1,0,2025-07-01
4005043,4,0,2026-04-16
4005062,3,1,2025-03-20
4005066,3,0,2026-05-07
4005080,1,0,2025-08-05
4005094,23,9,2026-08-03
4005127,2,0,2025-09-22
4005129,1,0,2025-04-08
4005132,1,0,2025-04-08
4005134,1,0,2026-08-10
4005135,1,1,2025-03-26
4005138,1,0,2025-07-29
4005176,1,0,2025-06-27
4005180,4,1,2026-06-25
4005184,4,0,2026-07-13
4005185,6,3,2025-05-09
4005199,1,0,2025-12-04
4005226,1,1,2025-08-12
4005248,2,0,2025-12-22
4005251,4,4,2026-03-13
4005254,1,1,2025-05-08
4005267,1,0,2025-08-02
4005275,1,1,2025-05-08
4005276,1,0,2025-06-09
4005290,1,1,2026-02-17
4005312,1,1,2026-01-07
4005328,1,1,2025-09-04
4005385,3,0,2026-01-12
4005419,2,2,2026-02-06
4005439,18,3,2026-08-03
4005464,2,0,2026-06-29
4005525,1,0,2026-06-10
4005539,2,2,2025-09-04
4005565,4,2,2025-07-24
4005566,1,0,2025-08-11
4005568,2,1,2026-06-30
4005574,1,0,2025-01-08
4005624,2,0,2026-05-15
4005625,1,0,2025-08-18
4005627,1,0,2025-04-17
4005650,1,0,2025-02-15
4005652,3,0,2025-12-29
4005684,1,0,2025-02-15
4005685,1,0,2026-02-24
4005690,1,0,2025-07-24
4005707,6,3,2026-02-05
4005755,1,0,2025-12-04
4005774,1,0,2025-07-11
4005780,11,9,2025-08-22
4005783,3,1,2025-06-04
4005795,2,0,2025-01-02
4005800,12,4,2025-10-30
4005806,6,0,2026-02-12
4005850,1,0,2025-04-17
4005916,3,1,2026-01-08
4005972,1,0,2025-12-03
4005977,1,0,2026-01-09
4006036,1,0,2025-02-11
4006046,3,0,2026-01-30
4006047,2,1,2025-06-07
4006049,10,1,2026-06-09
4006056,1,1,2026-08-21
4006070,16,9,2026-05-22
4006085,1,0,2025-07-01
4006086,1,0,2025-04-15
4006095,2,1,2025-08-18
4006097,6,2,2026-08-24
4006136,1,1,2025-07-23
4006152,1,0,2025-02-11
4006161,1,0,2026-08-25
4006216,17,5,2026-08-11
4006219,2,0,2025-08-21
4006222,6,4,2026-07-01
4006267,1,0,2025-07-03
4006295,9,3,2026-07-30
4006298,1,0,2026-07-17
4006309,4,3,2025-04-24
4006311,11,0,2026-06-04
4006316,2,0,2025-07-14
4006368,1,0,2025-07-14
4006382,7,0,2026-02-11
4006383,2,1,2026-08-06
4006423,4,1,2026-04-21
4006499,1,1,2026-06-30
4006560,1,0,2026-05-06
4006590,16,5,2026-05-07
4006668,2,0,2025-08-01
4006682,2,0,2026-01-22
4006691,1,1,2026-02-26
4006693,1,0,2025-02-15
4006724,3,0,2026-07-10
4006743,8,6,2025-04-09
4006772,9,0,2026-07-08
4006776,1,1,2026-04-10
4006778,2,0,2025-10-24
4006792,2,0,2025-09-11
4006797,5,1,2026-06-09
4006807,1,0,2026-08-06
4006829,6,4,2025-08-16
4006878,1,0,2026-04-07
4006892,1,0,2025-03-13
4006897,2,0,2026-04-24
4006904,2,0,2025-07-03
4006909,1,1,2025-09-03
4006916,1,0,2026-09-07
4006945,3,0,2026-08-06
4006946,1,1,2025-07-09
4007080,1,0,2025-02-25
4007085,1,0,2025-03-19
4007094,1,1,2025-02-25
4007095,1,0,2025-04-07
4007096,33,11,2026-04-30
4007102,1,0,2025-07-01
4007108,1,0,2025-02-25
4007109,1,1,2025-07-28
4007123,1,0,2025-11-15
4007189,1,1,2025-02-12
4007211,1,1,2026-07-14
4007261,1,0,2025-04-30
4007273,1,1,2025-08-06
4007310,3,0,2026-04-24
4007357,3,2,2026-07-01
4007358,2,0,2026-07-02
4007407,2,0,2026-05-20
4007428,1,0,2026-07-24
4007440,1,1,2025-10-08
4007452,1,0,2025-02-25
4007462,4,4,2025-03-28
4007473,1,0,2026-01-16
4007475,1,0,2025-06-02
4007487,1,0,2026-03-02
4007511,2,0,2025-12-16
4007546,2,0,2025-03-20
4007566,2,0,2026-06-16
4007612,2,0,2025-07-30
4007617,1,0,2026-01-12
4007618,2,1,2025-02-20
4007619,2,0,2026-02-04
4007622,5,2,2026-08-25
4007628,1,0,2025-11-13
4007650,1,0,2025-09-02
4007663,5,0,2026-02-04
4007681,1,0,2025-08-27
4007682,1,0,2026-08-06
4007704,1,0,2025-07-08
4007748,1,0,2025-08-19
4007791,1,0,2025-05-28
4007796,4,0,2026-06-02
4007807,1,0,2025-09-16
4007808,3,0,2025-12-15
4007852,1,0,2025-08-19
4007855,11,4,2026-07-01
4007861,2,0,2025-09-04
4007866,2,0,2025-03-11
4007888,5,0,2026-07-17
4007911,1,0,2025-09-15
4007933,2,2,2026-07-01
4007935,2,0,2026-01-22
4007939,1,0,2025-03-27
4007967,5,0,2025-11-03
4007980,2,0,2025-02-18
4007981,1,0,2025-01-29
4007991,1,0,2025-03-20
4008007,2,0,2025-01-29
4008009,5,0,2026-07-17
4008011,1,0,2025-10-30
4008014,1,0,2025-02-12
4008016,1,0,2025-03-14
4008022,6,1,2026-02-25
4008057,1,0,2025-01-06
4008081,1,1,2025-09-15
4008101,1,0,2025-02-19
4008133,1,0,2026-07-25
4008136,1,0,2026-04-06
4008137,1,0,2026-06-22
4008155,1,0,2026-09-01
4008166,1,1,2026-07-30
4008170,6,1,2026-03-24
4008175,1,0,2025-09-15
4008178,1,0,2025-08-29
4008183,1,0,2025-07-28
4008189,6,3,2025-08-05
4008190,1,0,2026-05-07
4008195,5,1,2026-02-25
4008196,3,1,2026-03-30
4008212,4,3,2026-05-13
4008220,9,0,2026-02-05
4008257,1,1,2026-08-26
4008258,1,0,2025-07-01
4008260,2,0,2025-10-27
4008261,1,1,2026-08-26
4008271,1,1,2025-11-07
4008272,1,0,2026-05-15
4008278,1,0,2026-09-01
4008297,1,0,2025-09-03
4008301,1,0,2025-06-11
4008329,3,2,2025-11-21
4008332,1,1,2025-07-11
4008345,1,0,2025-04-08
4008346,3,0,2025-04-08
4008348,1,0,2025-03-18
4008352,1,0,2025-03-18
4008353,1,0,2025-07-03
4008361,1,0,2025-09-08
4008365,2,2,2026-07-15
4008367,2,2,2026-07-15
4008374,9,8,2026-07-13
4008375,13,11,2026-07-13
4008376,3,3,2025-10-06
4008379,1,1,2025-07-11
4008406,5,0,2025-12-16
4008424,1,0,2026-04-09
4008432,5,1,2026-08-06
4008465,1,0,2025-05-28
4008517,1,0,2025-07-01
4008542,2,2,2025-06-23
4008557,1,0,2025-07-01
4008561,4,2,2025-04-03
4008594,1,0,2025-05-28
4008595,2,0,2025-10-10
4008597,1,0,2025-04-25
4008626,1,0,2025-02-04
4008652,1,0,2026-04-21
4008664,5,5,2025-07-31
4008707,1,0,2025-05-21
4008747,2,0,2025-07-30
4008771,1,0,2025-10-23
4008781,2,0,2025-04-03
4008782,1,0,2025-04-03
4008783,1,0,2025-08-01
4008787,1,1,2025-12-18
4008799,1,0,2025-06-05
4008803,1,0,2025-05-07
4008814,1,0,2025-03-21
4008815,2,0,2026-07-08
4008817,1,0,2025-09-03
4008828,1,1,2025-06-30
4008830,1,0,2025-05-01
4008852,3,0,2026-08-07
4008875,1,0,2026-07-02
4008898,1,0,2025-08-14
4008900,1,0,2026-08-10
4008947,4,1,2026-06-30
4008969,1,0,2025-06-02
4009002,3,2,2026-01-30
4009030,1,0,2025-10-23
4009043,1,0,2025-02-11
4009045,1,1,2025-06-25
4009048,1,1,2025-10-11
4009049,1,1,2026-02-20
4009105,2,1,2026-01-27
4009128,1,0,2025-07-01
4009136,1,1,2026-06-05
4009137,1,1,2026-06-05
4009146,1,1,2026-06-05
4009147,1,1,2026-06-05
4009152,2,0,2025-08-13
4009205,1,0,2025-03-06
4009252,2,0,2026-08-06
4009254,7,5,2026-04-02
4009367,6,1,2026-03-10
4009387,5,2,2026-07-22
4009388,1,0,2026-08-03
4009443,4,2,2025-09-05
4009453,1,0,2025-02-26
4009491,4,0,2025-07-22
4009502,1,1,2025-07-14
4009528,1,0,2026-04-24
4009531,2,2,2026-07-16
4009570,8,8,2025-12-19
4009589,1,0,2025-09-26
4009592,1,0,2026-05-17
4009594,4,1,2026-02-06
4009601,2,2,2025-08-05
4009608,2,2,2025-05-23
4009644,1,0,2026-03-30
4009646,5,2,2026-08-19
4009662,5,3,2025-07-29
4009665,4,1,2025-08-08
4009679,1,0,2025-05-07
4009696,1,0,2026-09-08
4009718,1,0,2025-08-21
4009724,1,0,2026-07-28
4009728,1,0,2025-06-13
4009739,1,0,2026-06-03
4009765,1,0,2025-07-01
4009788,1,0,2025-07-01
4009872,1,0,2025-08-08
4009893,1,0,2026-09-08
4009895,1,0,2026-08-04
4009980,1,0,2025-05-08
4010096,1,0,2026-04-03
4010098,5,1,2026-03-12
4010135,3,0,2025-09-03
4010198,1,0,2025-05-06
4010241,1,0,2026-01-22
4010242,1,0,2025-01-17
4010261,2,2,2025-11-24
4010262,4,4,2026-02-25
4010271,1,0,2025-09-26
4010278,1,1,2025-09-09
4010283,14,7,2025-10-27
4010293,1,0,2025-05-29
4010315,1,0,2025-07-01
4010316,1,0,2025-12-26
4010372,1,0,2025-05-07
4010412,1,0,2026-03-12
4010413,2,0,2026-07-01
4010414,2,0,2025-04-15
4010417,2,1,2026-06-09
4010432,1,1,2026-06-03
4010436,1,0,2025-05-01
4010437,1,0,2026-06-05
4010530,1,1,2025-02-27
4010542,2,0,2025-08-14
4010550,1,0,2025-06-17
4010588,2,0,2025-07-01
4010608,1,0,2025-07-17
4010639,1,0,2025-02-15
4010646,1,0,2026-05-20
4010662,1,0,2025-08-15
4010665,1,0,2025-07-01
4010678,1,0,2025-08-14
4010760,1,0,2025-09-02
4010768,2,0,2026-04-06
4010772,1,1,2026-02-14
4010780,1,0,2026-03-16
4010789,1,0,2025-09-03
4010859,1,0,2026-08-21
4010861,1,1,2026-08-22
4010863,2,1,2026-07-07
4010871,1,0,2025-07-01
4010880,1,1,2026-06-26
4010882,1,0,2026-01-21
4010883,2,2,2026-02-12
4010885,1,0,2025-07-01
4010890,4,3,2026-03-17
4010907,1,0,2025-12-18
4010912,1,0,2025-03-28
4010975,4,0,2025-09-19
4010981,6,3,2025-07-29
4011007,2,1,2025-10-24
4011014,2,2,2026-06-30
4011016,2,2,2025-07-17
4011029,1,1,2025-09-03
4011030,1,0,2025-02-11
4011033,1,0,2026-09-09
4011109,2,0,2025-10-08
4011135,2,1,2025-08-12
4011166,2,0,2026-02-13
4011198,2,1,2025-06-30
4011234,1,0,2025-01-02
4011247,1,0,2025-10-21
4011252,2,0,2025-12-15
4011262,1,0,2026-06-12
4011263,1,0,2026-09-10
4011266,2,0,2026-09-10
4011293,2,0,2025-08-21
4011294,3,0,2026-09-10
4011295,2,0,2026-06-12
4011298,1,0,2025-02-19
4011326,3,1,2025-08-15
4011364,3,2,2026-07-07
4011365,1,0,2025-08-06
4011367,1,0,2025-12-15
4011383,1,0,2026-07-07
4011399,1,0,2025-08-25
4011425,5,3,2026-07-07
4011506,2,2,2026-03-27
4011553,8,4,2026-07-16
4011562,5,4,2026-06-02
4011563,2,0,2025-03-05
4011598,2,1,2026-07-15
4011700,1,0,2025-02-11
4011710,1,1,2025-12-13
4011741,8,6,2026-07-21
4011752,1,0,2025-10-10
4011753,2,0,2026-08-20
4011797,3,0,2025-09-26
4011798,3,0,2025-09-26
4011969,6,6,2025-03-05
4012010,1,0,2025-02-11
4012019,2,0,2025-12-16
4012038,2,1,2025-09-02
4012053,1,0,2025-03-14
4012097,5,2,2026-08-20
4012169,1,1,2026-05-08
4012196,1,0,2025-09-17
4012201,1,0,2026-07-06
4012207,1,0,2025-08-18
4012227,1,0,2025-09-05
4012230,4,0,2025-09-05
4012250,1,1,2026-08-10
4012267,1,0,2025-08-05
4012325,8,7,2026-07-17
4012330,8,1,2026-03-26
4012333,1,0,2025-07-01
4012497,2,0,2026-07-17
4012544,1,0,2026-04-02
4012572,1,0,2025-02-12
4012602,1,0,2025-07-14
4012611,1,0,2025-11-06
4012661,1,0,2025-05-28
4012664,10,1,2026-02-05
4012746,5,1,2026-02-05
4012809,1,1,2025-02-19
4012865,3,1,2026-07-22
4012886,1,0,2025-03-31
4012927,1,0,2026-01-13
4012964,1,0,2025-02-26
4012972,1,0,2025-09-11
4013037,1,1,2025-08-12
4013055,5,0,2026-08-18
4013067,2,1,2025-09-24
4013133,5,2,2026-07-21
4013143,1,0,2025-02-11
4013191,1,0,2025-06-03
4013260,5,0,2026-02-04
4013266,1,0,2025-03-18
4013315,1,0,2026-06-12
4013397,1,0,2025-01-29
4013520,1,0,2026-03-23
4013575,3,0,2025-09-16
4013602,1,0,2026-06-03
4013645,1,0,2026-05-13
4013647,1,0,2025-05-28
4013655,16,1,2026-02-05
4013666,1,0,2026-05-04
4014010,2,2,2025-04-22
4014053,1,0,2026-09-01
4014070,1,0,2026-02-18
4014094,13,0,2026-02-03
4014149,14,5,2026-07-17
4014160,2,2,2026-07-21
4014234,3,3,2025-03-17
4014312,1,0,2025-06-11
4014327,3,0,2026-04-15
4014549,2,0,2025-05-29
4014554,8,3,2026-07-27
4014851,3,2,2026-07-23
4014854,3,1,2025-06-25
4014889,4,4,2025-01-31
4014892,1,0,2025-03-18
4014913,2,2,2025-09-05
4014926,1,0,2026-01-09
4015074,2,0,2025-08-19
4015143,4,1,2025-09-08
4015169,1,0,2026-09-09
4015289,10,7,2026-07-23
4015298,1,0,2026-07-22
4015334,2,0,2026-02-03
4015351,1,0,2025-11-24
4015377,2,2,2026-07-08
4015385,1,1,2025-08-06
4015406,2,0,2025-07-17
4015465,1,0,2025-04-18
4015602,3,3,2025-08-07
4015619,2,1,2026-07-16
4015663,8,8,2026-09-05
4015689,1,0,2026-08-26
4015693,2,0,2025-10-22
4015710,1,0,2025-02-25
4015790,1,0,2025-02-06
4015795,1,0,2025-07-01
4015824,2,0,2025-08-19
4015851,2,0,2026-08-03
4015856,1,0,2026-06-22
4015857,5,2,2026-07-16
4015945,2,2,2025-12-30
4015999,1,0,2025-08-20
4016058,1,0,2025-06-05
4016097,1,0,2025-05-28
4016102,3,0,2026-02-02
4016142,6,4,2025-04-28
4016160,1,0,2026-04-22
4016174,1,0,2026-01-13
4016305,1,0,2026-08-25
4016428,2,2,2026-07-08
4016457,1,0,2025-02-25
4016569,3,2,2025-04-11
4016602,3,2,2026-07-08
4016608,3,0,2026-05-29
4016638,1,0,2025-08-12
4016722,2,0,2026-06-25
4016757,3,3,2025-03-28
4016786,1,1,2025-09-15
4016800,1,0,2025-06-14
4016847,4,0,2025-04-07
4016900,1,1,2026-05-19
4016914,1,0,2026-09-03
4016920,1,0,2025-04-11
4016927,1,0,2025-01-10
4016965,3,0,2026-07-09
4016991,1,0,2025-08-25
4017052,2,2,2026-07-08
4017067,1,0,2025-07-30
4017139,9,8,2025-07-24
4017174,5,1,2026-05-21
4017207,1,0,2025-07-30
4017216,2,1,2026-07-28
4017218,1,0,2025-06-03
4017228,1,0,2025-07-30
4017231,1,0,2025-07-30
4017232,1,1,2025-03-17
4017237,6,5,2025-09-19
4017304,1,1,2025-09-18
4017318,3,0,2025-10-28
4017319,3,2,2026-08-21
4017332,1,0,2025-02-25
4017391,1,0,2025-05-28
4017393,1,1,2026-07-01
4017396,1,0,2026-07-17
4017400,1,0,2026-07-01
4017423,1,0,2025-03-20
4017438,1,0,2025-05-28
4017480,2,0,2026-06-04
4017485,3,0,2026-02-04
4017509,1,1,2026-06-02
4017519,2,0,2025-12-18
4017568,1,0,2026-06-22
4017589,1,0,2026-04-15
4017619,2,0,2026-05-26
4017624,1,0,2025-02-13
4017653,1,0,2025-11-03
4017706,2,0,2025-12-10
4017766,1,1,2026-03-09
4017780,2,1,2026-02-08
4017798,1,0,2025-06-14
4017834,1,0,2025-01-29
4017935,1,0,2025-08-13
4017938,1,0,2025-09-09
4018002,1,0,2025-07-01
4018034,2,2,2025-04-24
4018049,1,0,2026-01-06
4018187,6,6,2026-07-14
4018225,2,1,2025-07-30
4018242,1,0,2025-05-19
4018285,1,1,2026-03-18
4018288,2,1,2025-09-09
4018289,1,0,2025-07-01
4018334,1,1,2026-03-18
4018335,1,1,2026-03-18
4018336,1,1,2026-03-18
4018337,1,1,2026-03-18
4018338,1,1,2026-03-18
4018351,1,0,2025-03-27
4018519,2,1,2026-04-28
4018520,2,0,2025-07-08
4018543,1,0,2025-07-01
4018544,1,0,2025-11-19
4018713,1,0,2025-10-29
4018766,1,0,2025-04-15
4018798,1,0,2025-08-19
4018845,2,0,2025-08-16
4018937,4,3,2026-06-04
4019021,2,0,2025-10-10
4019101,3,2,2026-07-23
4019117,1,0,2025-05-28
4019176,7,0,2025-09-09
4019324,3,0,2025-06-17
4019394,1,1,2026-04-23
4019527,1,0,2025-06-27
4019633,6,0,2026-08-12
4019647,11,1,2026-06-09
4019650,1,0,2026-04-06
4019714,1,0,2025-02-12
4019750,3,2,2026-06-25
4019792,2,0,2026-06-23
4019793,2,1,2025-07-25
4019806,1,0,2026-05-12
4019821,1,1,2026-08-03
4019826,8,4,2026-07-22
4019827,1,0,2026-02-13
4019836,1,1,2025-07-02
4019841,3,0,2025-10-10
4019875,1,0,2026-08-31
4019883,2,1,2026-07-22
4019885,1,0,2025-04-08
4019891,1,0,2025-10-07
4019899,2,2,2026-07-22
4019902,2,0,2025-11-14
4019905,4,2,2025-10-08
4019938,1,0,2026-07-29
4019939,1,0,2025-04-07
4019940,1,0,2025-11-25
4019946,2,0,2026-04-14
4019948,1,1,2026-03-25
4019953,1,0,2025-08-26
4019973,2,1,2025-10-09
4019984,1,0,2026-06-12
4020011,1,1,2025-09-08
4020033,1,1,2025-08-15
4020045,2,0,2026-02-20
4020160,1,0,2025-01-08
4020165,2,0,2026-02-12
4020252,3,0,2026-02-25
4020300,1,0,2025-04-25
4020442,3,0,2026-05-14
4020453,4,4,2026-08-07
4020463,1,1,2025-01-09
4020531,2,0,2026-05-29
4020582,1,0,2025-01-29
4020609,6,2,2026-08-04
4020633,2,1,2025-12-10
4020640,3,0,2026-06-15
4020647,1,0,2025-02-25
4020652,1,0,2026-08-24
4020674,2,0,2025-08-19
4020729,3,1,2026-04-27
4020743,2,0,2025-02-25
4021220,1,0,2026-04-16
4021247,1,0,2025-02-25
4021316,5,0,2026-08-07
4021375,8,1,2026-02-02
4021665,1,0,2026-04-22
4021796,4,2,2025-12-08
4021800,2,0,2026-05-05
4021835,2,0,2025-10-10
4021841,2,0,2025-12-02
4021861,1,1,2025-09-05
4021888,2,0,2026-03-12
4022462,3,3,2025-07-16
4022499,5,0,2025-05-07
4022510,3,1,2025-10-24
4022636,4,4,2025-07-31
4022725,1,1,2026-01-07
4022748,4,0,2025-12-19
4022893,3,2,2026-01-13
4023271,4,2,2026-02-09
4023278,1,0,2025-04-25
4023284,1,0,2025-01-29
4023288,5,5,2025-08-06
4023320,3,2,2026-02-18
4023389,3,3,2026-07-29
4023409,1,0,2025-10-27
4023432,4,3,2026-08-21
4023442,1,0,2025-03-04
4023443,1,0,2025-02-25
4023446,2,0,2025-10-06
4023538,3,0,2025-03-15
4023542,4,0,2026-04-08
4023575,1,0,2026-01-16
4023593,1,0,2025-12-24
4023601,2,0,2026-09-03
4023634,3,1,2025-11-14
4023705,2,0,2026-04-09
4023781,3,0,2026-04-01
4023797,4,4,2025-05-19
4023883,2,0,2026-09-08
4023914,5,5,2026-04-02
4023918,2,0,2026-04-09
4023950,4,3,2025-01-23
4024046,2,0,2026-01-27
4024065,1,1,2026-02-05
4024105,2,0,2025-07-01
4024168,1,0,2025-10-08
4024178,1,1,2026-06-22
4024319,3,0,2026-09-09
4024345,2,2,2025-04-08
4024347,1,1,2025-09-10
4024372,1,0,2026-02-20
4024487,6,0,2026-04-07
4024589,1,0,2025-02-18
4024594,3,0,2025-01-13
4024651,1,0,2026-01-02
4024799,1,0,2026-07-15
4024941,1,0,2025-10-27
4025042,2,0,2025-05-08
4025046,4,4,2025-06-04
4025094,4,0,2026-04-29
4025101,1,0,2025-01-29
4025180,2,0,2026-06-16
4025257,1,0,2025-09-10
4025262,3,0,2026-01-05
4025332,1,0,2026-03-10
4025340,1,0,2025-06-28
4025392,1,0,2026-07-10
4025489,2,0,2025-09-02
4025537,4,3,2025-04-30
4025614,8,2,2026-06-23
4025619,1,1,2025-07-22
4025636,8,4,2025-06-27
4025639,2,0,2026-07-29
4025664,1,1,2025-10-02
4025667,1,1,2025-09-25
4025672,8,7,2026-06-04
4025675,5,2,2026-02-12
4025727,2,0,2026-03-05
4025884,1,0,2025-12-15
4025941,1,0,2026-05-20
4026045,1,1,2025-08-04
4026093,1,0,2026-04-17
4026103,1,0,2026-01-06
4026213,1,0,2025-05-28
4026584,1,0,2025-11-24
4026611,1,0,2025-01-29
4026738,1,0,2026-05-29
4026822,1,0,2025-05-06
4026866,1,0,2025-04-22
4026896,2,0,2025-11-10
4026931,1,0,2025-07-22
4026958,1,1,2025-06-17
4026973,1,0,2025-11-24
4026984,1,0,2026-03-14
4026986,1,0,2026-03-14
4027022,2,0,2025-08-21
4027102,10,0,2026-07-10
4027109,7,1,2025-05-08
4027128,2,0,2026-04-20
4027253,2,1,2026-04-15
4027288,1,0,2026-09-03
4027299,2,0,2025-10-24
4027360,3,0,2025-12-30
4027374,1,0,2026-02-20
4027375,23,11,2026-07-08
4027395,1,0,2025-04-22
4027410,1,0,2026-03-14
4027425,3,0,2026-03-06
4027483,1,0,2025-05-08
4027524,1,0,2025-05-12
4027591,4,1,2025-10-29
4027651,1,0,2025-07-01
4027657,1,1,2025-05-02
4027672,1,1,2025-05-08
4027673,2,0,2025-08-11
4027729,1,0,2026-02-19
4027757,1,0,2025-04-08
4027760,2,0,2025-02-19
4027771,2,0,2026-08-24
4027777,3,2,2026-08-05
4027816,7,1,2026-02-10
4027817,2,2,2025-07-01
4027835,1,0,2025-03-17
4027871,3,0,2025-08-04
4027904,1,0,2026-07-01
4027905,1,1,2025-04-22
4028005,1,1,2026-07-21
4028077,6,3,2025-05-02
4028082,5,3,2026-06-04
4028093,1,0,2025-12-30
4028125,1,0,2026-01-15
4028174,4,3,2025-12-22
4028201,1,0,2025-02-11
4028242,1,0,2025-10-17
4028255,2,1,2025-09-21
4028313,1,1,2026-08-25
4028318,1,0,2025-05-15
4028324,3,0,2026-07-16
4028327,1,0,2025-09-15
4028396,4,4,2026-06-20
4028400,1,0,2025-05-28
4028403,1,0,2026-03-04
4028408,2,1,2026-04-28
4028426,5,2,2026-08-18
4028465,1,1,2025-05-14
4028522,1,1,2025-04-28
4028579,7,3,2026-06-10
4028617,2,0,2025-04-24
4028650,4,1,2026-06-12
4028767,1,0,2025-03-20
4028774,3,0,2025-11-14
4028806,2,0,2025-11-17
4028829,2,0,2025-10-14
4028855,2,0,2025-04-28
4028931,2,0,2026-04-03
4028944,1,0,2025-02-11
4028976,1,1,2026-04-27
4029030,4,2,2025-06-27
4029133,1,1,2026-09-08
4029136,1,0,2025-12-30
4029138,4,0,2025-07-31
4029199,1,0,2025-08-12
4029264,1,0,2025-10-07
4029490,4,2,2025-11-10
4029497,1,1,2025-07-22
4029500,1,0,2025-01-08
4029505,2,1,2026-08-04
4029527,5,1,2026-07-07
4029531,6,6,2025-10-14
4029534,2,0,2026-04-03
4029543,3,3,2025-12-23
4029551,1,0,2025-05-28
4029553,1,0,2025-05-28
4029554,1,0,2025-03-21
4029556,1,0,2025-06-06
4029558,2,1,2026-05-06
4029563,4,2,2025-11-07
4029566,1,0,2025-03-14
4029568,1,0,2025-05-28
4029570,2,0,2025-03-14
4029580,1,0,2026-05-18
4029587,2,0,2026-08-03
4029649,1,1,2025-08-07
4029655,1,0,2025-03-07
4029665,1,0,2026-05-13
4029676,2,2,2025-07-08
4029689,1,1,2026-04-27
4029691,14,0,2026-09-04
4029696,3,1,2026-04-08
4029697,1,0,2025-11-17
4029698,1,1,2025-07-16
4029761,2,2,2025-09-11
4029767,2,0,2026-05-15
4029771,1,0,2025-04-08
4029772,4,2,2026-04-02
4029773,19,12,2025-12-23
4029791,2,1,2025-04-25
4029795,1,0,2025-10-22
4029796,2,0,2026-02-20
4029805,4,1,2026-08-21
4029827,1,1,2026-02-05
4029831,1,0,2025-09-11
4029838,5,1,2026-08-28
4029839,1,1,2025-06-26
4029840,1,0,2025-06-26
4029851,2,1,2026-06-20
4029859,2,1,2025-10-27
4029860,4,0,2025-12-29
4029884,2,1,2026-01-02
4029892,6,0,2026-03-31
4029938,2,0,2025-09-09
4029939,1,0,2025-11-06
4029944,1,0,2025-12-30
4029981,2,1,2026-01-27
4029982,3,1,2025-12-10
4029991,1,0,2025-04-11
4030008,2,2,2026-08-20
4030009,2,0,2025-05-23
4030017,1,1,2026-05-30
4030019,1,1,2026-05-30
4030021,1,0,2026-07-21
4030022,1,0,2025-05-15
4030036,1,0,2025-04-08
4030037,1,1,2025-07-17
4030042,1,1,2026-06-01
4030081,1,1,2025-11-20
4030103,1,0,2025-05-28
4030121,1,0,2025-06-06
4030314,1,0,2026-03-27
4030315,1,0,2025-05-28
4030323,1,1,2025-11-26
4030333,2,0,2026-05-22
4030334,1,0,2026-05-22
4030388,2,0,2025-08-01
4030411,2,0,2026-04-02
4030419,6,4,2026-07-22
4030425,4,1,2026-07-22
4030435,1,0,2025-10-24
4030443,2,0,2025-12-30
4030449,1,0,2026-05-18
4030507,5,4,2026-09-09
4030508,1,0,2026-01-22
4030570,1,0,2026-01-06
4030654,1,1,2026-03-12
4030723,1,0,2025-04-02
4030732,9,8,2025-10-23
4030733,5,2,2026-01-30
4030734,1,0,2026-02-25
4030778,1,0,2025-12-19
4030786,1,0,2025-07-17
4030807,1,0,2025-05-09
4030826,5,0,2025-08-05
4030836,7,0,2026-06-11
4030841,1,0,2026-08-06
4030849,4,0,2026-03-25
4030876,1,0,2026-06-11
4030932,1,0,2025-02-20
4030959,1,1,2025-02-05
4030961,2,2,2026-06-23
4031050,1,1,2025-05-15
4031073,1,1,2026-01-09
4031074,2,0,2026-02-03
4031124,1,1,2025-05-15
4031141,1,1,2025-07-21
4031219,1,0,2025-03-27
4031235,1,1,2025-09-08
4031242,1,0,2025-04-08
4031329,1,0,2026-05-15
4031333,4,4,2025-12-10
4031395,1,0,2025-06-25
4031397,21,6,2026-05-06
4031407,1,0,2025-02-25
4031444,1,0,2026-08-25
4031574,1,0,2026-01-20
4031840,2,0,2025-01-07
4031853,6,0,2026-07-15
4031991,1,0,2026-03-17
4032013,1,1,2026-02-26
4032068,2,2,2025-08-06
4032172,1,1,2025-02-01
4032299,1,1,2025-08-06
4032374,1,0,2025-12-10
4032458,1,0,2025-06-13
4032459,1,1,2025-01-30
4032496,1,0,2025-02-25
4032497,1,1,2026-06-02
4032510,3,3,2026-05-04
4032511,3,3,2026-05-04
4032517,2,0,2025-01-13
4032521,1,0,2026-07-29
4032600,2,0,2025-11-20
4032608,10,7,2026-06-26
4032622,1,0,2025-02-18
4032759,2,1,2025-11-20
4032762,2,1,2025-11-20
4032777,1,1,2025-03-05
4032859,4,2,2026-01-15
4032873,1,0,2026-08-13
4032880,1,0,2025-11-21
4032914,1,0,2026-02-26
4032965,1,1,2026-02-16
4032967,1,0,2025-05-07
4033348,3,0,2026-05-27
4033705,3,0,2025-10-22
4033706,2,0,2025-07-31
4033709,5,2,2026-07-22
4033728,1,0,2025-08-11
4033895,1,0,2026-02-05
4033897,1,0,2025-11-07
4033988,4,3,2026-01-30
4034011,2,0,2025-02-04
4034150,1,1,2025-09-30
4034201,4,2,2026-01-30
4034434,3,0,2025-01-08
4034450,2,1,2026-03-11
4034464,4,1,2026-06-03
4034492,1,0,2025-07-01
4034536,1,1,2025-07-05
4034697,4,4,2025-11-28
4034715,1,1,2025-01-14
4034809,2,1,2026-08-11
4034841,8,0,2026-04-03
4034859,6,4,2026-01-28
4034891,9,0,2026-04-03
4034892,1,0,2025-04-24
4034914,1,0,2026-05-20
4035022,4,4,2025-08-13
4035045,3,3,2025-10-28
4035074,5,1,2025-12-19
4035075,2,1,2025-10-20
4035115,1,0,2026-02-25
4035143,21,10,2026-08-20
4035144,27,23,2026-09-08
4035145,7,6,2025-11-07
4035164,6,2,2026-07-17
4035191,1,0,2025-01-29
4035201,1,1,2026-02-02
4035326,3,0,2025-11-20
4035360,1,1,2025-07-24
4035372,10,10,2026-03-30
4035377,7,3,2025-11-21
4035413,1,1,2025-01-04
4035427,6,1,2026-07-23
4035441,14,0,2026-04-09
4035454,1,1,2025-09-04
4035462,1,1,2025-11-12
4035514,1,0,2025-08-15
4035515,2,0,2026-03-06
4035521,3,2,2025-08-29
4035531,2,0,2026-06-08
4035547,3,0,2026-08-28
4035551,1,1,2026-04-06
4035581,2,0,2026-06-03
4035592,1,1,2025-09-30
4035660,1,0,2026-06-02
4035680,1,0,2025-06-13
4035692,2,1,2025-12-24
4035711,3,1,2025-07-02
4035782,2,2,2026-07-26
4035802,4,0,2025-06-11
4035803,1,0,2025-10-10
4035813,1,1,2025-09-30
4035828,4,2,2025-12-16
4035835,2,2,2026-07-17
4035854,4,0,2026-03-26
4035855,2,1,2025-11-20
4035860,2,1,2026-02-17
4035923,1,0,2026-04-17
4035935,3,0,2026-06-22
4035938,13,12,2026-08-13
4035972,1,0,2025-08-19
4035975,3,1,2025-10-07
4036022,1,0,2025-06-04
4036040,3,0,2025-05-08
4036073,2,0,2025-03-20
4036120,2,1,2026-07-16
4036126,1,1,2026-02-10
4036128,1,0,2026-03-27
4036162,1,1,2025-06-06
4036171,3,2,2026-01-20
4036187,1,0,2025-02-11
4036190,2,0,2025-12-12
4036216,12,6,2026-05-15
4036221,1,1,2025-10-08
4036234,1,0,2025-12-04
4036249,1,0,2026-03-19
4036252,1,1,2025-10-24
4036253,1,0,2025-02-18
4036257,1,0,2025-10-24
4036272,1,1,2025-12-12
4036294,1,1,2026-02-04
4036308,1,1,2026-02-04
4036316,1,1,2026-06-04
4036331,7,2,2025-11-25
4036343,1,0,2025-06-17
4036374,2,0,2025-11-10
4036428,2,0,2026-06-09
4036432,1,0,2025-09-11
4036436,2,0,2025-10-24
4036454,1,0,2025-11-10
4036511,2,0,2025-03-31
4036514,1,1,2025-04-29
4036618,1,0,2025-01-06
4036619,1,0,2025-01-06
4036621,1,0,2025-12-11
4036678,7,3,2026-01-27
4036728,2,0,2025-09-22
4036730,2,0,2026-04-15
4036734,1,0,2025-06-12
4036746,1,1,2025-06-12
4036748,4,3,2026-07-16
4036752,2,0,2025-07-30
4036758,4,2,2026-07-23
4036761,5,4,2026-08-26
4036779,2,1,2026-07-24
4036801,1,1,2025-07-14
4036813,1,1,2026-06-26
4036831,1,1,2025-06-27
4036845,15,3,2026-07-21
4036860,1,0,2025-05-03
4036865,1,0,2025-06-09
4036867,1,1,2025-04-01
4036868,4,0,2026-07-27
4036890,1,1,2026-01-09
4036892,5,3,2026-07-27
4036894,1,0,2026-08-03
4036895,1,1,2026-02-03
4036896,5,3,2025-06-23
4036897,2,1,2026-07-28
4036949,1,1,2025-08-19
4036959,3,2,2025-04-29
4036976,2,1,2026-04-16
4036982,4,0,2026-03-05
4036985,1,1,2026-07-13
4036989,3,2,2026-04-23
4037016,1,0,2025-12-30
4037018,2,0,2025-02-12
4037025,1,0,2025-06-24
4037027,1,0,2025-06-17
4037031,3,3,2026-07-24
4037049,4,1,2026-07-29
4037053,1,0,2025-06-06
4037072,3,1,2026-07-31
4037115,1,1,2025-12-29
4037150,1,1,2026-06-30
4037155,2,0,2026-06-23
4037178,2,2,2025-09-24
4037187,2,0,2025-03-12
4037214,1,0,2025-10-30
4037267,1,0,2025-09-02
4037271,1,0,2025-06-17
4037277,5,0,2026-03-17
4037278,1,1,2025-06-18
4037307,3,3,2026-07-30
4037308,3,2,2026-04-20
4037311,3,2,2026-08-10
4037357,13,1,2026-08-05
4037366,2,1,2026-08-05
4037370,10,1,2026-04-20
4037491,4,0,2025-08-13
4037494,1,0,2026-03-21
4037509,1,1,2026-07-31
4037514,1,0,2025-01-08
4037522,1,1,2026-04-17
4037524,1,0,2025-07-01
4037671,1,0,2025-04-01
4037692,1,0,2025-06-18
4037793,1,1,2025-11-24
4037803,7,3,2026-08-05
4037823,2,0,2025-02-07
4037896,7,0,2025-09-09
4037931,1,0,2025-01-29
4037944,1,0,2026-04-09
4037982,1,1,2026-06-26
4037984,6,0,2026-05-18
4037988,1,0,2025-02-27
4038001,5,2,2025-07-02
4038004,1,0,2026-01-24
4038006,1,1,2026-01-24
4038012,2,0,2025-10-02
4038035,1,1,2025-05-30
4038296,6,3,2026-07-17
4038388,8,3,2026-07-30
4038415,4,0,2025-05-06
4038516,1,1,2026-07-07
4038628,12,6,2026-05-29
4038667,9,4,2026-07-28
4038693,6,4,2026-07-29
4038695,5,5,2026-04-21
4038701,1,0,2026-04-20
4038762,2,0,2026-04-08
4038767,7,2,2026-07-28
4038784,9,6,2026-08-03
4038785,1,0,2025-05-29
4038795,2,1,2026-03-24
4038912,1,0,2025-09-08
4038929,1,0,2025-10-06
4038930,1,0,2025-10-06
4039028,5,4,2026-08-10
4039056,2,2,2025-01-14
4039083,3,1,2026-04-03
4039107,1,0,2026-02-04
4039132,2,1,2025-05-23
4039157,4,3,2026-08-10
4039159,2,1,2025-09-16
4039193,2,1,2026-08-25
4039234,2,2,2026-08-11
4039310,1,0,2025-07-01
4039358,1,0,2025-04-15
4039395,4,0,2025-01-28
4039409,4,2,2025-06-12
4039441,3,1,2025-05-12
4039443,1,0,2025-11-28
4039444,3,0,2026-08-04
4039447,1,0,2025-04-08
4039448,2,2,2026-07-09
4039498,7,6,2025-05-23
4039584,4,2,2026-08-04
4039599,1,0,2025-05-15
4039630,4,3,2026-08-05
4039676,1,0,2025-12-24
4039705,2,2,2025-01-30
4039769,1,0,2026-07-01
4039789,1,1,2025-06-26
4039815,3,1,2025-11-18
4039833,1,0,2025-01-08
4039892,1,0,2025-01-23
4039895,2,1,2026-08-06
4039966,1,0,2025-07-01
4039973,2,1,2026-07-16
4040058,2,0,2026-07-13
4040163,1,0,2025-03-12
4040209,6,5,2026-08-11
4040220,14,10,2026-08-13
4040223,1,0,2025-01-06
4040263,1,0,2026-05-19
4040271,7,0,2026-04-10
4040282,1,0,2026-03-13
4040333,1,1,2026-08-05
4040340,5,5,2025-04-30
4040468,2,2,2026-08-07
4040472,4,4,2026-08-07
4040479,2,2,2025-10-12
4040515,1,0,2026-07-10
4040537,1,0,2025-02-25
4040546,1,0,2025-03-05
4040706,2,0,2026-05-19
4040750,2,0,2026-03-27
4040754,14,8,2026-08-07
4040764,1,0,2026-08-14
4040804,1,1,2025-10-31
4040898,4,0,2025-12-08
4040900,1,0,2025-01-29
4040983,2,0,2026-07-30
4040992,3,0,2025-10-08
4041012,3,1,2026-01-24
4041056,2,0,2026-06-18
4041066,4,1,2025-03-25
4041111,4,3,2025-09-03
4041118,1,0,2026-08-03
4041119,1,0,2026-08-03
4041228,4,1,2026-04-22
4041267,3,1,2026-05-18
4041284,2,0,2025-03-26
4041285,4,1,2026-07-08
4041298,1,1,2025-05-19
4041311,1,0,2026-08-24
4041347,3,1,2026-08-04
4041362,1,0,2026-01-30
4041365,1,0,2026-08-24
4041367,6,0,2026-07-27
4041370,1,0,2025-03-06
4041385,3,1,2025-10-17
4041429,4,1,2025-01-16
4041462,1,0,2025-05-25
4041503,2,0,2025-05-12
4041510,1,0,2025-02-25
4041604,4,1,2025-11-24
4041646,1,0,2025-02-25
4041744,2,1,2025-08-06
4041756,1,0,2026-08-10
4041876,6,2,2026-04-09
4041913,2,1,2026-04-01
4041967,2,1,2025-11-28
4042011,1,0,2025-07-22
4042029,1,1,2026-07-10
4042044,1,0,2025-04-09
4042140,1,0,2026-08-03
4042160,1,0,2026-06-16
4042205,1,0,2025-05-02
4042211,1,0,2025-11-13
4042212,30,10,2026-05-21
4042314,1,0,2025-07-01
4042316,1,1,2026-08-25
4042317,1,1,2026-08-25
4042320,1,0,2026-02-04
4042373,4,4,2026-07-28
4042375,2,2,2026-05-04
4042379,1,1,2025-04-06
4042417,1,0,2025-10-06
4042425,1,0,2025-10-28
4042436,1,0,2025-07-15
4042445,2,0,2026-07-19
4042478,1,0,2025-11-21
4042481,2,1,2026-06-02
4042496,8,0,2026-04-08
4042509,1,1,2026-08-20
4042526,1,1,2026-05-18
4042539,5,2,2026-08-17
4042609,1,0,2025-11-20
4042644,2,1,2025-11-05
4042767,3,1,2026-01-13
4042792,1,0,2026-05-08
4042793,1,0,2025-06-23
4042812,1,0,2025-07-01
4042824,1,1,2026-08-05
4042861,1,0,2025-04-08
4042862,1,0,2026-02-25
4042864,1,0,2025-04-22
4042868,1,0,2025-10-15
4042869,2,0,2026-02-25
4042904,1,1,2025-09-30
4042949,1,0,2025-10-28
4043099,2,0,2026-06-01
4043109,10,0,2026-01-14
4043132,1,0,2025-01-21
4043149,1,0,2025-04-30
4043159,1,1,2026-02-20
4043208,2,0,2025-04-30
4043249,5,3,2026-08-04
4043297,23,15,2026-06-02
4043362,2,1,2025-10-28
4043443,2,1,2025-10-15
4043520,1,0,2025-12-02
4043525,2,0,2026-05-16
4043543,3,3,2026-07-17
4043565,5,0,2025-11-17
4043582,1,0,2025-11-10
4043675,2,0,2025-08-21
4043688,3,0,2026-08-04
4043693,1,0,2026-09-03
4043747,1,0,2026-03-24
4043778,1,0,2026-01-07
4043827,8,0,2026-03-30
4043836,1,0,2025-07-14
4043837,1,1,2026-04-15
4043892,1,0,2025-01-29
4043922,6,3,2025-12-30
4043936,5,0,2026-04-01
4043954,2,0,2026-06-12
4043960,4,4,2026-06-17
4043995,1,1,2025-11-17
4044059,2,0,2026-01-23
4044071,2,0,2026-05-19
4044072,1,0,2025-02-25
4044096,1,0,2026-02-24
4044098,1,0,2026-02-03
4044217,1,0,2025-03-10
4044232,1,0,2025-07-01
4044234,2,0,2026-01-14
4044235,4,0,2025-09-17
4044299,6,6,2026-06-10
4044306,3,0,2026-03-30
4044343,1,0,2025-04-22
4044372,1,0,2025-11-28
4044387,1,1,2025-11-12
4044393,1,1,2025-11-25
4044394,1,1,2025-11-25
4044409,1,0,2026-09-03
4044412,1,0,2025-07-01
4044422,1,0,2025-11-18
4044526,3,0,2025-07-22
4044547,1,0,2025-01-24
4044574,1,0,2025-07-31
4044595,1,1,2026-07-30
4044606,1,0,2025-10-22
4044607,1,0,2026-02-05
4044633,2,0,2026-04-09
4044634,1,0,2025-04-08
4044656,2,1,2025-04-23
4044657,2,2,2026-02-12
4044670,1,0,2026-08-03
4044687,2,0,2026-06-01
4044747,3,0,2026-09-01
4044832,2,0,2025-05-19
4044837,2,0,2025-04-08
4044838,3,0,2025-05-16
4044849,1,0,2026-01-24
4044850,1,1,2026-03-13
4044891,13,8,2026-07-06
4044936,1,0,2026-03-04
4044942,1,0,2025-11-14
4044943,1,0,2025-11-13
4044944,1,0,2025-11-18
4044984,2,0,2026-02-12
4044993,4,3,2025-04-29
4044998,4,1,2026-04-07
4045000,1,1,2026-05-05
4045013,1,1,2025-01-31
4045020,3,2,2026-06-15
4045023,2,1,2026-06-15
4045055,2,0,2026-03-25
4045056,2,2,2026-07-01
4045062,3,2,2026-06-22
4045066,2,2,2026-07-27
4045067,4,4,2026-07-27
4045077,6,3,2026-08-05
4045177,3,1,2026-09-08
4045197,2,0,2026-09-08
4045201,7,5,2026-04-03
4045305,2,1,2025-10-10
4045313,1,0,2026-02-06
4045317,1,0,2026-06-04
4045345,7,7,2025-09-25
4045374,9,3,2025-06-10
4045396,4,0,2026-07-02
4045400,1,0,2025-06-17
4045402,1,0,2026-07-29
4045404,4,0,2026-08-25
4045584,1,0,2026-08-14
4045593,15,10,2026-04-29
4045594,1,0,2025-11-20
4045606,1,0,2026-05-28
4045613,2,0,2025-03-12
4045629,15,0,2026-04-14
4045716,1,1,2025-06-05
4045732,1,1,2026-07-01
4045742,1,0,2025-12-10
4045828,3,3,2025-07-08
4045842,2,0,2026-02-04
4045866,1,0,2026-02-05
4045908,1,1,2026-08-25
4045974,2,0,2025-06-13
4045999,2,0,2025-11-28
4046020,4,3,2026-02-03
4046030,1,0,2025-06-17
4046244,1,0,2025-05-02
4046361,1,0,2025-05-03
4046433,1,0,2025-01-17
4046468,1,0,2025-04-22
4046524,6,2,2026-08-20
4046593,1,0,2025-01-02
4046602,4,0,2025-06-17
4046617,3,0,2025-08-26
4046624,2,0,2026-05-15
4046667,1,0,2026-04-08
4046834,10,0,2026-04-06
4046937,2,0,2026-06-18
4046958,5,2,2026-06-03
4047055,2,0,2026-08-12
4047077,2,1,2025-07-18
4047186,1,0,2025-01-17
4047191,5,2,2026-08-20
4047202,1,0,2026-01-02
4047304,3,2,2025-09-18
4047310,2,1,2025-12-20
4047314,1,0,2026-05-22
4047315,1,0,2025-10-27
4047321,1,1,2026-08-07
4047322,1,1,2026-08-17
4047323,1,0,2025-06-09
4047327,1,0,2026-07-21
4047329,1,1,2026-04-13
4047330,2,2,2026-07-21
4047332,1,0,2025-01-13
4047335,2,0,2025-03-19
4047347,3,0,2026-07-21
4047349,2,0,2025-08-29
4047597,1,0,2025-06-12
4047603,2,1,2026-06-05
4047628,1,0,2026-03-06
4047629,4,0,2026-04-06
4047630,1,1,2026-07-01
4047631,1,1,2026-05-22
4047642,5,0,2026-03-04
4047673,4,1,2025-06-10
4047685,1,0,2026-05-18
4047694,1,0,2026-04-28
4047764,3,1,2026-09-01
4047815,1,0,2025-03-06
4047829,1,0,2025-01-24
4047844,1,0,2025-03-06
4047914,2,1,2026-05-22
4047973,1,0,2025-05-28
4048017,1,0,2025-12-10
4048038,2,1,2026-01-06
4048100,1,0,2026-02-02
4048110,1,0,2025-06-16
4048160,4,1,2025-06-27
4048161,2,0,2025-05-14
4048172,1,0,2026-04-11
4048206,1,0,2025-06-12
4048211,1,1,2026-05-22
4048259,2,0,2026-02-02
4048265,1,1,2026-06-02
4048287,1,0,2025-03-21
4048306,1,0,2025-05-20
4048320,4,0,2026-06-03
4048427,1,1,2025-03-12
4048461,1,0,2025-11-17
4048512,2,0,2026-03-31
4048544,3,2,2025-07-01
4048548,1,0,2025-02-03
4048549,1,0,2025-02-03
4048557,5,0,2025-10-15
4048609,4,4,2025-07-01
4048674,1,1,2025-06-17
4048762,1,0,2025-02-11
4048793,1,1,2025-04-22
4048812,1,0,2025-02-14
4048819,3,1,2025-09-09
4048820,6,0,2026-04-14
4048849,1,0,2026-05-19
4048926,8,8,2026-06-17
4048949,1,0,2025-02-25
4048968,1,0,2025-07-01
4049186,1,0,2025-05-28
4049212,1,0,2025-02-26
4049213,1,0,2025-02-14
4049225,4,0,2026-08-13
4049227,1,0,2025-08-11
4049238,3,1,2026-09-03
4049253,1,0,2026-06-10
4049277,2,1,2025-10-15
4049382,1,0,2025-02-25
4049432,5,5,2025-05-28
4049448,1,0,2025-09-15
4049517,2,0,2025-05-16
4049544,1,0,2025-03-28
4049557,1,0,2025-06-26
4049579,1,0,2025-06-27
4049618,1,0,2025-06-18
4049630,3,1,2025-06-20
4049706,1,0,2026-04-14
4049818,4,1,2026-06-18
4049888,2,0,2026-09-04
4049895,4,0,2026-09-04
4049908,1,1,2026-02-12
4049933,2,0,2026-09-01
4049936,1,0,2025-01-14
4049965,1,0,2026-02-03
4050025,2,1,2026-06-17
4050414,5,0,2026-07-15
4050421,1,0,2025-12-15
4050426,2,0,2025-09-09
4050427,1,0,2026-02-11
4050456,1,1,2025-03-20
4050460,2,0,2025-06-16
4050482,1,0,2026-04-20
4050542,4,1,2026-04-20
4050555,1,0,2025-06-16
4050565,1,0,2025-01-24
4050625,2,0,2026-03-11
4050653,3,0,2025-09-12
4050800,2,0,2025-10-15
4050818,4,2,2026-07-17
4050857,2,2,2025-06-24
4050877,4,2,2026-06-23
4050930,3,2,2026-05-04
4050969,1,0,2025-07-01
4051000,1,0,2025-07-16
4051012,9,8,2026-04-10
4051025,1,0,2025-04-09
4051027,1,0,2025-04-17
4051050,1,1,2026-08-26
4051119,1,0,2025-09-29
4051133,1,0,2025-09-19
4051134,1,0,2025-07-17
4051153,1,0,2025-02-11
4051167,1,0,2025-01-30
4051200,5,0,2026-07-24
4051222,1,0,2025-06-03
4051254,1,0,2025-07-17
4051256,1,1,2025-03-18
4051273,2,0,2026-02-26
4051279,6,3,2026-08-05
4051283,1,1,2025-01-09
4051284,2,0,2026-03-23
4051285,1,0,2025-07-29
4051286,1,0,2025-06-17
4051290,4,0,2026-07-21
4051291,1,0,2026-02-26
4051384,1,0,2026-06-11
4051445,1,0,2025-04-16
4051447,2,0,2026-08-06
4051479,4,2,2026-02-11
4051514,1,1,2025-11-07
4051520,3,1,2026-04-17
4051521,10,5,2026-07-15
4051522,1,0,2025-09-08
4051583,2,1,2026-03-27
4051663,2,1,2025-05-08
4051683,2,0,2026-05-13
4051684,1,0,2026-05-13
4051757,1,0,2026-03-17
4051828,1,0,2026-04-21
4051829,2,0,2026-04-21
4051830,1,0,2026-04-07
4051832,1,1,2025-04-11
4051845,5,1,2025-04-15
4051846,4,0,2026-07-09
4051866,2,1,2025-12-15
4051906,2,0,2025-07-31
4052071,1,0,2025-04-02
4052075,3,0,2026-05-05
4052120,2,0,2026-05-15
4052121,1,0,2026-03-17
4052143,13,0,2026-07-21
4052175,1,0,2025-11-06
4052188,1,1,2025-03-21
4052198,4,4,2025-09-29
4052222,1,0,2026-04-07
4052229,1,0,2026-03-06
4052230,1,0,2025-01-30
4052234,1,1,2025-04-07
4052248,4,1,2026-03-27
4052259,2,0,2026-06-01
4052261,1,1,2026-06-11
4052265,2,0,2026-07-21
4052267,2,1,2026-01-02
4052277,1,1,2026-05-05
4052288,1,0,2026-04-20
4052349,4,0,2025-11-25
4052351,3,3,2025-05-13
4052352,5,4,2025-12-30
4052445,1,0,2026-07-06
4052455,3,0,2026-06-29
4052466,1,0,2025-05-05
4052470,5,2,2025-05-06
4052488,1,0,2026-01-08
4052493,2,1,2025-07-01
4052547,1,0,2025-09-24
4052576,1,1,2026-04-01
4052591,1,0,2025-04-15
4052602,2,2,2025-09-12
4052680,2,0,2025-10-14
4052681,1,1,2025-04-28
4052708,1,0,2025-01-16
4052713,10,0,2026-07-22
4052716,1,1,2026-08-19
4052736,1,0,2026-04-27
4052750,1,1,2026-03-02
4052769,2,1,2025-11-05
4052782,2,1,2026-02-26
4052783,1,1,2025-05-22
4052785,8,3,2026-03-25
4052786,1,1,2025-05-12
4052797,12,9,2026-08-05
4052812,2,1,2026-03-12
4052871,1,0,2025-07-01
4052874,7,0,2026-07-17
4052883,1,0,2025-07-01
4052915,1,1,2025-05-14
4052923,5,5,2025-11-03
4052964,1,0,2026-06-26
4052991,1,1,2025-09-18
4053021,2,0,2026-07-01
4053120,4,4,2025-07-21
4053135,2,0,2026-08-03
4053286,1,0,2025-12-11
4053317,1,0,2026-03-27
4053318,4,2,2026-03-27
4053397,3,0,2025-04-28
4053462,1,0,2026-03-13
4053489,1,1,2026-04-01
4053493,1,1,2025-10-02
4053515,1,0,2025-09-16
4053566,1,0,2026-01-20
4053627,1,1,2026-07-09
4053642,2,2,2026-01-06
4053643,3,2,2026-01-08
4053791,6,6,2026-08-13
4053878,3,0,2026-07-13
4053880,1,1,2026-09-04
4054026,3,0,2026-04-01
4054085,5,4,2026-01-02
4054092,1,0,2025-02-10
4054103,2,2,2026-06-10
4054165,1,0,2026-02-10
4054170,1,1,2025-06-11
4054172,2,1,2025-01-07
4054189,1,0,2025-02-12
4054295,4,1,2025-02-04
4054330,1,1,2025-03-24
4054331,1,0,2025-12-16
4054347,2,1,2025-11-14
4054348,2,1,2025-04-01
4054648,1,0,2026-07-28
4054758,1,0,2025-04-24
4054798,1,0,2025-02-25
4054799,1,0,2025-02-25
4054844,1,1,2025-04-21
4054870,6,0,2025-09-16
4054917,1,0,2025-02-11
4054957,4,4,2025-05-11
4054958,1,1,2025-05-11
4055014,3,3,2026-01-02
4055040,3,3,2026-01-07
4055048,1,1,2025-11-06
4055099,1,0,2026-07-29
4055152,1,0,2025-04-30
4055267,2,0,2025-08-08
4055272,1,0,2025-03-27
4055468,1,0,2026-07-08
4055480,1,0,2026-07-10
4055489,1,0,2025-07-01
4055506,5,2,2025-08-20
4055604,5,1,2026-02-12
4055649,3,0,2026-02-12
4055702,1,0,2025-10-16
4055857,1,1,2026-01-06
4055907,2,0,2026-05-11
4055917,1,0,2026-03-17
4055941,4,0,2026-09-03
4055969,1,0,2025-07-07
4056047,1,0,2026-04-06
4056090,3,3,2025-07-01
4056118,1,0,2026-07-02
4056121,1,0,2026-01-05
4056170,1,0,2025-08-21
4056211,11,7,2026-08-13
4056303,1,0,2025-11-12
4056304,1,0,2026-06-15
4056363,3,0,2026-03-11
4056366,1,0,2025-11-19
4056395,1,0,2026-09-08
4056443,1,0,2025-06-09
4056444,11,8,2026-05-05
4056455,10,0,2026-04-13
4056456,1,1,2025-06-11
4056461,29,15,2026-04-23
4056462,17,8,2026-08-04
4056481,1,0,2025-09-08
4056533,2,1,2025-12-22
4056544,1,0,2026-06-18
4056678,2,1,2026-07-05
4056703,4,0,2026-07-21
4056704,2,1,2026-07-05
4056772,2,1,2025-05-22
4056833,1,0,2026-07-29
4057001,1,0,2025-07-01
4057112,1,1,2025-11-17
4057113,6,0,2026-07-30
4057135,1,0,2026-05-13
4057145,1,0,2025-02-04
4057159,1,0,2025-07-07
4057184,8,5,2026-04-14
4057227,3,0,2025-05-12
4057229,2,1,2025-04-29
4057478,1,1,2025-05-05
4057600,1,0,2026-01-06
4057648,2,0,2026-06-25
4057652,2,2,2025-03-26
4057924,1,0,2025-12-04
4058068,1,0,2025-05-28
4058071,2,1,2026-01-28
4058164,3,0,2026-04-15
4058518,2,1,2025-07-09
4058526,7,3,2025-12-08
4058534,1,0,2025-04-14
4058535,1,0,2025-04-14
4058536,1,0,2025-04-14
4058611,7,0,2026-03-05
4058639,1,1,2025-11-03
4058717,1,0,2025-05-29
4058770,1,0,2026-04-02
4058880,1,0,2025-10-30
4058900,2,2,2025-12-03
4058993,1,0,2025-04-14
4059011,3,2,2026-02-25
4059017,2,0,2026-01-22
4059053,3,2,2026-06-25
4059054,1,1,2026-02-10
4059130,4,0,2026-03-06
4059273,1,1,2026-03-18
4059327,3,3,2025-06-02
4059427,1,0,2026-08-25
4059642,1,0,2025-03-08
4059714,1,0,2025-10-21
4059743,1,1,2026-04-14
4059764,2,1,2025-05-20
4059784,4,4,2025-10-07
4059792,2,0,2025-03-19
4059846,1,0,2025-05-02
4059850,2,0,2026-02-20
4059866,1,0,2025-07-30
4059879,2,1,2025-08-01
4059931,2,2,2025-05-22
4059961,1,0,2026-04-29
4060000,2,0,2026-05-01
4060024,1,0,2026-04-14
4060077,1,1,2025-05-22
4060114,3,2,2026-04-16
4060209,1,0,2025-05-22
4060309,1,0,2025-01-31
4060329,4,0,2025-08-18
4060395,1,0,2025-01-16
4060429,2,2,2026-08-17
4060445,1,0,2026-04-13
4060463,1,1,2025-05-14
4060537,2,1,2026-06-08
4060567,1,1,2025-12-18
4060632,4,4,2025-08-12
4060664,1,0,2025-05-28
4060691,1,0,2025-05-05
4060747,2,0,2025-07-02
4060823,1,1,2026-05-29
4060875,1,0,2026-02-24
4060987,7,1,2026-03-06
4060988,2,2,2026-03-20
4061091,1,1,2025-02-18
4061163,3,1,2026-05-06
4061269,1,0,2025-03-03
4061270,1,0,2025-03-03
4061362,1,0,2025-02-25
4061423,1,0,2025-07-16
4061541,1,0,2025-04-24
4061688,1,0,2025-12-11
4061731,1,1,2026-07-15
4061801,5,5,2026-08-27
4061834,1,1,2025-07-11
4061918,3,1,2026-08-31
4061955,2,1,2025-07-16
4061978,1,0,2025-12-19
4062058,1,1,2026-05-06
4062143,1,0,2025-06-11
4062164,1,0,2026-05-28
4062176,1,1,2026-02-10
4062195,2,1,2026-03-19
4062222,4,1,2025-04-22
4062280,1,0,2025-08-11
4062703,1,1,2025-11-24
4062752,1,0,2025-11-03
4062766,1,0,2025-08-08
4062768,1,1,2025-06-13
4062868,2,0,2026-04-24
4062918,1,0,2026-01-16
4062920,3,0,2025-10-10
4062924,1,0,2026-03-05
4062925,1,1,2025-12-30
4062998,2,0,2026-03-12
4063096,2,0,2025-06-30
4063105,7,0,2026-03-25
4063140,1,0,2025-10-01
4063197,1,0,2025-02-11
4063199,3,0,2025-06-30
4063210,1,1,2025-01-03
4063219,1,0,2025-09-16
4063237,1,0,2025-07-22
4063281,2,0,2026-05-15
4063283,1,0,2026-05-13
4063284,2,0,2026-05-15
4063285,1,0,2025-11-19
4063287,1,0,2025-11-20
4063289,1,0,2025-11-20
4063330,3,0,2026-07-01
4063353,1,0,2025-10-03
4063547,2,1,2025-07-11
4063603,1,0,2026-06-17
4063749,2,2,2025-11-14
4063790,1,1,2026-06-08
4063858,1,0,2025-04-01
4063880,3,3,2026-03-20
4063976,1,0,2026-01-16
4064085,1,0,2025-02-25
4064110,5,4,2026-02-19
4064163,2,0,2025-05-21
4064274,1,0,2026-02-26
4064328,2,0,2026-03-25
4064356,1,0,2025-11-25
4064451,2,0,2025-12-18
4064544,1,0,2026-04-21
4064590,2,0,2026-03-05
4064629,2,2,2026-08-27
4064739,1,1,2025-05-31
4064869,1,1,2025-12-29
4064929,3,3,2026-06-05
4064930,2,2,2026-05-01
4064938,13,0,2026-04-13
4064957,1,1,2025-08-11
4065133,1,0,2025-06-11
4065205,1,1,2025-06-02
4065216,14,6,2026-08-26
4065242,3,2,2026-04-20
4065248,3,1,2026-04-20
4065255,1,0,2026-06-01
4065293,1,0,2025-03-05
4065476,1,0,2025-12-03
4065481,2,2,2025-04-22
4065483,2,2,2025-04-22
4065558,1,0,2026-01-05
4065578,1,1,2025-04-18
4065610,3,1,2025-09-15
4065873,1,0,2025-03-25
4066013,4,4,2025-04-03
4066082,1,0,2025-10-28
4066169,4,0,2025-05-06
4066200,1,0,2025-01-31
4066273,1,0,2025-07-30
4066292,1,1,2026-04-01
4066302,4,4,2025-07-24
4066347,3,0,2026-02-21
4066366,1,0,2026-05-27
4066459,1,0,2025-11-20
4066554,1,0,2025-05-14
4066686,1,0,2026-01-28
4066811,2,1,2026-01-06
4066944,2,0,2025-11-25
4066981,1,0,2026-07-09
4066984,1,1,2025-10-01
4067019,1,0,2026-02-02
4067517,2,2,2026-04-20
4067732,2,0,2026-05-18
4067752,3,1,2026-05-05
4067818,1,0,2026-04-24
4067960,1,0,2025-12-16
4067984,1,0,2026-08-19
4068070,3,1,2026-06-25
4068345,2,1,2025-06-06
4068421,12,6,2026-09-02
4068437,2,1,2025-06-10
4068439,4,2,2025-08-19
4068444,1,0,2025-01-08
4068469,1,0,2025-06-18
4068553,2,2,2026-08-27
4068650,1,1,2025-06-02
4068878,1,0,2026-05-08
4069037,2,1,2025-06-06
4069253,9,1,2026-04-21
4069367,1,0,2025-05-12
4069399,2,2,2026-03-04
4069416,1,1,2025-05-05
4069615,1,0,2025-11-07
4069616,14,5,2026-07-02
4069958,2,0,2025-05-29
4069989,3,2,2026-05-23
4070074,8,7,2026-03-20
4070126,1,0,2025-03-21
4070371,2,0,2025-07-16
4070409,1,1,2026-04-14
4070411,3,0,2026-03-05
4070420,3,3,2025-06-26
4070445,5,0,2026-03-05
4070668,1,0,2025-07-09
4070686,1,0,2026-06-22
4070691,3,2,2026-06-18
4070702,4,0,2026-07-21
4070787,3,2,2025-01-08
4070889,1,0,2025-05-08
4070997,5,4,2026-03-30
4071006,3,1,2026-09-02
4071027,1,0,2026-03-30
4071133,2,0,2026-03-30
4071339,1,0,2025-03-05
4071400,4,2,2025-07-02
4071404,2,2,2025-05-05
4071441,1,0,2025-02-25
4071522,2,1,2025-08-19
4071547,2,1,2025-04-15
4071574,1,0,2026-08-04
4071656,1,0,2026-07-15
4071791,1,0,2026-03-18
4071811,1,0,2025-07-30
4071875,3,0,2025-02-28
4071943,1,0,2026-07-28
4071973,3,0,2026-03-09
4072017,5,0,2025-03-05
4072032,2,1,2026-04-10
4072036,1,0,2025-06-06
4072055,1,0,2025-02-25
4072062,5,0,2025-06-24
4072063,3,0,2025-08-06
4072064,1,0,2025-02-25
4072076,1,0,2025-04-17
4072086,2,0,2025-11-25
4072104,3,0,2026-03-25
4072135,1,0,2025-04-08
4072141,2,0,2025-12-12
4072142,1,0,2026-08-12
4072143,1,0,2025-09-03
4072146,2,1,2025-04-11
4072155,2,0,2025-12-05
4072157,1,1,2026-02-21
4072164,1,0,2025-11-20
4072177,1,0,2026-08-07
4072201,3,1,2026-02-19
4072310,3,3,2026-04-14
4072454,1,0,2025-05-28
4072457,10,0,2026-07-27
4072465,18,3,2026-06-29
4072466,1,0,2026-08-30
4072469,1,0,2025-01-29
4072476,8,2,2025-08-20
4072479,2,0,2026-06-26
4072550,2,0,2025-07-24
4072619,1,0,2026-02-25
4072810,1,0,2025-05-28
4072816,1,0,2025-09-17
4072853,1,1,2025-12-19
4072941,4,2,2026-08-11
4072981,2,0,2025-07-01
4073010,1,0,2025-04-24
4073043,8,5,2025-04-16
4073083,3,0,2025-01-08
4073456,1,1,2025-07-17
4073534,7,7,2025-01-12
4073579,3,1,2026-04-01
4073806,3,1,2026-08-19
4073830,1,0,2026-03-17
4073870,1,0,2025-04-24
4073904,9,0,2026-07-23
4074015,1,1,2026-03-13
4074051,2,0,2025-06-17
4074107,1,1,2026-07-16
4074379,1,0,2026-08-18
4074413,2,0,2026-05-21
4074550,3,2,2026-02-25
4074614,1,1,2025-06-17
4074625,1,1,2026-07-22
4074651,1,0,2025-12-22
4074656,2,0,2026-03-03
4074781,4,0,2026-03-06
4074784,1,0,2025-12-12
4074822,3,0,2026-03-03
4074893,1,0,2026-08-05
4074902,1,0,2025-08-06
4074922,1,0,2026-04-23
4074942,6,4,2025-10-16
4074969,1,0,2025-08-05
4074978,1,0,2026-03-25
4075029,24,19,2026-07-31
4075092,8,3,2026-07-20
4075138,3,2,2026-03-25
4075144,1,0,2025-04-22
4075214,4,0,2026-07-28
4075217,2,1,2026-08-25
4075220,2,0,2025-11-24
4075223,2,1,2025-06-23
4075226,1,0,2025-01-24
4075227,1,0,2026-08-10
4075234,1,1,2026-06-12
4075366,3,3,2025-09-16
4075445,4,4,2026-03-25
4075931,8,2,2026-04-07
4076010,2,2,2026-04-01
4076285,2,0,2025-01-30
4076530,1,1,2025-12-23
4076577,1,0,2025-11-19
4076581,2,2,2025-09-16
4076584,1,0,2026-08-04
4076687,1,0,2025-07-25
4076870,5,0,2026-07-30
4077002,3,0,2025-02-12
4077066,12,1,2026-05-12
4077083,3,1,2025-12-17
4077215,1,0,2025-12-12
4077291,1,1,2026-01-28
4077395,1,0,2025-05-05
4077408,1,0,2025-09-29
4077412,1,1,2025-07-02
4077443,1,0,2025-10-02
4077447,3,1,2026-03-09
4077466,1,1,2026-01-30
4077470,1,0,2025-04-24
4077474,2,1,2025-07-07
4077475,1,0,2026-03-07
4077483,1,0,2026-01-09
4077485,2,2,2025-08-11
4077486,4,2,2025-10-08
4077487,1,0,2025-03-25
4077488,1,0,2025-07-01
4077489,1,0,2025-07-01
4077523,3,0,2025-11-06
4077770,1,1,2026-04-28
4077872,2,1,2025-12-08
4077913,6,3,2025-04-01
4077922,1,0,2025-06-17
4078020,1,0,2025-05-28
4078025,1,0,2025-10-08
4078031,1,0,2025-05-30
4078086,2,2,2026-01-28
4078312,7,0,2026-08-04
4078368,1,0,2025-03-13
4078414,2,1,2025-06-23
4078501,1,0,2026-07-28
4078701,4,2,2025-06-04
4078759,2,1,2025-07-08
4078760,3,1,2025-10-10
4078797,1,0,2025-04-08
4078800,1,1,2025-12-04
4079204,6,0,2026-05-13
4079217,2,0,2025-09-16
4079258,2,1,2025-07-22
4079260,1,0,2026-04-20
4079268,2,1,2025-11-25
4079270,1,0,2025-04-08
4079282,1,0,2025-04-08
4079297,15,4,2026-08-03
4079388,2,2,2025-04-11
4079393,1,0,2026-04-09
4079394,1,0,2025-10-07
4079402,7,0,2026-07-22
4079404,1,0,2025-02-25
4079414,1,0,2025-07-16
4079415,1,0,2025-08-22
4079429,1,0,2025-02-25
4079440,4,0,2026-08-06
4079454,4,2,2025-12-24
4079475,1,0,2025-04-28
4079489,1,1,2025-09-04
4079515,1,0,2026-03-20
4079518,1,0,2025-10-08
4079531,1,0,2026-04-07
4079538,3,3,2026-01-08
4079568,1,0,2025-08-15
4079570,2,0,2025-07-02
4079580,1,1,2025-01-18
4079634,1,0,2026-03-07
4079667,1,1,2025-09-08
4079669,1,0,2026-03-17
4079671,2,0,2026-01-15
4079746,1,0,2026-04-20
4079939,2,2,2026-06-25
4079948,5,0,2026-03-26
4080002,1,1,2026-06-30
4080003,1,1,2026-01-08
4080028,3,0,2026-01-21
4080030,2,0,2026-01-27
4080037,1,0,2025-05-27
4080038,4,1,2026-04-27
4080048,2,1,2025-10-17
4080085,1,1,2025-12-08
4080107,1,1,2025-09-24
4080142,2,0,2025-07-01
4080145,1,0,2025-12-26
4080149,1,0,2025-08-05
4080155,1,0,2026-05-07
4080168,3,0,2026-02-27
4080169,5,2,2026-08-07
4080200,3,0,2026-07-06
4080206,4,4,2025-08-13
4080227,3,1,2026-03-10
4080234,6,0,2026-03-10
4080250,5,3,2026-01-14
4080347,1,0,2025-07-01
4080387,1,0,2025-05-20
4080410,2,0,2025-04-02
4080420,3,3,2026-05-22
4080429,1,0,2025-06-09
4080512,5,5,2025-08-26
4080560,2,1,2025-11-13
4080615,7,6,2025-11-24
4080616,2,1,2025-01-22
4080808,1,1,2025-01-25
4080834,1,0,2025-09-09
4080965,1,0,2025-06-09
4081085,1,0,2026-03-13
4081158,2,0,2025-12-11
4081198,2,0,2025-01-31
4081227,1,1,2025-08-13
4081238,1,0,2025-07-01
4081370,1,0,2025-02-11
4081394,1,0,2025-06-12
4081427,3,1,2026-05-28
4081540,2,0,2025-04-23
4081561,1,0,2026-02-19
4081608,1,0,2025-03-04
4081645,2,2,2025-04-29
4081704,1,0,2026-01-06
4081741,1,0,2025-01-29
4081790,9,2,2026-08-12
4081882,1,0,2026-06-01
4081900,3,1,2026-05-11
4081912,1,0,2025-07-01
4081925,3,2,2026-07-13
4081929,1,0,2025-07-01
4081951,1,1,2025-03-28
4081962,1,0,2025-10-10
4081964,1,1,2025-12-15
4081987,2,0,2026-03-09
4081992,1,0,2026-03-05
4081998,3,0,2026-07-16
4082055,1,1,2026-02-04
4082076,11,0,2026-03-09
4082115,2,0,2026-01-16
4082127,1,0,2025-12-16
4082136,1,0,2025-05-19
4082221,3,1,2025-05-02
4082231,3,2,2025-05-19
4082252,2,0,2025-06-11
4082304,1,1,2026-04-20
4082309,1,0,2026-06-19
4082312,4,3,2026-05-15
4082346,1,1,2025-06-04
4082358,1,0,2025-05-19
4082442,1,1,2026-01-13
4082449,2,0,2025-01-15
4082521,6,6,2026-04-16
4082542,1,0,2025-08-20
4082568,1,0,2025-07-01
4082575,1,0,2026-09-03
4082611,2,0,2025-01-16
4082652,2,1,2025-06-06
4082679,1,0,2026-01-02
4082690,2,1,2025-06-11
4082705,1,0,2025-07-01
4082712,2,0,2026-03-31
4082721,1,0,2025-07-01
4082782,1,0,2025-07-01
4082783,2,2,2025-06-06
4082807,2,2,2025-06-02
4082831,1,0,2025-07-01
4082848,1,1,2026-02-03
4082898,3,1,2025-01-27
4082907,1,1,2025-04-07
4082909,2,2,2025-03-13
4082910,1,0,2026-08-26
4082916,2,0,2025-06-04
4082946,2,1,2025-09-25
4083010,1,0,2025-07-01
4083013,1,0,2025-07-01
4083073,1,0,2025-07-01
4083223,1,0,2025-07-01
4083254,1,0,2025-04-10
4083319,3,1,2026-08-10
4083478,3,2,2025-05-20
4083488,2,1,2026-02-24
4083511,7,0,2026-03-09
4083519,3,0,2026-03-10
4083798,3,3,2025-10-15
4083925,1,0,2026-04-21
4083943,2,1,2025-06-27
4083999,1,0,2025-04-11
4084066,1,0,2026-08-20
4084121,1,0,2025-05-28
4084133,1,0,2025-05-28
4084214,1,1,2026-08-04
4084265,1,1,2025-06-03
4084278,1,1,2026-03-19
4084293,3,3,2025-08-26
4084420,2,0,2025-08-20
4084429,1,0,2025-10-16
4084507,1,0,2025-01-29
4084649,2,1,2025-11-19
4084673,1,0,2025-02-05
4084786,3,3,2025-10-27
4084800,1,0,2025-05-14
4085037,1,0,2025-02-11
4085082,2,1,2025-05-30
4085173,8,0,2026-03-05
4085184,1,0,2026-03-27
4085188,7,6,2026-04-08
4085209,1,1,2026-05-15
4085259,1,0,2025-09-18
4085264,2,1,2026-03-09
4085389,1,0,2026-05-21
4085407,1,0,2025-05-28
4085411,2,0,2026-06-10
4085444,3,0,2025-09-08
4085559,1,0,2025-01-29
4085561,5,2,2026-03-05
4085565,2,0,2025-04-18
4085633,1,0,2025-06-04
4085636,1,1,2025-06-06
4085721,1,0,2025-11-19
4085730,1,0,2025-08-14
4085753,9,5,2026-07-07
4085763,2,1,2025-06-11
4085818,4,3,2026-04-28
4085823,1,0,2026-03-05
4085866,8,0,2026-03-12
4085872,2,0,2025-02-03
4085902,4,3,2026-08-12
4085922,6,0,2026-03-04
4085994,1,0,2025-05-06
4086027,2,1,2025-06-04
4086051,1,0,2025-07-01
4086096,1,0,2025-05-08
4086223,1,0,2025-09-10
4086232,3,1,2025-08-19
4086251,3,1,2025-06-06
4086278,1,0,2025-01-03
4086290,1,0,2025-05-13
4086295,1,0,2025-04-24
4086338,1,0,2025-07-03
4086384,2,0,2026-06-23
4086642,1,0,2026-05-11
4086643,1,1,2026-05-20
4086738,1,0,2025-06-04
4086741,2,0,2025-07-01
4086779,1,0,2026-03-09
4086827,1,1,2026-08-27
4086896,2,0,2025-08-22
4086922,4,2,2026-01-06
4086944,2,0,2025-04-23
4087002,1,0,2025-07-23
4087005,1,0,2025-12-31
4087033,1,1,2026-05-07
4087069,1,1,2025-06-15
4087180,1,1,2026-02-05
4087183,2,1,2025-11-26
4087187,3,3,2026-02-06
4087215,1,0,2025-08-10
4087300,4,2,2026-07-22
4087382,1,1,2025-05-05
4087393,2,0,2026-06-09
4087418,2,2,2025-11-29
4087423,1,0,2025-02-25
4087429,1,0,2025-02-25
4087446,2,0,2025-01-03
4087701,1,0,2025-05-30
4087708,2,0,2025-03-17
4087722,1,0,2025-05-30
4087850,1,1,2026-02-12
4087856,1,0,2025-05-30
4087884,3,0,2026-09-10
4087894,5,2,2026-01-16
4087927,1,0,2025-02-03
4088029,1,0,2026-05-18
4088059,1,1,2025-05-21
4088272,1,0,2025-08-14
4088283,1,0,2025-08-20
4088493,1,0,2025-05-21
4088508,2,0,2025-05-21
4088618,1,1,2025-05-21
4088666,2,2,2026-09-03
4088856,1,1,2026-02-28
4088916,1,0,2025-04-15
4088973,1,0,2026-04-28
4088986,4,2,2026-07-24
4089037,1,0,2025-12-31
4089152,7,6,2025-04-25
4089157,4,1,2025-04-16
4089213,1,0,2025-05-09
4089224,3,0,2026-07-14
4089308,4,3,2025-07-24
4089311,1,0,2025-07-23
4089312,1,0,2026-01-12
4089322,2,1,2026-01-20
4089329,3,0,2025-11-06
4089483,2,0,2026-06-01
4089566,12,0,2026-03-02
4089700,1,0,2025-05-28
4089745,1,0,2025-03-17
4089764,13,3,2026-03-16
4089766,1,0,2025-09-22
4089809,2,1,2026-01-07
4089864,1,1,2026-04-24
4089894,1,0,2025-02-11
4090012,1,1,2025-05-29
4090043,1,1,2026-03-11
4090076,1,1,2025-03-10
4090222,3,2,2025-06-04
4090312,1,0,2026-06-02
4090322,1,1,2025-08-14
4090330,2,1,2026-08-04
4090353,2,1,2026-01-16
4090363,1,0,2025-05-28
4090370,1,1,2026-05-09
4090378,2,1,2025-02-24
4090401,1,0,2026-03-13
4090418,1,0,2025-10-10
4090560,3,1,2025-11-05
4090668,1,0,2026-03-12
4090751,2,0,2026-05-18
4090817,1,0,2026-07-28
4090898,1,0,2025-09-12
4090903,1,0,2025-01-29
4091023,6,6,2025-07-21
4091040,2,1,2025-06-02
4091041,2,1,2025-06-02
4091042,2,1,2025-06-02
4091043,4,1,2025-06-02
4091044,2,1,2025-06-02
4091288,1,1,2025-04-21
4091412,7,3,2026-06-14
4091416,1,0,2026-03-18
4091589,1,0,2025-05-28
4091607,1,0,2026-04-03
4091640,1,0,2026-02-05
4091646,2,0,2025-06-04
4091683,1,0,2025-11-25
4091708,1,0,2025-03-13
4091737,8,0,2026-03-10
4091781,3,2,2025-03-17
4091862,2,0,2025-01-15
4091903,4,1,2025-03-10
4091904,4,0,2026-04-28
4092050,1,0,2026-08-04
4092094,1,0,2026-04-13
4092222,1,1,2025-11-25
4092270,1,1,2026-03-30
4092389,3,0,2025-09-08
4092399,6,4,2025-12-09
4092551,1,0,2025-04-24
4092966,1,0,2025-04-29
4093077,1,0,2026-06-12
4093083,2,2,2025-12-01
4093282,3,3,2025-09-16
4093341,2,0,2025-04-28
4093429,3,0,2026-08-18
4093431,4,4,2025-07-09
4093467,1,1,2025-12-30
4093531,1,1,2026-08-30
4093581,1,1,2025-10-07
4093668,1,0,2026-01-07
4093692,1,0,2026-05-07
4093729,1,0,2026-01-12
4093790,1,0,2026-04-02
4093892,1,1,2026-08-19
4093953,1,1,2025-12-31
4094055,5,0,2026-06-30
4094106,1,0,2026-04-08
4094193,1,0,2025-01-08
4094296,4,0,2026-02-10
4094378,1,0,2025-05-27
4094842,1,0,2026-07-15
4094902,1,0,2026-01-13
4094913,1,1,2026-06-08
4094941,5,1,2026-06-23
4094942,1,0,2026-06-23
4094949,5,2,2026-03-02
4094964,1,0,2025-06-11
4094969,13,7,2026-02-26
4095006,1,0,2025-09-25
4095016,1,0,2025-02-25
4095040,1,0,2025-02-25
4095119,2,2,2025-09-03
4095188,2,1,2026-01-05
4095190,1,1,2025-06-13
4095200,1,0,2025-09-10
4095268,1,1,2025-02-14
4095319,3,0,2025-09-16
4095488,2,0,2026-01-16
4095571,4,4,2026-05-21
4095590,1,1,2025-10-22
4095927,1,0,2026-03-18
4096527,2,1,2025-12-19
4096537,5,2,2026-03-18
4096637,2,0,2026-04-17
4096760,1,1,2025-09-23
4096774,12,1,2026-08-14
4096893,2,2,2025-03-04
4096945,1,0,2026-01-28
4097001,3,2,2026-07-08
4097091,1,0,2025-08-20
4097102,2,2,2025-11-21
4097113,1,0,2025-08-07
4097214,1,0,2025-11-14
4097291,3,0,2025-06-11
4097338,1,0,2026-05-05
4097392,2,1,2025-05-14
4097500,4,2,2025-03-19
4097532,2,0,2025-09-23
4097670,3,0,2026-08-28
4097698,1,1,2026-06-18
4097740,22,17,2026-07-16
4097760,1,0,2026-02-09
4097820,8,8,2025-07-23
4097876,1,1,2025-04-17
4097880,1,0,2025-09-09
4097920,1,1,2025-12-31
4098019,3,1,2026-01-02
4098026,1,0,2026-07-08
4098061,1,0,2025-02-13
4098120,1,1,2026-02-19
4098140,4,1,2026-06-24
4098148,2,0,2025-01-29
4098186,1,0,2026-06-02
4098221,1,0,2025-07-01
4098265,2,0,2026-02-12
4098278,4,3,2025-04-07
4098279,2,0,2025-06-04
4098351,1,1,2025-03-31
4098374,3,2,2026-07-22
4098406,6,0,2026-03-12
4098509,1,0,2025-10-22
4098711,1,0,2026-04-27
4098772,1,1,2026-08-06
4098778,2,0,2026-03-11
4098817,3,2,2025-11-25
4098827,1,0,2026-07-08
4098854,2,2,2026-08-06
4098910,1,1,2026-06-20
4098952,5,2,2026-07-17
4099010,1,0,2025-12-03
4099033,1,0,2025-06-10
4099077,1,0,2026-02-09
4099122,1,0,2026-04-02
4099162,1,0,2026-08-28
4099205,1,0,2025-12-18
4099220,1,0,2025-06-10
4099233,7,0,2026-03-17
4099243,2,2,2025-01-17
4099259,1,0,2026-07-14
4099316,1,0,2025-09-02
4099351,1,0,2026-09-10
4099506,1,0,2025-01-29
4099636,1,0,2026-07-20
4099641,4,3,2025-08-14
4099657,1,1,2025-09-03
4099751,1,0,2026-01-08
4099780,2,0,2025-02-13
4099797,2,1,2026-05-05
4099832,2,1,2025-09-10
4099858,4,4,2025-09-02
4099869,1,0,2025-09-25
4099923,2,0,2026-02-26
4099925,3,0,2026-03-11
4100011,1,0,2025-04-11
4100053,1,1,2026-02-24
4100188,1,1,2025-04-25
4100252,1,1,2025-02-26
4100359,2,0,2026-01-27
4100380,1,0,2026-07-14
4100389,1,1,2025-07-01
4100635,6,1,2026-07-27
4100648,1,0,2025-10-27
4100675,1,0,2025-03-20
4100717,1,0,2025-02-12
4100730,3,1,2025-10-21
4100748,1,0,2026-05-14
4100768,1,0,2025-02-11
4100772,1,0,2025-04-14
4100784,6,1,2026-04-01
4100807,1,0,2026-08-24
4100837,1,0,2026-01-05
4100846,4,0,2026-03-11
4100848,2,0,2026-07-09
4100930,1,0,2026-08-27
4101021,3,2,2025-11-14
4101050,3,3,2025-03-04
4101141,1,0,2025-10-30
4101223,12,8,2025-10-02
4101224,2,0,2025-10-24
4101267,3,2,2026-08-28
4101273,2,0,2026-07-14
4101357,7,6,2026-01-02
4101624,2,2,2025-08-20
4101794,2,1,2025-03-19
4101941,1,0,2026-04-14
4101951,1,0,2026-07-28
4102078,1,0,2026-02-19
4102181,1,0,2025-06-09
4102206,1,0,2026-05-26
4102261,2,2,2025-08-12
4102281,1,0,2026-07-10
4102394,2,0,2025-11-12
4102406,1,1,2026-06-18
4102409,1,0,2025-07-29
4102502,1,0,2025-02-26
4102536,4,4,2025-06-11
4102818,1,0,2025-05-27
4102842,4,1,2025-06-03
4102900,3,1,2025-09-10
4103056,7,0,2026-03-16
4103162,4,2,2026-06-08
4103583,1,1,2026-01-05
4103663,2,0,2026-04-16
4103666,2,0,2026-01-06
4103747,5,3,2026-05-21
4103813,3,1,2025-04-21
4103993,1,0,2025-11-18
4104131,2,2,2025-03-04
4104161,1,0,2025-06-25
4104168,2,1,2025-10-29
4104170,1,0,2025-02-01
4104171,1,0,2026-04-20
4104180,1,0,2026-02-01
4104185,1,0,2026-04-13
4104239,1,0,2026-08-24
4104301,1,0,2026-07-08
4104371,2,1,2025-10-29
4104436,1,0,2026-02-19
4104530,1,0,2026-06-04
4104537,2,2,2025-10-21
4104674,1,0,2025-02-25
4104711,1,0,2026-05-31
4104797,9,2,2026-04-15
4104809,1,0,2025-04-22
4104857,1,1,2025-04-08
4104908,6,2,2025-12-31
4104942,1,0,2026-08-17
4104956,2,0,2026-04-27
4105071,3,0,2026-07-14
4105093,1,0,2025-05-15
4105232,7,0,2026-03-13
4105249,3,1,2025-11-21
4105280,3,2,2026-07-28
4105303,1,0,2026-06-10
4105324,1,0,2025-10-10
4105325,2,0,2026-06-12
4105328,2,0,2026-03-06
4105427,5,5,2025-07-27
4105490,1,0,2026-06-25
4105623,1,0,2025-12-11
4105688,2,0,2025-07-16
4105709,2,1,2026-04-03
4105771,3,1,2025-10-31
4105802,1,0,2026-01-23
4105837,2,1,2026-08-19
4105894,2,0,2026-01-30
4105899,3,1,2025-06-02
4106212,1,0,2025-05-28
4106223,3,1,2025-11-28
4106230,1,0,2025-10-23
4106410,1,0,2025-02-06
4106472,4,0,2026-07-15
4106612,1,0,2025-12-03
4106709,1,0,2026-03-18
4106724,1,0,2026-01-27
4106882,3,0,2026-02-17
4106921,1,1,2025-08-16
4106928,1,0,2026-01-12
4106937,1,0,2026-03-06
4107008,1,1,2025-01-16
4107012,2,1,2026-05-26
4107248,1,0,2025-08-14
4107342,3,0,2026-03-17
4107362,1,0,2026-03-16
4107530,2,2,2026-08-05
4107550,1,0,2026-07-10
4107575,2,0,2025-02-21
4107675,2,0,2026-02-19
4107876,1,0,2025-06-03
4107880,1,0,2026-04-28
4107885,1,0,2025-08-27
4107974,1,0,2026-07-30
4107984,3,2,2025-03-19
4108117,4,0,2026-01-07
4108231,7,6,2026-04-21
4108232,8,2,2025-06-04
4108249,1,1,2025-12-04
4108310,1,0,2025-02-11
4108313,2,1,2026-06-10
4108345,2,2,2025-04-02
4108396,1,1,2025-07-22
4108547,1,0,2026-03-11
4108559,1,0,2026-08-04
4108568,1,1,2025-04-17
4108606,8,4,2026-01-17
4108639,1,1,2026-08-12
4108656,1,0,2026-05-05
4108664,6,0,2026-03-17
4108665,3,0,2026-03-17
4108790,1,1,2025-10-02
4108866,1,0,2026-05-01
4108892,1,0,2025-04-01
4109032,1,1,2025-05-07
4109052,1,1,2026-05-12
4109124,1,1,2025-06-23
4109183,5,1,2025-02-12
4109253,1,0,2026-03-16
4109359,3,1,2025-10-18
4109514,3,0,2025-11-10
4109528,1,0,2026-04-22
4109691,3,0,2026-08-19
4109741,2,1,2025-02-03
4109763,1,0,2025-12-02
4109810,1,0,2026-01-15
4109820,3,0,2026-07-20
4109821,3,1,2026-03-31
4109887,2,0,2026-06-08
4109972,1,0,2025-05-07
4110220,1,1,2025-10-24
4110243,1,0,2025-02-11
4110428,2,0,2025-05-27
4110466,8,2,2026-07-06
4110502,1,0,2026-04-22
4110685,3,1,2026-05-26
4110725,3,0,2026-08-21
4110760,6,6,2025-05-06
4110787,1,1,2025-10-31
4110805,4,0,2025-05-21
4110821,1,0,2025-10-27
4111014,1,0,2025-10-10
4111048,4,0,2025-03-06
4111253,1,0,2025-10-10
4111276,1,0,2026-01-05
4111303,5,3,2025-10-17
4111304,2,0,2025-07-08
4111751,1,1,2025-04-29
4111833,1,0,2026-06-17
4111856,1,0,2026-01-27
4111908,1,0,2026-07-09
4111912,1,0,2026-08-16
4111914,5,1,2025-10-23
4111919,1,0,2025-05-04
4111935,2,1,2026-07-14
4111993,2,0,2025-04-10
4111998,1,0,2025-07-01
4112014,1,0,2025-11-13
4112025,1,0,2025-02-25
4112038,2,0,2025-12-03
4112044,2,0,2025-03-13
4112102,15,4,2026-08-31
4112105,2,0,2026-03-05
4112106,5,1,2026-03-12
4112119,1,1,2025-07-24
4112120,1,0,2025-05-16
4112123,6,0,2026-01-27
4112130,1,0,2025-03-04
4112161,26,10,2026-09-08
4112197,8,0,2026-01-31
4112200,1,0,2026-05-15
4112204,2,0,2025-02-07
4112207,6,2,2026-08-03
4112216,2,1,2025-11-03
4112220,16,13,2026-02-07
4112233,1,0,2026-08-13
4112241,1,0,2025-03-04
4112249,2,2,2025-11-05
4112255,1,0,2025-10-27
4112257,3,2,2025-12-18
4112269,3,0,2025-10-29
4112270,2,0,2025-01-30
4112273,1,0,2026-06-05
4112276,3,2,2026-07-24
4112278,7,6,2025-12-16
4112279,1,0,2025-01-10
4112291,4,2,2025-11-07
4112292,4,1,2026-04-17
4112296,6,3,2026-09-10
4112305,3,0,2025-01-30
4112310,1,0,2026-04-29
4112313,1,0,2026-04-29
4112315,1,0,2026-05-21
4112316,4,0,2025-01-08
4112321,1,0,2026-06-08
4112334,1,0,2026-06-18
4112357,1,0,2025-11-06
4112360,2,1,2026-06-09
4112366,2,1,2026-07-27
4112367,2,0,2025-12-15
4112374,4,1,2026-07-13
4112375,2,1,2026-06-23
4112381,1,0,2025-06-05
4112473,1,1,2025-01-25
4112484,1,0,2026-03-05
4112489,1,0,2026-07-06
4112499,1,0,2026-05-07
4112503,2,1,2025-12-11
4112512,4,2,2026-05-21
4112513,2,1,2026-06-10
4112514,2,1,2025-11-05
4112522,1,0,2025-12-22
4112550,3,0,2026-04-20
4112551,1,0,2025-09-11
4112812,1,0,2025-04-25
4112831,1,0,2026-06-02
4112882,5,4,2026-05-20
4112955,16,6,2025-10-04
4112964,3,2,2026-06-10
4112965,3,2,2026-06-29
4112966,1,1,2026-06-01
4113027,4,2,2026-07-13
4113043,2,1,2026-06-22
4113049,2,0,2026-06-19
4113062,5,5,2025-09-05
4113064,1,0,2025-08-21
4113095,2,2,2025-07-25
4113132,1,0,2025-11-24
4113172,10,0,2026-03-13
4113177,1,0,2026-04-29
4113183,1,1,2026-05-11
4113204,1,0,2026-04-29
4113218,4,3,2025-12-08
4113236,10,6,2026-07-17
4113237,2,2,2025-04-11
4113242,1,0,2026-06-09
4113249,1,0,2025-08-07
4113258,4,0,2026-01-07
4113284,1,0,2026-03-27
4113286,5,1,2026-06-09
4113291,4,0,2025-03-20
4113292,4,2,2026-05-11
4113293,1,0,2025-10-30
4113407,4,4,2025-07-18
4113452,4,4,2025-09-11
4113463,1,0,2025-01-08
4113526,1,1,2025-03-23
4113530,2,1,2026-06-09
4113577,1,0,2025-12-15
4113634,1,0,2025-03-29
4113636,1,0,2025-12-05
4113643,1,0,2025-02-26
4113654,2,1,2026-06-17
4113657,1,0,2025-04-08
4113661,4,1,2026-07-10
4113662,1,0,2026-04-14
4113668,1,0,2025-08-12
4113669,1,1,2025-04-28
4113681,2,2,2025-01-15
4113843,1,0,2026-04-20
4113846,1,1,2025-12-23
4113928,4,2,2026-06-30
4114000,1,0,2025-11-19
4114026,2,1,2025-04-25
4114037,2,1,2026-01-12
4114047,4,0,2025-04-28
4114048,2,0,2025-04-23
4114053,2,0,2025-06-27
4114110,4,1,2026-06-04
4114111,7,5,2026-07-30
4114112,2,2,2026-07-30
4114121,1,0,2025-01-22
4114126,3,0,2026-03-23
4114127,1,0,2026-03-23
4114132,1,0,2025-03-17
4114137,1,0,2025-06-03
4114142,1,0,2025-03-06
4114143,1,0,2025-05-28
4114167,3,0,2025-06-26
4114189,3,1,2025-03-07
4114190,22,0,2026-08-26
4114199,3,0,2026-08-26
4114202,2,2,2026-07-25
4114204,6,2,2026-07-31
4114205,1,0,2026-02-09
4114207,1,0,2026-08-31
4114210,5,1,2025-10-12
4114214,7,3,2026-01-03
4114223,1,1,2025-03-20
4114224,2,0,2026-07-21
4114225,1,0,2026-07-02
4114233,1,0,2025-10-21
4114236,2,1,2025-12-05
4114243,2,0,2026-05-12
4114245,2,2,2026-07-14
4114264,8,2,2026-06-30
4114272,13,8,2026-06-10
4114281,3,0,2025-12-05
4114293,3,2,2026-05-22
4114294,5,0,2026-06-22
4114650,3,0,2025-12-24
4114657,8,1,2026-03-13
4114661,2,1,2026-07-30
4114663,1,0,2025-12-05
4114710,1,0,2026-04-14
4114712,2,1,2026-05-16
4114713,9,4,2026-08-10
4114715,1,0,2025-07-17
4114741,1,0,2025-03-20
4114755,1,0,2025-04-08
4114762,1,0,2025-04-08
4114763,10,0,2026-03-05
4114771,4,0,2025-03-31
4114787,2,1,2025-05-22
4114796,1,0,2025-07-22
4114815,2,0,2025-04-08
4114895,2,1,2026-07-17
4114896,1,0,2026-07-15
4114939,1,0,2026-04-11
4114943,1,0,2025-12-05
4114953,33,15,2026-07-15
4114965,9,2,2025-04-23
4114986,1,0,2025-02-04
4115018,1,0,2026-06-17
4115019,1,0,2025-03-01
4115036,2,0,2025-02-12
4115055,1,1,2025-05-10
4115061,8,6,2025-12-18
4115063,1,1,2025-08-12
4115065,1,0,2026-07-22
4115070,1,0,2026-08-18
4115109,7,3,2026-07-24
4115126,11,5,2026-05-14
4115135,1,1,2026-08-04
4115139,10,4,2026-08-07
4115154,8,8,2026-03-22
4115162,1,0,2026-03-06
4115165,2,0,2026-01-07
4115177,7,4,2026-07-01
4115199,6,3,2026-07-30
4115213,2,0,2026-01-05
4115237,1,0,2025-10-17
4115253,2,0,2026-02-20
4115257,1,1,2026-03-09
4115306,1,0,2026-03-04
4115312,4,2,2025-12-23
4115353,1,0,2026-02-24
4115364,3,1,2026-01-14
4115368,4,1,2026-04-20
4115369,2,0,2025-06-23
4115389,1,0,2026-02-24
4115398,2,1,2026-05-28
4115401,2,0,2025-04-08
4115408,1,0,2025-09-02
4115420,9,8,2025-02-11
4115449,3,0,2026-05-19
4115453,3,0,2026-06-18
4115467,1,0,2026-02-20
4115474,1,0,2026-06-22
4115476,7,7,2025-07-31
4115632,3,2,2025-06-18
4115634,3,0,2026-01-28
4115654,1,0,2025-02-25
4115668,1,1,2025-02-10
4115671,3,1,2025-03-10
4115673,1,0,2026-01-28
4115777,2,0,2025-12-16
4115780,1,0,2025-06-28
4115784,1,0,2025-05-28
4115789,4,1,2026-04-20
4115790,6,3,2026-08-26
4115884,5,4,2026-06-18
4115885,6,4,2026-07-13
4115904,1,0,2026-02-17
4115905,1,0,2025-03-01
4115910,1,0,2025-02-25
4116353,1,0,2025-12-12
4116405,1,0,2025-09-25
4116412,6,1,2026-07-29
4116415,1,0,2025-01-10
4116417,1,0,2025-02-20
4116419,1,0,2026-05-20
4116420,1,0,2025-02-20
4116423,1,0,2025-03-22
4116424,4,2,2026-06-03
4116425,2,1,2025-12-04
4116436,6,0,2026-03-19
4116442,1,0,2025-05-28
4116534,3,0,2026-04-02
4116547,2,2,2025-01-07
4116556,1,0,2026-05-11
4116691,2,0,2026-03-17
4116713,3,1,2025-07-29
4116734,3,2,2025-10-17
4116782,1,0,2026-02-06
4116804,2,0,2026-02-19
4116842,2,2,2025-07-18
4116843,1,1,2025-07-18
4116847,1,1,2025-07-18
4116850,1,1,2025-07-18
4116853,1,0,2025-07-24
4116859,1,1,2025-07-18
4116860,1,0,2025-07-24
4116861,1,0,2025-07-24
4116862,1,0,2025-07-24
4116866,1,0,2025-07-24
4116872,1,0,2025-07-24
4116874,1,1,2025-07-18
4116877,1,0,2025-07-23
4116878,1,0,2025-07-23
4116880,1,1,2025-07-18
4116894,1,0,2025-07-24
4116898,1,0,2025-07-25
4116899,1,0,2025-07-25
4116908,1,0,2026-04-28
4116911,1,0,2026-01-29
4116912,2,0,2026-06-01
4116914,1,0,2026-01-29
4116918,4,0,2025-09-19
4116923,1,1,2025-09-11
4116925,3,1,2026-08-21
4116927,17,9,2026-07-28
4116928,10,1,2026-01-31
4116934,4,0,2025-11-12
4116935,5,5,2025-01-09
4117038,7,3,2026-04-03
4117042,3,0,2025-12-12
4117046,1,0,2025-05-16
4117047,2,1,2026-04-16
4117051,2,2,2025-05-10
4117060,5,3,2026-01-12
4117066,7,3,2026-08-18
4117067,3,1,2025-12-09
4117114,2,0,2025-04-21
4117141,1,1,2026-08-04
4117142,4,1,2026-06-29
4117143,6,2,2025-12-10
4117144,2,1,2025-12-10
4117147,2,1,2025-07-14
4117155,1,0,2025-10-30
4117156,1,0,2025-02-18
4117159,4,1,2026-01-12
4117180,1,0,2026-03-16
4117217,3,0,2025-03-04
4117223,3,0,2026-02-24
4117321,1,1,2025-11-06
4117332,4,0,2026-09-09
4117387,1,1,2025-08-28
4117390,2,0,2025-03-03
4117403,6,0,2026-03-19
4117443,2,2,2025-02-14
4117444,1,0,2026-06-29
4117448,2,1,2025-05-12
4117458,2,2,2026-07-17
4117538,2,2,2026-02-09
4117540,1,0,2025-08-29
4117546,3,1,2026-03-31
4117561,6,4,2026-03-04
4117583,6,3,2026-03-04
4117599,2,0,2025-01-29
4117631,1,0,2026-05-21
4117667,2,0,2025-02-18
4117691,1,0,2026-01-14
4117694,1,1,2026-01-29
4117721,8,2,2025-08-26
4117728,2,0,2025-09-09
4117731,3,3,2025-05-05
4117908,2,0,2025-11-20
4117955,7,4,2025-09-29
4117957,3,3,2026-03-10
4118002,10,4,2026-03-30
4118025,2,2,2026-09-10
4118026,1,0,2026-05-27
4118040,1,0,2026-04-02
4118087,1,1,2026-03-19
4118190,2,0,2025-08-08
4118257,1,0,2026-05-11
4118317,2,2,2026-03-06
4118326,1,0,2025-01-23
4118364,3,3,2025-10-22
4118390,1,0,2025-02-25
4118580,2,1,2025-12-15
4118588,1,1,2026-08-12
4118689,1,0,2025-03-21
4118730,6,6,2026-03-30
4118819,1,1,2026-01-12
4118954,13,0,2026-03-12
4119113,2,2,2025-06-25
4119139,13,1,2026-07-29
4119150,2,2,2025-05-21
4119162,1,0,2026-07-15
4119193,3,0,2026-02-02
4119204,5,2,2026-08-18
4119268,1,0,2025-03-04
4119276,1,0,2026-08-21
4119301,2,0,2025-02-11
4119310,2,2,2025-06-10
4119365,1,1,2025-11-24
4119396,4,1,2025-01-10
4119428,2,0,2025-01-30
4119432,1,0,2026-01-27
4119453,3,3,2026-04-16
4119462,3,1,2025-06-12
4119492,1,1,2025-02-10
4119501,4,1,2025-11-13
4119879,1,0,2025-04-08
4119929,1,0,2026-02-12
4119936,1,0,2026-01-09
4119966,1,0,2025-05-28
4120003,2,1,2025-08-26
4120175,1,0,2026-03-26
4120270,1,0,2025-05-01
4120294,1,0,2025-02-25
4120327,2,1,2026-05-20
4120335,3,3,2025-06-28
4120349,1,0,2025-01-08
4120395,4,1,2025-07-07
4120399,3,2,2026-03-25
4120408,2,0,2026-02-27
4120417,1,0,2025-06-12
4120449,1,0,2025-02-25
4120451,1,0,2026-05-14
4120454,3,1,2026-07-29
4120455,1,0,2025-11-13
4120468,1,1,2025-11-06
4120470,1,0,2025-03-04
4120471,6,3,2026-05-19
4120472,4,3,2026-07-28
4120477,5,0,2025-08-28
4120500,2,0,2025-10-22
4120522,1,0,2026-05-05
4120528,1,1,2025-09-26
4120544,2,0,2025-04-30
4120549,1,0,2025-02-25
4120552,15,15,2026-03-24
4120607,6,1,2025-06-05
4120692,1,0,2026-08-07
4120838,2,0,2025-12-01
4120850,1,0,2025-01-28
4120853,1,0,2025-05-09
4120880,2,1,2026-03-16
4120898,2,0,2025-07-31
4120941,1,0,2026-08-26
4121013,1,0,2025-02-11
4121075,3,2,2025-01-08
4121076,1,0,2025-04-08
4121121,2,0,2026-04-13
4121265,6,5,2026-08-20
4121269,8,1,2026-02-17
4121277,17,5,2026-07-23
4121326,14,3,2026-04-15
4121371,1,0,2026-03-10
4121440,1,1,2025-04-10
4121450,1,1,2025-05-22
4121503,4,2,2026-01-08
4121541,1,1,2026-08-28
4121594,3,1,2025-12-09
4121629,2,2,2026-07-13
4121654,2,1,2026-08-05
4121720,1,1,2025-05-30
4121733,1,0,2026-06-08
4121739,3,0,2025-07-25
4121745,1,0,2026-06-22
4121748,2,1,2025-08-07
4121765,3,0,2025-10-30
4121844,1,0,2026-02-13
4121879,1,0,2025-11-20
4121950,1,0,2026-06-02
4121956,1,0,2025-10-08
4122034,1,0,2026-03-10
4122038,1,0,2026-08-27
4122051,1,0,2026-02-02
4122056,1,0,2026-03-03
4122074,2,2,2026-04-06
4122099,4,0,2026-08-20
4122125,2,0,2026-07-22
4122157,1,0,2025-10-30
4122243,1,0,2026-03-02
4122301,2,2,2026-08-04
4122327,2,0,2026-02-03
4122379,4,0,2025-05-01
4122394,1,0,2026-06-16
4122422,2,0,2026-06-25
4122526,1,0,2025-09-22
4122559,1,1,2025-12-23
4122600,1,0,2025-11-24
4122705,1,0,2025-10-14
4122808,2,0,2026-02-05
4122813,7,0,2025-11-03
4122839,7,5,2025-11-06
4122876,1,0,2026-01-29
4122877,1,0,2026-01-29
4123028,2,1,2025-10-30
4123029,1,1,2026-01-21
4123030,15,8,2026-05-20
4123046,3,0,2026-03-06
4123141,1,1,2025-09-22
4123149,1,0,2025-10-24
4123183,2,0,2026-01-12
4123238,2,1,2026-02-09
4123289,2,0,2025-02-04
4123306,1,0,2026-06-03
4123331,4,1,2026-08-27
4123382,7,5,2026-03-30
4123454,5,0,2026-03-16
4123514,2,0,2026-05-28
4123607,5,2,2025-10-14
4123624,1,0,2026-04-13
4123653,4,0,2025-01-03
4123813,2,2,2025-06-24
4123814,1,1,2025-12-05
4123857,1,0,2026-03-03
4123967,1,0,2025-01-06
4123992,6,2,2025-12-08
4124029,1,0,2026-03-16
4124054,1,1,2025-03-20
4124133,1,0,2025-07-30
4124211,5,0,2026-02-12
4124212,6,1,2026-09-04
4124315,2,0,2026-09-09
4124395,2,0,2026-08-17
4124401,1,0,2025-08-21
4124455,1,0,2025-07-30
4124516,1,0,2025-11-13
4124631,2,1,2025-11-24
4124738,1,0,2026-08-21
4124914,1,0,2026-05-08
4124982,5,3,2025-07-01
4125027,1,0,2025-08-08
4125028,1,0,2025-08-08
4125029,1,0,2025-08-08
4125030,1,0,2025-08-08
4125068,5,0,2026-06-15
4125083,6,2,2026-09-09
4125239,1,0,2025-02-24
4125277,1,0,2025-12-02
4125302,2,0,2026-08-04
4125326,2,0,2025-04-18
4125343,1,0,2025-10-29
4125344,1,0,2025-03-14
4125516,1,0,2025-04-01
4125529,1,0,2025-11-14
4125575,2,2,2026-09-03
4125704,4,1,2025-05-13
4125715,1,0,2026-06-11
4125728,1,0,2026-06-24
4125933,1,0,2026-08-21
4125967,1,0,2025-12-05
4126046,1,0,2026-05-05
4126059,2,0,2026-09-08
4126201,1,0,2025-12-29
4126227,1,0,2026-07-16
4126241,1,0,2025-08-05
4126254,4,2,2026-07-14
4126302,3,1,2025-07-09
4126346,2,0,2025-07-03
4126378,1,0,2026-05-14
4126430,4,0,2026-07-06
4126573,1,0,2026-07-16
4126601,2,0,2026-06-23
4126606,1,0,2026-01-16
4126611,4,0,2026-06-23
4126627,9,0,2026-08-18
4126683,1,1,2026-01-12
4126689,1,0,2026-01-06
4126792,3,3,2026-04-03
4126807,1,0,2026-06-23
4126823,1,0,2026-03-18
4126881,1,0,2025-10-16
4126882,1,1,2026-01-30
4126940,3,2,2026-08-13
4127005,2,2,2025-05-14
4127142,4,1,2025-12-03
4127174,1,0,2025-05-01
4127206,1,0,2025-04-01
4127224,2,1,2025-03-06
4127291,2,0,2025-07-07
4127322,2,0,2025-12-26
4127386,5,0,2026-03-04
4127392,1,1,2025-11-13
4127400,1,1,2026-06-29
4127420,2,1,2025-02-04
4127524,2,2,2025-09-05
4127528,3,1,2025-09-09
4127572,4,0,2025-07-02
4127735,2,0,2026-06-05
4127759,1,0,2025-03-19
4127847,1,0,2026-01-10
4128231,4,0,2026-05-07
4128350,1,0,2026-03-19
4128442,1,0,2025-08-01
4128453,1,0,2026-05-01
4128502,2,1,2026-04-06
4128615,1,0,2025-03-17
4128632,2,0,2026-08-19
4128698,1,0,2026-08-12
4128711,4,2,2026-09-01
4128717,10,0,2026-03-17
4128784,1,0,2026-09-09
4128811,1,0,2026-08-06
4128831,2,1,2025-07-22
4128851,6,1,2026-07-17
4128853,1,1,2025-09-02
4128879,2,0,2026-03-27
4129046,2,0,2025-07-16
4129072,7,1,2026-03-16
4129128,1,1,2025-09-15
4129186,6,1,2026-08-11
4129316,2,0,2026-05-06
4129432,8,8,2025-11-25
4129445,4,1,2026-01-02
4129571,2,0,2025-05-28
4129709,1,0,2026-03-10
4129715,1,0,2025-04-24
4129767,3,0,2025-07-08
4129832,2,0,2025-12-10
4129981,8,5,2026-06-30
4129997,1,0,2025-08-04
4130063,3,3,2025-06-22
4130086,3,3,2026-02-10
4131147,10,0,2026-03-17
4131183,1,0,2025-05-28
4132446,7,3,2026-08-11
4132450,1,0,2025-09-23
4132451,1,0,2025-12-23
4132509,1,0,2025-10-23
4132615,2,0,2025-10-14
4132718,2,0,2025-08-26
4132806,1,1,2025-03-23
4132809,2,2,2025-03-13
4132858,1,0,2025-09-04
4132949,3,0,2025-09-10
4133033,1,0,2025-02-27
4133096,1,0,2025-04-08
4133110,2,0,2026-06-26
4133116,1,1,2025-04-10
4133125,2,0,2026-03-02
4133163,1,0,2026-08-19
4133492,3,0,2025-12-02
4133541,1,1,2025-06-02
4133641,1,0,2025-06-13
4133644,2,0,2026-05-29
4133755,3,0,2026-05-13
4133981,2,0,2026-01-15
4134020,1,0,2025-07-01
4134061,1,0,2026-01-27
4134083,1,0,2026-03-18
4134179,4,4,2025-08-26
4134181,1,0,2026-05-22
4134309,2,0,2025-04-08
4134345,1,0,2025-11-18
4134376,1,0,2025-03-18
4134396,1,0,2026-02-18
4134432,1,1,2026-03-10
4134487,4,3,2026-04-14
4134525,4,0,2026-05-07
4134554,1,0,2025-04-29
4134578,13,0,2026-05-07
4134612,3,1,2026-07-20
4134704,2,1,2025-07-15
4134885,1,0,2025-03-25
4134920,1,1,2025-03-17
4135071,1,0,2025-07-11
4135118,9,3,2026-09-09
4135159,3,1,2026-04-14
4135366,2,0,2025-10-03
4135475,3,0,2025-11-17
4135476,6,5,2025-10-03
4135566,3,0,2026-06-24
4135570,1,0,2026-04-16
4135573,1,0,2026-06-17
4135626,1,1,2026-04-27
4135652,1,0,2025-08-14
4135975,8,0,2026-05-08
4136075,3,1,2026-07-07
4136079,1,0,2026-09-03
4136212,1,0,2025-06-10
4136270,1,0,2025-08-26
4136466,2,1,2026-02-27
4136509,9,3,2026-09-03
4136556,7,0,2025-08-04
4136567,2,0,2026-07-14
4136584,2,2,2025-06-25
4136627,6,0,2025-08-04
4136678,1,1,2025-06-24
4136687,3,0,2026-08-14
4136730,1,0,2025-03-19
4136733,1,0,2025-03-19
4136782,2,0,2025-04-09
4136872,3,0,2025-12-01
4136897,1,0,2025-03-25
4136904,2,0,2025-04-03
4136913,1,0,2026-03-24
4136920,1,0,2026-04-27
4137034,9,0,2026-05-06
4137109,1,0,2025-09-08
4137125,1,0,2025-03-21
4137242,1,0,2025-02-15
4137271,1,1,2026-03-20
4137335,5,1,2026-07-08
4137358,1,0,2026-02-09
4137376,2,0,2025-10-02
4137383,1,1,2025-06-24
4137406,1,1,2025-04-29
4137461,1,0,2025-05-13
4137482,2,0,2025-12-08
4137560,1,1,2026-06-08
4137573,3,3,2025-11-18
4137584,2,0,2026-05-12
4137603,7,0,2025-11-28
4137605,1,0,2025-08-01
4137616,2,2,2025-12-02
4137638,1,0,2025-01-21
4137673,1,0,2025-12-15
4137674,4,2,2025-10-01
4137685,1,0,2025-04-09
4137687,2,0,2026-05-01
4137731,1,0,2026-02-09
4137736,5,1,2026-01-05
4137772,3,0,2025-08-19
4137842,2,1,2026-01-08
4137891,1,1,2025-12-09
4137915,2,0,2026-01-07
4138046,8,4,2025-10-02
4138193,1,0,2025-03-03
4138218,1,0,2025-09-15
4138224,1,0,2025-09-15
4138261,3,3,2026-03-27
4138267,3,3,2026-06-10
4138270,1,0,2026-01-12
4138301,3,0,2025-08-11
4138359,1,0,2026-03-11
4138422,2,1,2025-12-26
4138507,3,2,2025-02-04
4138550,1,0,2025-09-15
4138553,1,0,2026-01-30
4138631,1,0,2025-02-20
4138736,1,0,2026-02-14
4138778,3,0,2025-10-30
4138896,1,0,2026-02-13
4138898,1,0,2026-05-19
4138983,1,0,2026-06-17
4138984,1,0,2025-12-24
4138991,7,1,2026-02-05
4139036,1,0,2026-06-30
4139056,3,3,2026-08-26
4139057,1,0,2026-03-16
4139124,1,0,2025-03-20
4139160,3,0,2025-05-23
4139163,7,5,2026-06-17
4139203,1,0,2025-05-09
4139213,2,0,2025-11-14
4139236,2,0,2026-02-09
4139241,2,0,2025-07-22
4139242,1,0,2025-07-22
4139272,3,0,2025-05-20
4139283,1,0,2026-06-26
4139285,1,0,2025-01-29
4139295,1,0,2025-10-30
4139314,2,0,2025-11-12
4139317,1,0,2025-05-02
4139320,7,1,2025-09-23
4139340,1,0,2025-01-18
4139347,1,0,2026-05-19
4139349,2,0,2026-08-25
4139350,1,0,2025-05-02
4139352,1,0,2025-07-14
4139353,1,0,2025-07-14
4139373,1,0,2026-08-07
4139411,1,0,2025-05-02
4139421,1,1,2025-05-12
4139453,2,0,2026-08-26
4139478,1,0,2025-11-14
4139491,9,0,2026-03-17
4139513,3,0,2025-04-03
4139547,1,0,2025-11-03
4139557,1,1,2025-10-03
4139562,1,0,2026-06-09
4139614,1,0,2025-05-02
4139615,1,0,2025-05-02
4139617,1,0,2026-02-19
4139653,1,0,2025-11-20
4139676,1,0,2026-03-17
4139677,1,0,2026-03-06
4139680,1,0,2025-12-03
4139685,4,0,2026-08-25
4139688,1,0,2025-11-20
4139700,1,0,2025-05-02
4140041,1,1,2025-04-21
4140042,4,3,2026-08-12
4140043,1,0,2026-04-17
4140146,1,0,2026-02-17
4140163,1,0,2025-02-12
4140199,2,0,2025-12-12
4140210,2,0,2026-06-11
4140236,1,1,2025-01-22
4140254,3,3,2025-01-24
4140255,2,2,2025-01-24
4140269,3,1,2025-06-26
4140313,1,0,2025-12-15
4140321,2,2,2025-05-29
4140341,1,0,2025-07-30
4140343,3,0,2026-08-21
4140388,2,0,2026-02-17
4140496,1,0,2025-10-07
4140501,1,0,2025-10-21
4140535,1,0,2026-02-03
4140546,2,0,2025-04-23
4140554,1,0,2025-05-02
4140614,1,0,2026-02-02
4140630,1,0,2026-04-02
4141174,1,0,2025-12-15
4141282,1,0,2025-06-24
4141297,3,0,2025-08-15
4141301,2,0,2025-11-17
4141326,7,4,2025-12-01
4141381,1,0,2025-11-13
4141432,1,0,2026-06-16
4141437,1,0,2025-11-14
4141440,2,0,2025-12-18
4141458,1,0,2025-02-11
4141476,1,0,2025-12-30
4141477,2,0,2025-12-15
4141480,1,0,2025-09-05
4141554,1,0,2026-08-25
4141582,4,1,2025-03-05
4141619,1,0,2025-12-19
4141630,2,1,2025-02-12
4141655,1,0,2025-03-25
4141675,2,0,2025-11-25
4141685,6,3,2026-03-30
4141692,16,7,2025-07-11
4141725,2,0,2026-05-21
4141726,2,0,2026-05-21
4141738,2,0,2025-01-17
4141746,1,0,2026-05-11
4141866,1,1,2026-06-16
4141887,1,0,2025-01-06
4141889,2,0,2025-08-04
4141900,1,1,2025-08-05
4141904,2,0,2025-07-10
4141905,1,0,2025-01-08
4141906,1,0,2025-01-08
4141907,1,0,2025-01-08
4141909,1,0,2025-01-08
4141924,1,0,2025-08-25
4141925,1,0,2026-04-02
4141933,7,7,2026-06-29
4141934,1,0,2026-09-01
4141936,1,0,2026-04-29
4141942,2,2,2025-11-21
4141946,1,0,2025-02-14
4141950,2,1,2026-09-09
4141978,1,0,2025-09-18
4141980,1,0,2025-09-18
4141984,1,0,2025-08-11
4141985,2,0,2026-03-09
4142029,3,0,2025-08-11
4142038,3,1,2025-11-26
4142044,1,0,2026-05-29
4142048,1,0,2026-07-06
4142064,1,0,2025-08-18
4142081,1,0,2026-08-18
4142110,2,0,2026-04-22
4142148,3,0,2026-04-20
4142275,4,2,2026-08-25
4142276,7,1,2026-08-24
4142302,4,1,2026-04-23
4142313,1,0,2025-11-25
4142334,1,1,2026-08-20
4142338,1,0,2026-03-26
4142368,1,0,2025-03-13
4142401,1,0,2026-03-11
4142424,1,0,2025-03-13
4142426,1,1,2026-06-23
4142544,1,0,2025-07-01
4142570,1,0,2026-09-09
4142579,9,7,2026-03-30
4142592,1,0,2025-05-01
4142594,1,0,2025-06-11
4142661,1,0,2026-08-27
4142662,1,0,2026-08-31
4142728,3,2,2025-07-25
4142829,1,0,2026-08-19
4142960,1,0,2026-02-27
4142969,1,1,2026-03-31
4142973,2,2,2026-02-20
4142980,8,0,2026-05-04
4142991,2,2,2025-01-04
4143043,1,0,2026-05-21
4143049,1,0,2026-04-07
4143096,3,0,2026-01-30
4143108,1,1,2026-02-20
4143144,1,1,2025-07-25
4143157,1,0,2026-01-29
4143168,4,2,2026-06-03
4143180,2,0,2025-07-24
4143190,2,0,2025-07-15
4143230,1,0,2026-02-18
4143232,6,5,2025-12-10
4143304,3,3,2025-08-21
4143333,2,1,2026-02-05
4143391,2,1,2026-05-13
4143395,1,0,2025-02-26
4143507,20,12,2026-05-20
4143523,3,3,2026-07-15
4143524,3,0,2026-07-16
4143564,1,1,2025-11-24
4143573,5,0,2026-09-03
4143582,2,0,2026-04-27
4143615,1,0,2025-12-08
4143628,1,0,2025-02-25
4143658,1,0,2025-11-07
4143761,1,0,2025-11-19
4143783,3,0,2025-12-30
4143903,1,0,2025-06-16
4143941,7,4,2026-08-06
4143983,2,0,2025-05-13
4144023,2,2,2026-02-03
4144031,1,1,2025-01-24
4144089,1,1,2026-01-29
4144098,1,0,2025-05-27
4144204,1,1,2025-07-18
4144211,2,0,2026-06-16
4144307,3,3,2026-01-21
4144328,3,2,2025-08-05
4144358,5,2,2026-08-10
4144417,9,2,2026-06-08
4144484,3,1,2025-07-25
4144493,2,0,2025-01-08
4144548,4,2,2025-12-16
4144623,1,0,2025-04-15
4144631,6,5,2026-07-29
4144657,8,5,2026-08-04
4144677,2,0,2026-07-06
4144681,3,0,2026-07-01
4144772,2,0,2025-11-21
4144787,1,0,2025-11-18
4144833,1,0,2025-08-12
4144869,1,0,2025-03-18
4144881,7,2,2026-04-29
4145085,6,4,2026-08-25
4145089,1,0,2025-04-28
4145109,1,0,2026-06-03
4145194,2,1,2026-06-11
4145195,2,2,2026-07-10
4145196,1,0,2026-07-08
4145771,1,1,2026-07-27
4145803,3,3,2025-11-21
4145804,3,1,2025-09-25
4145866,1,0,2026-06-30
4145915,1,1,2025-09-09
4145957,1,0,2026-02-09
4145981,1,0,2026-02-26
4146042,5,0,2026-03-16
4146064,1,0,2026-06-25
4146136,1,0,2025-03-02
4146196,7,1,2026-05-08
4146247,1,0,2025-10-29
4146310,1,0,2025-12-02
4146411,1,0,2026-03-05
4146451,2,0,2025-12-12
4146539,1,0,2025-08-24
4146543,1,1,2025-09-03
4146589,2,0,2025-11-24
4146636,3,3,2025-03-05
4146647,1,0,2026-06-26
4146685,2,0,2026-03-26
4146733,1,0,2025-11-12
4146735,1,0,2026-02-15
4146736,2,0,2025-02-19
4146990,4,0,2026-04-27
4146992,5,0,2026-04-27
4147000,4,3,2026-08-05
4147015,1,0,2026-02-17
4147254,1,0,2026-08-17
4147269,10,3,2025-05-13
4147445,2,0,2026-09-09
4147452,6,0,2026-04-28
4147539,1,0,2026-02-09
4147642,2,0,2026-08-13
4147723,1,0,2026-01-22
4147725,1,0,2026-05-06
4147743,4,4,2025-06-04
4147847,9,0,2026-04-28
4147876,2,0,2026-03-02
4147948,2,0,2025-12-31
4147958,2,0,2025-10-27
4147985,1,0,2026-07-16
4148003,7,0,2026-04-28
4148113,2,0,2026-07-13
4148125,1,0,2025-12-09
4148311,1,0,2025-12-03
4148494,7,6,2026-07-02
4148527,8,3,2026-07-01
4148530,3,0,2025-06-04
4148571,2,1,2025-11-25
4148647,1,0,2026-04-07
4148678,2,0,2025-06-03
4148735,3,1,2026-04-06
4148763,17,0,2026-05-07
4148768,1,0,2025-02-10
4148806,2,0,2026-08-13
4148808,2,0,2025-05-14
4149070,1,0,2026-06-15
4149078,9,0,2026-04-28
4149104,1,1,2025-10-28
4149166,1,0,2025-05-28
4149632,2,0,2025-02-06
4149636,3,3,2025-09-23
4149690,4,1,2026-04-28
4149702,2,1,2025-08-26
4149704,4,0,2026-07-13
4149706,2,0,2026-01-06
4149770,1,1,2025-06-10
4149851,4,0,2025-10-17
4149867,1,0,2026-06-02
4150072,2,1,2026-05-21
4150138,2,0,2025-05-20
4150140,4,1,2025-05-20
4150141,3,1,2025-05-20
4150142,1,1,2025-05-20
4150170,5,0,2025-07-16
4150185,3,2,2025-05-14
4150186,2,1,2025-05-28
4150214,1,1,2025-07-16
4150236,1,0,2025-01-15
4150544,1,1,2026-01-21
4150655,3,2,2026-03-26
4150663,2,1,2025-12-09
4150678,1,0,2026-04-14
4150739,2,2,2025-06-14
4150906,3,0,2026-02-02
4150937,1,0,2026-03-24
4151371,3,1,2025-10-27
4151656,1,1,2026-07-30
4151754,1,0,2025-06-06
4151767,1,0,2025-02-07
4151807,1,1,2026-05-06
4151811,2,2,2025-08-27
4151820,3,0,2025-12-10
4151917,2,0,2025-02-04
4151938,3,0,2026-01-16
4152001,10,4,2026-08-07
4152018,1,0,2026-01-06
4152053,1,0,2025-06-05
4152056,1,0,2025-10-16
4152108,1,1,2026-03-08
4152192,2,0,2026-01-20
4152216,1,0,2026-05-06
4152241,1,0,2026-03-11
4152254,1,1,2025-09-19
4152316,12,12,2025-01-06
4152352,1,0,2025-12-19
4152382,2,2,2025-09-10
4152384,1,1,2025-09-11
4152386,3,2,2025-08-27
4152619,1,0,2026-04-13
4152747,1,0,2025-09-11
4152790,1,0,2026-03-23
4152874,7,1,2026-07-19
4152881,2,2,2025-08-07
4153020,1,0,2026-02-24
4153061,6,4,2026-04-08
4153081,1,1,2025-06-09
4153117,1,1,2025-08-25
4153230,3,0,2026-07-01
4153284,2,0,2025-11-12
4153293,13,10,2026-07-20
4153407,10,0,2026-04-30
4153432,1,0,2025-08-25
4153517,1,0,2026-06-11
4153552,1,0,2025-10-16
4153558,1,0,2026-08-27
4153593,1,0,2026-03-20
4153688,1,0,2026-08-05
4153742,1,1,2025-10-16
4153783,2,0,2026-07-17
4153857,1,0,2025-12-23
4153885,2,0,2026-01-30
4153939,2,2,2026-03-16
4153948,4,0,2025-06-02
4153971,2,1,2026-02-05
4154039,1,0,2026-02-19
4154140,3,0,2025-09-10
4154225,4,0,2025-02-21
4154249,1,1,2026-09-09
4154299,1,0,2025-03-17
4154341,2,0,2025-06-06
4154357,4,1,2025-10-28
4154396,1,0,2025-01-29
4154459,1,1,2026-05-08
4154638,5,1,2025-11-20
4154647,1,0,2025-09-24
4154680,1,1,2025-07-29
4154808,1,0,2026-08-31
4154842,1,1,2025-07-22
4154862,2,0,2026-02-02
4154902,4,0,2025-10-23
4154907,8,4,2026-09-01
4154960,20,13,2026-02-19
4154962,1,0,2026-01-21
4154968,2,1,2026-07-08
4154999,1,0,2025-07-01
4155000,13,4,2026-02-25
4155063,5,1,2026-02-18
4155064,3,1,2025-11-19
4155066,6,4,2026-08-27
4155072,6,4,2026-06-17
4155075,1,0,2026-09-01
4155094,4,4,2026-08-04
4155125,2,1,2026-07-13
4155141,5,0,2025-04-16
4155161,2,0,2025-07-16
4155205,2,0,2026-05-29
4155219,6,4,2026-07-29
4155238,3,3,2026-07-22
4155239,7,0,2026-06-01
4155246,1,0,2025-04-29
4155261,1,0,2026-07-08
4155270,7,4,2026-06-01
4155345,2,2,2025-10-21
4155477,1,1,2025-11-18
4155489,2,0,2025-11-21
4155490,2,0,2026-01-29
4155491,1,0,2025-11-12
4155495,6,4,2026-07-14
4155569,3,1,2025-07-22
4155623,4,0,2026-05-27
4155626,2,1,2026-08-25
4155629,5,5,2026-08-31
4155650,2,0,2026-08-21
4155688,4,3,2025-05-08
4155690,6,0,2026-05-14
4155712,1,0,2025-04-15
4155720,2,2,2026-08-18
4155770,1,1,2025-08-21
4155811,3,0,2026-06-03
4155820,2,1,2025-08-21
4155839,1,1,2025-03-18
4155878,3,3,2026-03-26
4155929,1,0,2025-05-15
4155965,3,3,2026-01-20
4155994,2,0,2025-06-25
4156065,4,4,2025-06-14
4156068,7,2,2026-07-09
4156069,1,1,2025-02-19
4156071,1,0,2026-08-27
4156086,1,0,2025-06-26
4156113,1,1,2025-12-16
4156159,1,0,2025-07-07
4156161,2,2,2025-06-12
4156166,3,2,2025-07-02
4156196,2,0,2025-07-07
4156203,4,2,2025-06-20
4156212,2,1,2025-03-27
4156251,2,1,2026-04-16
4156314,1,0,2026-03-09
4156322,1,0,2026-09-09
4156327,1,0,2026-08-12
4156336,1,0,2026-07-24
4156360,1,0,2026-08-19
4156368,1,1,2025-01-03
4156379,1,0,2025-03-20
4156421,1,1,2025-09-02
4156493,1,1,2026-05-01
4156508,1,0,2025-06-06
4156525,2,1,2026-08-18
4156545,1,0,2025-04-09
4156551,3,0,2026-04-22
4156552,2,0,2026-04-22
4156558,9,0,2026-05-01
4156567,2,2,2026-07-10
4156576,1,0,2026-08-31
4156587,2,2,2025-07-03
4156604,5,0,2026-04-29
4156750,1,0,2025-04-29
4156763,1,1,2025-07-17
4156870,3,0,2026-09-09
4156880,1,0,2026-07-31
4156901,3,0,2026-03-04
4156930,1,0,2026-01-15
4156946,1,0,2026-05-15
4156949,6,0,2026-05-13
4156964,1,1,2025-09-24
4157104,2,2,2025-06-09
4157113,7,0,2026-08-14
4157137,1,0,2026-03-18
4157276,1,1,2026-01-07
4157295,1,0,2025-03-14
4157299,1,0,2025-08-20
4157332,1,0,2025-06-28
4157343,1,0,2025-10-30
4157367,3,0,2025-11-14
4157401,1,1,2026-05-19
4157420,3,1,2025-11-06
4157450,4,0,2026-02-19
4157563,1,0,2025-03-26
4157585,1,0,2025-05-07
4157779,1,0,2026-04-15
4157892,3,1,2025-05-20
4157965,6,5,2025-11-13
4158196,2,1,2026-01-28
4158291,1,0,2025-04-14
4158474,1,0,2025-11-21
4158763,1,1,2025-06-24
4158867,1,1,2025-10-14
4158959,2,0,2025-04-22
4159032,1,1,2025-01-30
4159035,2,0,2026-01-15
4159119,5,0,2026-05-27
4159133,7,6,2026-06-02
4159136,1,0,2026-05-29
4159205,1,0,2025-06-12
4159236,2,1,2025-09-23
4159312,1,0,2025-02-13
4159363,7,0,2026-05-05
4159396,2,1,2026-02-19
4159610,3,2,2026-06-30
4159673,1,0,2025-03-27
4159687,1,0,2026-06-22
4159696,1,0,2026-02-04
4159726,2,0,2025-05-08
4159729,1,0,2025-12-02
4159779,1,1,2026-09-01
4159864,1,0,2025-03-14
4160018,1,1,2026-06-05
4160050,2,2,2025-08-14
4160066,1,1,2025-01-29
4160117,3,0,2025-11-07
4160197,1,0,2025-03-25
4160676,9,6,2026-07-28
4160697,1,0,2025-09-24
4160774,1,0,2026-02-18
4160804,1,0,2025-02-05
4160817,2,0,2026-01-23
4160870,2,0,2025-12-29
4160897,1,1,2025-07-21
4160903,4,0,2026-07-17
4161005,5,0,2026-05-08
4161068,2,0,2025-08-26
4161072,4,0,2026-03-06
4161076,4,3,2025-09-04
4161158,1,0,2025-02-25
4161377,1,1,2025-04-17
4161381,1,1,2025-08-14
4161410,1,0,2025-12-02
4161450,2,0,2025-04-08
4161537,2,1,2026-05-12
4161638,2,0,2025-04-08
4161735,6,0,2026-05-08
4161775,1,0,2026-01-12
4161779,1,1,2026-05-07
4161873,1,0,2025-08-06
4161928,1,1,2025-05-05
4161983,2,0,2026-08-11
4162112,2,0,2025-11-21
4162138,1,0,2025-04-23
4162438,2,0,2025-12-20
4162449,5,0,2026-05-12
4162959,1,0,2025-04-01
4162984,1,1,2025-02-19
4163005,1,0,2026-08-06
4163110,2,0,2025-06-10
4163156,1,0,2025-07-01
4163157,2,0,2026-05-01
4163327,8,4,2025-12-02
4163375,1,0,2025-01-29
4163397,1,0,2025-10-31
4163698,10,0,2026-05-12
4163704,3,2,2025-05-07
4163770,1,0,2025-12-26
4163777,1,0,2026-01-22
4163825,2,1,2026-05-07
4163869,3,1,2026-08-04
4163953,7,0,2026-05-05
4164007,4,0,2026-05-14
4164021,4,0,2026-08-27
4164023,3,0,2025-07-01
4164060,7,1,2025-11-25
4164195,1,1,2025-06-24
4164216,1,0,2025-02-05
4164217,4,2,2026-07-30
4164285,1,0,2026-05-01
4164333,2,2,2025-12-05
4164340,1,0,2025-10-21
4164350,5,0,2026-05-14
4164353,3,3,2025-04-17
4164461,2,1,2025-01-06
4164502,5,1,2026-06-11
4164503,1,0,2025-12-29
4164531,2,0,2025-04-17
4164532,1,0,2026-08-05
4164539,2,0,2026-01-07
4164574,1,0,2025-02-05
4164690,2,1,2026-06-26
4164700,1,1,2025-12-12
4164728,5,1,2026-08-07
4164744,1,0,2025-03-18
4164773,1,1,2025-08-04
4164816,1,1,2026-04-27
4164853,1,1,2026-04-27
4164936,4,1,2025-10-23
4164972,2,1,2026-03-16
4165017,1,0,2025-02-25
4165086,3,3,2025-01-06
4165091,1,0,2025-07-15
4165105,2,1,2025-12-01
4165116,1,1,2025-11-12
4165140,2,0,2026-06-11
4165186,1,0,2026-04-21
4165234,1,0,2025-03-24
4165237,1,1,2025-01-29
4165277,2,2,2025-10-22
4165279,1,1,2025-10-31
4165283,2,2,2026-07-20
4165301,2,0,2026-01-10
4165467,2,0,2025-09-11
4165521,4,2,2026-07-22
4165627,1,1,2026-09-02
4165678,2,1,2025-06-18
4165719,5,4,2025-05-18
4165803,5,1,2026-04-07
4165813,1,1,2025-03-01
4165851,2,0,2025-12-04
4165855,1,0,2025-06-20
4165856,1,0,2025-09-09
4166004,1,1,2026-05-22
4166006,1,0,2025-03-17
4166077,1,0,2025-04-23
4166081,2,0,2026-06-09
4166101,12,0,2026-02-18
4166149,2,1,2026-05-22
4166190,1,1,2025-06-11
4166272,2,0,2025-11-21
4166281,4,3,2025-05-01
4166341,1,0,2026-07-01
4166377,1,0,2025-03-03
4166432,1,0,2025-01-17
4166479,1,0,2025-07-01
4166551,3,2,2025-06-09
4166561,7,0,2026-02-18
4166576,2,0,2025-03-17
4166620,1,0,2025-05-01
4166656,1,0,2026-04-17
4166894,5,0,2026-08-26
4166895,7,3,2026-09-03
4166897,1,1,2025-06-14
4166911,1,0,2025-02-04
4166965,1,0,2025-02-06
4167054,13,7,2026-06-05
4167202,1,1,2026-05-14
4167229,1,1,2025-07-14
4167424,2,0,2025-12-08
4167490,2,0,2025-02-28
4167539,1,1,2025-08-20
4167580,1,0,2025-07-01
4167589,2,1,2026-02-04
4167678,4,2,2026-08-18
4167693,2,2,2026-07-16
4167825,1,0,2025-03-17
4167832,2,2,2025-09-19
4167885,1,0,2025-06-03
4167890,1,0,2025-01-02
4167918,5,5,2026-05-20
4168122,1,0,2026-02-18
4168178,1,0,2026-08-27
4168213,2,0,2025-03-26
4168300,1,1,2025-06-26
4168345,1,0,2025-05-21
4168487,2,2,2025-08-01
4168629,6,0,2026-05-14
4168635,1,0,2025-08-22
4168637,1,0,2026-05-20
4168712,1,0,2025-12-12
4168911,1,0,2025-01-29
4168961,2,0,2025-12-11
4168979,1,0,2026-06-17
4169046,4,4,2025-08-04
4169059,1,0,2025-12-29
4169358,3,0,2025-01-24
4169468,6,0,2026-05-14
4169566,1,0,2025-03-13
4169569,1,0,2026-01-06
4169598,4,2,2025-11-12
4169658,2,0,2025-05-12
4169817,1,0,2026-06-03
4169907,3,3,2025-11-24
4170057,1,1,2026-04-20
4170072,1,0,2025-09-18
4170288,2,0,2026-07-20
4170391,1,1,2025-03-28
4170531,2,2,2025-07-02
4170663,1,1,2025-05-14
4170796,1,0,2026-04-29
4170797,2,0,2026-05-13
4170816,1,0,2025-10-31
4170873,3,2,2026-08-10
4170875,1,0,2026-01-06
4170876,7,4,2025-10-14
4171005,2,0,2026-02-27
4171052,2,0,2025-12-17
4171111,2,0,2025-03-19
4171273,2,0,2025-07-07
4171282,2,0,2025-03-28
4171340,1,0,2025-04-21
4171363,1,0,2025-02-05
4171524,1,0,2025-10-20
4171529,1,0,2026-03-04
4171534,8,7,2026-07-31
4171543,2,0,2025-10-14
4171552,1,0,2026-07-01
4171599,1,0,2025-05-01
4171632,3,1,2025-09-17
4171647,1,0,2026-03-09
4171683,1,0,2025-01-28
4171694,2,1,2026-01-23
4171723,7,0,2026-02-24
4171754,1,0,2025-02-25
4171759,3,0,2026-05-13
4171786,1,1,2026-07-07
4172618,1,0,2026-08-31
4172644,1,0,2026-08-12
4172655,1,0,2026-05-26
4172846,2,0,2026-03-24
4173060,6,0,2026-05-12
4173114,2,1,2025-08-07
4173212,4,2,2026-04-27
4173268,3,0,2025-08-25
4173469,2,0,2025-02-19
4173531,2,0,2026-04-21
4173640,5,0,2026-02-17
4173650,3,0,2025-12-01
4173744,1,0,2026-02-19
4173763,7,2,2026-07-29
4173780,8,6,2026-05-11
4173852,1,0,2026-08-12
4173957,1,0,2026-08-21
4173965,1,0,2025-07-01
4173980,1,0,2025-01-29
4174002,3,0,2025-04-04
4174140,1,0,2025-02-10
4174243,3,0,2025-04-30
4174327,3,0,2026-08-27
4174335,1,0,2025-08-18
4174346,3,0,2025-06-13
4174402,1,1,2026-01-28
4174523,4,1,2026-03-12
4174572,1,0,2026-01-29
4174594,1,1,2025-06-09
4174622,1,0,2025-03-17
4174759,1,0,2025-03-21
4174777,2,2,2025-03-17
4174884,3,0,2025-02-14
4174962,3,0,2025-08-08
4175022,1,1,2025-12-09
4175116,4,1,2026-09-01
4175263,2,0,2025-04-07
4175273,3,1,2025-01-17
4175337,4,4,2025-04-28
4175344,1,1,2026-04-30
4175359,5,2,2026-09-02
4175393,1,0,2025-12-16
4175439,1,0,2025-07-10
4175514,1,0,2025-07-10
4175590,1,1,2025-06-30
4175597,3,0,2025-07-03
4175641,1,0,2026-09-01
4175686,5,1,2026-09-08
4175697,2,1,2026-07-10
4175736,1,1,2026-01-20
4175739,9,0,2026-02-17
4175845,1,0,2025-04-02
4175879,1,0,2025-03-18
4175906,2,0,2026-05-20
4175934,2,0,2025-01-07
4175944,1,0,2025-12-08
4175948,2,1,2026-04-22
4175989,1,1,2025-12-22
4176178,1,0,2025-01-29
4176236,1,0,2026-02-17
4176244,2,2,2025-07-17
4176523,1,1,2025-07-28
4176645,3,3,2025-09-26
4176849,2,0,2026-07-01
4176886,1,1,2025-07-23
4176976,1,1,2025-02-19
4177062,1,0,2025-08-08
4177065,1,0,2025-07-01
4177106,1,1,2025-04-02
4177112,2,0,2026-03-03
4177200,1,0,2026-02-09
4177285,2,1,2026-04-03
4177301,2,0,2026-09-01
4177304,1,0,2026-07-16
4177309,1,1,2026-08-11
4177333,5,1,2026-08-20
4177375,1,0,2025-06-25
4177520,1,0,2026-04-16
4177531,1,0,2025-03-19
4177535,2,1,2025-04-03
4177587,1,0,2025-01-02
4177591,1,0,2025-01-13
4177679,6,0,2026-08-17
4177686,2,0,2025-03-05
4177756,1,0,2025-04-04
4177758,2,1,2026-01-07
4177823,2,0,2025-09-16
4177881,1,0,2025-04-14
4177942,1,1,2025-03-19
4178127,3,0,2026-02-17
4178156,5,1,2026-08-18
4178176,2,0,2025-03-19
4178232,2,0,2026-09-03
4178302,3,0,2026-08-13
4178347,1,1,2026-05-04
4178392,2,0,2025-01-17
4178441,1,0,2026-05-14
4178464,9,0,2026-02-17
4178501,2,2,2026-05-11
4178555,2,0,2025-05-12
4178579,1,0,2025-03-17
4178634,1,0,2026-08-25
4178646,1,0,2026-09-03
4178660,3,2,2026-04-17
4178673,1,0,2025-01-21
4178685,1,0,2025-01-13
4178695,2,0,2025-06-25
4178788,2,2,2025-10-08
4179025,10,1,2026-07-28
4179075,7,4,2026-08-17
4179268,6,0,2026-01-16
4179299,7,3,2026-07-28
4179394,1,1,2025-01-13
4179447,1,0,2026-07-23
4179460,2,0,2025-04-16
4179531,1,1,2025-07-23
4179545,2,1,2026-01-21
4179553,2,1,2025-09-23
4179556,1,0,2025-03-21
4179620,1,0,2025-03-21
4179633,2,1,2025-02-27
4179649,2,0,2025-12-04
4179777,1,0,2025-11-26
4179810,1,0,2026-08-18
4179822,3,3,2025-12-04
4179853,1,0,2026-03-25
4179863,1,0,2026-08-04
4179871,1,0,2026-07-03
4179903,1,1,2026-01-21
4179910,2,0,2025-05-14
4179911,1,0,2025-05-14
4179920,2,1,2025-05-01
4179956,2,0,2026-01-07
4179967,4,0,2025-12-17
4180023,1,1,2025-03-17
4180026,1,0,2025-04-04
4180037,2,1,2025-04-01
4180066,3,0,2025-03-24
4180083,3,0,2026-02-12
4180126,1,0,2026-04-10
4180412,1,0,2026-08-27
4180431,2,0,2026-08-20
4180474,1,0,2025-03-05
4180743,4,0,2025-02-18
4180768,1,0,2026-05-27
4180787,1,0,2025-01-29
4180812,1,0,2025-02-03
4180878,3,0,2025-10-16
4180898,5,5,2026-07-14
4180899,1,0,2026-07-14
4180908,6,1,2025-10-23
4180929,4,4,2025-12-05
4180992,1,0,2026-08-18
4181008,1,0,2025-01-29
4181061,1,0,2025-10-15
4181190,3,0,2025-12-19
4181232,2,0,2026-08-24
4181240,2,0,2025-04-22
4181245,2,0,2026-08-26
4181333,1,0,2026-02-10
4181338,3,3,2025-08-28
4181365,4,1,2026-08-07
4181375,1,1,2025-06-25
4181382,1,0,2025-06-03
4181493,10,5,2026-07-01
4181501,3,1,2026-04-22
4181509,1,0,2026-08-20
4181517,1,0,2026-08-28
4181565,1,0,2026-03-02
4181643,2,0,2025-01-31
4181758,3,0,2026-07-06
4181786,1,1,2025-12-26
4181844,2,1,2025-05-08
4181874,1,1,2025-01-28
4181915,1,0,2026-03-18
4181927,1,0,2025-10-23
4182094,4,1,2025-12-03
4182139,3,2,2026-07-29
4182155,2,1,2026-07-22
4182263,1,0,2026-03-23
4182311,1,0,2025-09-16
4182313,1,1,2025-12-31
4182457,1,0,2026-08-24
4182486,1,0,2026-01-10
4182606,2,0,2026-08-24
4182661,2,0,2026-06-25
4182662,1,1,2026-03-27
4182676,2,0,2025-03-21
4182697,1,0,2026-04-07
4182698,4,4,2025-07-28
4182715,1,0,2025-10-15
4182739,2,2,2025-10-28
4182815,2,1,2026-08-03
4182821,2,0,2025-11-12
4182882,3,1,2026-06-02
4182890,1,0,2026-02-01
4183021,1,0,2025-09-04
4183047,1,1,2026-08-10
4183059,3,1,2026-05-19
4183095,2,2,2025-10-07
4183137,2,0,2026-05-11
4183278,1,0,2026-06-26
4183323,1,0,2026-02-06
4183493,3,3,2026-07-09
4183544,1,0,2025-11-24
4183551,1,0,2026-08-11
4183578,2,1,2025-12-02
4183589,1,0,2025-05-29
4183635,3,1,2026-04-06
4183642,1,1,2026-03-29
4183694,1,0,2025-12-11
4183764,1,0,2025-09-19
4183829,1,1,2025-02-21
4183846,1,1,2025-12-26
4183979,1,1,2026-05-14
4184002,2,0,2025-12-24
4184005,1,1,2026-07-23
4184032,2,0,2025-04-14
4184144,3,0,2026-03-02
4184145,1,0,2025-12-02
4184162,7,7,2026-07-27
4184173,2,1,2025-12-18
4184182,1,1,2025-12-12
4184186,1,0,2025-02-11
4184193,1,0,2025-08-29
4184250,1,0,2026-01-27
4184341,1,0,2025-12-08
4184376,4,3,2026-07-24
4184386,2,1,2025-11-26
4184428,2,0,2026-07-14
4184436,1,0,2025-10-20
4184479,1,1,2025-11-25
4184568,1,0,2025-10-15
4184712,5,4,2026-01-27
4184714,1,0,2025-07-01
4184852,4,4,2026-04-20
4184866,2,0,2026-04-28
4184870,2,0,2026-05-29
4184945,1,1,2025-08-04
4184949,1,1,2025-02-10
4185030,7,0,2025-12-08
4185042,1,1,2026-05-08
4185044,1,0,2025-04-18
4185106,2,2,2025-02-07
4185227,2,0,2026-06-10
4185345,2,0,2025-03-24
4185361,1,0,2026-02-06
4185416,1,0,2026-08-11
4185435,2,1,2025-08-04
4185496,1,1,2025-07-15
4185498,4,4,2025-07-11
4185545,4,1,2025-12-29
4185637,3,1,2025-12-03
4185683,1,0,2025-05-23
4185875,3,3,2026-06-10
4185970,3,3,2026-05-08
4186010,1,0,2026-02-19
4186142,2,0,2025-02-26
4186172,1,0,2026-06-15
4186395,1,1,2025-12-12
4186432,7,6,2026-07-30
4186684,2,0,2025-10-01
4186701,1,0,2025-08-12
4186741,2,1,2026-07-16
4186759,1,0,2025-11-03
4186830,1,0,2026-01-12
4186832,1,0,2026-01-06
4186954,1,0,2025-10-15
4187080,1,0,2026-02-06
4187161,2,2,2026-01-05
4187166,1,0,2026-01-12
4187190,1,0,2025-06-11
4187208,1,0,2025-03-03
4187222,2,0,2026-05-05
4187244,2,0,2025-05-29
4187262,1,1,2025-12-29
4187277,1,0,2026-08-24
4187279,1,0,2025-02-11
4187296,1,1,2026-01-12
4187307,1,0,2026-06-10
4187330,2,1,2026-05-19
4187433,1,0,2025-08-12
4187581,1,0,2025-01-22
4187584,1,1,2025-12-03
4187634,1,0,2025-06-30
4187727,2,1,2025-10-31
4187808,1,0,2025-02-26
4187838,3,1,2026-05-26
4188031,2,2,2026-07-13
4188067,3,2,2026-06-29
4188107,1,0,2025-07-15
4188118,3,0,2026-05-14
4188120,1,1,2025-08-28
4188131,1,0,2025-03-24
4188137,3,0,2026-03-02
4188146,1,0,2026-01-16
4188148,1,0,2026-02-25
4188149,1,0,2026-02-25
4188151,2,0,2026-03-27
4188152,2,0,2026-02-18
4188183,11,3,2026-06-15
4188187,3,0,2025-09-02
4188191,2,0,2025-11-24
4188195,1,0,2026-03-27
4188206,3,1,2025-11-12
4188211,1,0,2026-04-23
4188214,2,0,2026-02-27
4188216,5,5,2026-03-10
4188219,2,0,2025-06-04
4188309,2,1,2025-09-11
4188325,1,1,2025-09-03
4188351,2,1,2026-07-21
4188435,1,1,2026-02-13
4188492,2,2,2026-03-18
4188567,7,0,2026-03-02
4188679,1,0,2025-05-28
4188682,1,0,2026-03-26
4188689,6,5,2025-06-30
4188699,1,0,2025-06-06
4188707,1,0,2025-11-26
4188721,4,2,2026-07-16
4188731,5,3,2026-06-29
4188754,1,0,2025-11-19
4188770,1,1,2025-07-28
4188778,2,0,2026-04-06
4188845,1,0,2025-10-06
4188854,2,0,2026-09-01
4188860,1,0,2026-01-08
4188866,6,2,2026-05-19
4188891,2,0,2026-05-06
4188901,2,0,2025-04-28
4188916,1,0,2025-05-14
4189067,2,2,2025-07-15
4189096,1,0,2025-06-03
4189166,1,0,2025-03-10
4189186,1,0,2025-04-01
4189243,1,1,2025-12-02
4189469,3,1,2025-10-29
4189474,2,0,2025-01-06
4189490,1,0,2025-06-02
4189492,1,0,2025-07-01
4189499,1,0,2026-04-16
4189584,7,3,2026-03-02
4189601,2,0,2025-03-07
4189619,1,0,2025-05-28
4189620,1,0,2025-02-20
4189684,2,0,2025-03-07
4189709,1,1,2026-04-16
4189731,1,0,2025-11-13
4189742,2,0,2026-04-15
4189835,1,0,2025-12-24
4189958,2,1,2025-01-02
4189964,1,0,2025-02-20
4190042,1,0,2026-03-13
4190062,4,4,2025-11-03
4190076,1,0,2026-03-17
4190081,1,1,2025-05-08
4190086,1,0,2025-07-17
4190193,1,1,2026-02-04
4190290,2,0,2025-06-06
4190291,1,0,2025-03-04
4190296,1,0,2025-03-07
4190368,1,0,2025-01-10
4190440,1,1,2025-05-15
4190573,3,0,2026-01-27
4190647,1,1,2026-04-21
4190727,13,0,2026-04-23
4190793,1,1,2025-02-08
4190826,3,0,2025-03-10
4190843,1,0,2026-07-16
4190946,2,2,2025-11-24
4190991,1,0,2026-08-13
4191005,2,0,2025-02-11
4191010,1,0,2025-07-01
4191011,1,0,2025-07-02
4191028,2,0,2025-04-17
4191045,1,0,2025-04-09
4191067,2,1,2026-04-24
4191184,4,1,2026-05-18
4191225,2,0,2025-12-03
4191238,3,1,2026-06-01
4191272,2,2,2025-08-28
4191273,6,3,2026-06-02
4191296,5,0,2026-02-25
4191401,1,0,2025-05-23
4191443,1,0,2025-02-10
4191475,1,0,2025-12-26
4191497,8,2,2026-02-25
4191531,1,0,2026-05-14
4191580,1,0,2025-12-08
4191597,2,0,2025-05-05
4191614,1,0,2026-03-20
4191621,1,0,2026-03-10
4191625,2,1,2026-01-21
4191643,1,1,2026-01-20
4191661,1,0,2026-03-02
4191667,11,6,2026-01-15
4191729,1,0,2025-04-29
4191829,1,0,2025-04-29
4192012,1,0,2026-03-10
4192040,1,0,2026-04-09
4192054,1,1,2025-12-05
4192065,1,1,2026-01-21
4192095,1,0,2025-09-11
4192106,1,0,2025-03-15
4192130,7,1,2026-01-09
4192133,1,1,2026-01-09
4192136,1,0,2025-06-05
4192149,3,3,2026-04-21
4192153,1,0,2025-08-21
4192167,8,1,2026-03-03
4192169,5,2,2026-08-10
4192213,1,0,2025-07-01
4192292,1,0,2025-02-25
4192300,1,0,2025-02-25
4192308,2,0,2026-08-11
4192316,4,4,2025-09-24
4192389,1,0,2026-06-12
4192503,1,1,2025-11-13
4192529,2,0,2025-02-10
4192537,1,1,2025-08-22
4192579,1,0,2026-06-15
4192590,1,1,2025-05-28
4192596,8,2,2026-07-01
4192689,4,0,2026-02-25
4192691,3,0,2026-02-26
4192699,1,0,2025-12-11
4192745,1,0,2026-04-27
4192752,1,0,2026-01-07
4192753,2,2,2026-08-04
4192777,1,0,2025-03-11
4192788,2,0,2026-09-09
4192855,1,1,2026-05-14
4192922,1,0,2026-07-23
4192925,3,0,2026-06-25
4192936,4,1,2026-08-27
4192949,1,1,2025-03-12
4192963,6,6,2026-05-14
4192964,2,1,2026-07-08
4192998,4,0,2025-11-19
4193025,1,0,2026-01-22
4193026,1,1,2025-06-26
4193060,2,0,2025-04-09
4193079,1,0,2026-08-26
4193091,5,5,2026-03-02
4193094,1,0,2026-07-08
4193153,1,1,2026-02-18
4193196,1,0,2025-07-30
4193254,4,1,2026-06-09
4193312,1,1,2026-08-25
4193318,1,1,2025-02-25
4193319,3,1,2025-02-25
4193325,1,0,2025-12-26
4193333,4,3,2026-07-01
4193380,1,0,2025-06-13
4193385,6,5,2026-07-29
4193402,1,0,2025-05-28
4193408,2,0,2025-01-13
4193426,1,0,2026-05-28
4193466,1,0,2026-07-02
4193487,2,0,2025-03-28
4193562,1,0,2026-07-24
4193602,2,0,2025-09-17
4193627,1,0,2026-06-15
4193715,1,0,2025-10-01
4193782,3,0,2026-07-30
4193843,4,2,2026-06-02
4193865,1,0,2025-07-10
4193880,2,1,2025-03-27
4193898,2,1,2026-03-04
4193905,3,2,2025-10-28
4193916,12,0,2026-02-27
4194194,2,0,2026-08-28
4194280,1,0,2025-05-28
4194317,1,0,2025-05-23
4194328,1,0,2025-05-05
4194364,1,0,2026-05-06
4194405,2,0,2026-04-07
4194472,2,2,2026-09-02
4194504,1,0,2025-04-28
4194523,1,0,2026-02-26
4194636,1,0,2025-07-01
4194681,1,1,2025-12-11
4194696,1,0,2025-07-01
4194827,1,0,2026-07-22
4194830,1,0,2025-09-15
4194832,2,2,2025-11-20
4194885,2,0,2025-09-25
4194892,1,0,2025-01-08
4194901,3,1,2026-02-13
4194929,2,0,2025-02-11
4194947,2,0,2025-10-01
4195002,1,0,2026-07-13
4195039,2,1,2025-07-25
4195042,3,0,2026-05-05
4195059,1,1,2025-12-04
4195061,4,4,2026-05-12
4195095,1,0,2025-12-22
4195099,1,0,2026-07-31
4195215,1,0,2025-12-11
4195254,1,0,2025-06-12
4195324,2,0,2026-02-11
4195362,3,0,2025-06-26
4195498,5,2,2026-06-10
4195521,1,0,2026-04-06
4195528,3,1,2026-07-21
4195584,2,0,2025-03-03
4195625,2,2,2025-09-15
4195651,3,1,2026-02-18
4195674,3,2,2026-01-08
4195688,5,0,2025-03-20
4195714,1,0,2026-01-15
4195716,2,0,2026-01-15
4195728,2,0,2026-01-15
4195769,2,2,2026-01-07
4195806,6,5,2026-07-16
4195816,9,6,2026-07-28
4195822,1,0,2025-12-04
4195838,1,0,2026-01-21
4195868,2,0,2026-05-27
4195913,2,2,2026-07-22
4195916,2,1,2026-01-08
4196002,1,1,2025-12-04
4196022,5,4,2025-03-17
4196031,3,0,2026-04-22
4196032,4,0,2025-12-08
4196035,1,0,2026-03-18
4196061,1,1,2025-12-04
4196086,2,0,2026-04-07
4196316,2,0,2026-01-22
4196317,2,0,2026-01-22
4196341,2,2,2026-09-03
4196342,2,2,2026-01-12
4196378,2,0,2025-11-12
4196472,2,0,2026-03-02
4196487,1,0,2025-04-29
4196565,2,2,2026-06-29
4196572,3,2,2026-06-02
4196573,5,5,2025-06-03
4196582,1,1,2025-01-23
4196594,2,2,2025-12-01
4196636,3,1,2025-04-29
4196663,1,1,2025-08-22
4196666,1,0,2026-02-25
4196683,1,0,2025-11-03
4196697,1,0,2026-03-10
4196790,2,2,2026-06-11
4196829,1,0,2026-08-13
4196877,2,0,2025-01-07
4196879,3,2,2026-02-12
4196917,1,0,2026-04-23
4196918,1,0,2025-05-29
4196931,3,0,2025-12-12
4196942,3,0,2026-06-16
4197062,3,1,2026-03-08
4197086,2,0,2025-03-06
4197132,1,0,2026-03-24
4197136,1,1,2025-06-10
4197141,2,2,2025-10-21
4197211,2,0,2026-03-31
4197224,4,2,2025-09-11
4197232,2,0,2025-02-05
4197233,1,1,2026-02-20
4197241,4,3,2025-09-11
4197242,2,0,2025-06-04
4197284,1,0,2025-10-01
4197298,3,2,2025-12-05
4197332,1,0,2026-02-25
4197350,1,1,2025-10-15
4197390,1,0,2025-04-28
4197392,1,0,2026-03-27
4197399,3,2,2026-08-20
4197420,1,0,2025-08-11
4197446,4,4,2025-07-14
4197500,6,4,2026-01-08
4197532,1,0,2025-06-03
4197561,2,0,2026-04-23
4197661,1,0,2025-02-21
4197735,2,2,2026-01-22
4197755,1,0,2026-01-06
4197775,2,2,2026-01-22
4197836,1,1,2026-03-29
4197851,4,0,2026-01-09
4197878,1,0,2026-01-07
4197879,4,1,2026-01-07
4197887,1,0,2026-01-07
4197909,13,5,2026-06-22
4197918,2,2,2026-07-14
4197935,1,0,2025-03-10
4197941,3,2,2025-05-22
4197944,2,0,2025-11-20
4197951,1,0,2025-10-17
4197982,2,0,2026-08-25
4198001,1,0,2026-08-18
4198030,4,0,2026-01-09
4198038,2,1,2026-03-09
4198040,1,0,2026-07-07
4198046,1,1,2025-06-05
4198047,2,0,2026-05-14
4198100,2,1,2025-06-05
4198141,1,0,2025-12-01
4198156,1,0,2026-01-12
4198157,1,0,2025-09-15
4198178,2,1,2025-09-17
4198183,4,1,2026-01-21
4198197,1,0,2025-07-14
4198199,2,2,2025-08-03
4198202,1,0,2026-05-28
4198216,3,0,2025-02-26
4198278,1,1,2025-06-11
4198296,4,4,2026-08-04
4198315,1,0,2025-07-01
4198407,5,2,2026-08-04
4198408,1,1,2026-08-04
4198431,3,0,2025-09-02
4198451,2,0,2025-06-24
4198455,1,0,2025-04-10
4198467,1,1,2026-03-10
4198580,2,1,2026-02-08
4198665,8,4,2026-07-31
4198759,1,0,2025-09-17
4198793,2,1,2026-08-28
4198820,2,0,2025-12-19
4198874,1,0,2026-04-28
4198888,1,0,2025-11-12
4198893,1,0,2025-12-08
4198897,2,1,2026-01-20
4198943,11,0,2026-07-06
4198968,1,0,2025-07-01
4198980,2,1,2025-12-01
4198992,1,0,2026-05-14
4199014,3,0,2026-07-07
4199038,1,0,2026-03-11
4199094,2,2,2025-12-15
4199113,2,2,2026-05-07
4199114,2,2,2026-08-26
4199116,2,0,2026-09-02
4199132,1,0,2025-03-13
4199160,1,0,2026-02-06
4199163,1,0,2025-10-29
4199187,2,0,2026-07-10
4199197,1,0,2025-05-23
4199211,1,0,2026-06-10
4199247,1,0,2025-07-15
4199343,1,1,2025-06-14
4199397,7,4,2026-07-17
4199405,2,0,2025-10-14
4199509,4,4,2026-07-09
4199536,1,1,2026-05-04
4199556,3,2,2025-03-13
4199566,3,2,2026-01-21
4199584,2,1,2025-12-01
4199599,1,0,2026-01-08
4199616,3,0,2025-07-15
4199622,1,0,2026-05-19
4199634,2,1,2025-07-01
4199643,3,1,2026-06-03
4199690,2,0,2025-08-05
4199697,2,1,2025-10-15
4199709,4,0,2025-09-03
4199717,1,0,2025-04-15
4199721,2,2,2025-07-25
4199740,2,0,2025-02-06
4199746,2,0,2026-05-05
4199761,2,2,2026-02-10
4199764,3,0,2025-04-21
4199773,2,0,2025-12-08
4199777,1,0,2025-08-06
4199794,3,0,2026-07-20
4199799,1,0,2026-07-13
4199855,4,4,2025-07-14
4199875,3,0,2025-12-08
4199883,3,3,2026-01-06
4199894,1,0,2025-02-03
4199900,1,0,2025-06-03
4199921,3,1,2026-01-22
4199936,2,0,2026-07-24
4199971,1,1,2026-06-11
4200003,4,3,2026-03-03
4200049,2,0,2025-10-15
4200072,1,0,2025-05-01
4200081,4,1,2026-01-28
4200102,3,2,2025-10-17
4200127,1,0,2025-03-05
4200233,3,0,2026-03-04
4200239,1,0,2025-11-25
4200267,7,6,2025-09-08
4200292,1,0,2025-03-17
4200296,3,0,2025-04-29
4200388,2,0,2026-01-12
4200428,14,8,2026-07-07
4200442,1,0,2026-04-22
4200473,1,0,2026-07-09
4200492,2,0,2026-03-11
4200499,3,3,2026-03-25
4200512,2,0,2026-02-26
4200513,1,0,2025-12-11
4200552,1,0,2025-08-25
4200561,2,1,2026-01-12
4200578,1,0,2026-05-07
4200601,4,0,2026-01-15
4200690,2,0,2026-08-25
4200693,3,0,2026-03-11
4200700,1,1,2025-09-04
4200724,1,0,2025-09-12
4200730,1,0,2026-06-04
4200748,8,0,2026-02-27
4200757,1,0,2026-02-06
4200784,1,0,2025-11-20
4200834,1,0,2026-03-10
4200837,2,0,2025-10-10
4200838,1,0,2025-11-20
4200843,2,0,2025-11-12
4200892,2,0,2026-01-21
4200900,3,3,2026-05-08
4200944,1,0,2026-04-29
4200976,2,1,2025-08-18
4201088,1,0,2025-04-29
4201130,2,0,2025-02-06
4201179,1,1,2025-01-27
4201194,1,0,2025-12-17
4201198,1,1,2026-06-08
4201325,1,0,2026-06-16
4201340,1,0,2026-06-08
4201349,1,0,2025-01-31
4201352,1,0,2025-01-31
4201360,1,0,2026-01-14
4201385,2,2,2025-05-08
4201399,3,1,2026-03-03
4201404,1,1,2025-02-03
4201417,1,1,2025-07-23
4201421,1,0,2025-03-12
4201422,1,0,2025-03-12
4201430,4,4,2026-06-10
4201436,3,3,2025-05-06
4201473,3,0,2025-11-10
4201475,6,5,2026-08-13
4201535,1,0,2026-03-23
4201544,1,0,2025-05-13
4201545,4,1,2025-11-13
4201546,2,0,2025-02-21
4201551,1,0,2025-11-26
4201553,1,0,2025-11-13
4201554,1,0,2025-11-13
4201626,1,0,2025-11-26
4201653,2,0,2025-03-11
4201669,1,0,2025-07-01
4201673,1,0,2025-07-01
4201676,2,0,2026-07-01
4201682,1,0,2025-03-12
4201692,1,1,2025-10-16
4201715,1,0,2025-11-17
4201718,2,0,2025-02-25
4201722,4,1,2025-06-06
4201735,1,0,2025-03-04
4201755,2,0,2025-11-18
4201771,5,5,2025-05-21
4201820,2,0,2025-11-07
4201822,2,0,2025-11-18
4201861,1,1,2026-03-25
4201877,2,0,2026-05-27
4201884,4,3,2026-06-15
4201886,1,0,2025-09-17
4201891,3,0,2025-01-16
4201925,2,0,2025-11-20
4201939,3,0,2026-07-24
4201942,2,0,2025-12-31
4201943,1,0,2025-05-22
4201945,3,0,2026-09-08
4202006,3,2,2026-04-03
4202046,1,0,2025-02-24
4202074,2,0,2026-08-13
4202080,3,2,2026-08-20
4202098,1,0,2025-11-10
4202100,1,0,2025-11-10
4202101,1,0,2025-11-12
4202132,1,0,2025-02-21
4202134,1,0,2025-11-12
4202137,1,0,2025-11-12
4202138,2,0,2025-11-14
4202167,1,0,2025-01-29
4202173,1,0,2025-11-14
4202180,2,0,2026-03-20
4202224,1,0,2025-11-14
4202227,1,0,2025-11-14
4202228,1,0,2025-11-17
4202230,1,0,2025-11-17
4202231,2,0,2025-02-21
4202265,4,2,2025-05-27
4202275,1,0,2026-06-12
4202285,2,2,2026-04-21
4202308,1,0,2025-02-04
4202324,2,0,2026-05-04
4202334,1,1,2025-05-23
4202337,3,3,2026-08-20
4202402,1,0,2025-05-28
4202410,1,0,2025-04-10
4202414,3,0,2026-05-22
4202429,2,0,2026-04-23
4202434,3,1,2025-05-31
4202466,1,0,2026-03-31
4202497,1,1,2026-08-27
4202508,3,1,2026-04-07
4202516,1,0,2026-04-28
4202535,1,1,2026-08-10
4202538,1,0,2025-12-29
4202539,1,0,2025-01-08
4202599,7,7,2026-08-20
4202632,2,1,2025-01-09
4202658,1,0,2025-11-18
4202663,2,0,2026-08-03
4202675,2,1,2025-01-02
4202700,4,2,2026-05-15
4202721,2,0,2025-04-02
4202725,1,0,2026-08-17
4202726,3,3,2026-08-25
4202727,2,0,2026-05-26
4202728,1,0,2026-05-26
4202757,1,0,2026-09-10
4202778,1,0,2025-04-07
4202849,8,0,2026-04-22
4202865,2,1,2025-05-19
4202929,3,1,2025-03-12
4202935,1,1,2026-05-19
4202949,2,0,2025-03-17
4202970,2,0,2026-04-27
4202993,2,1,2025-07-29
4203007,1,1,2026-06-01
4203015,1,0,2025-02-24
4203036,1,0,2026-06-10
4203062,3,3,2025-01-24
4203075,1,0,2026-03-04
4203143,1,0,2026-04-16
4203160,1,0,2025-07-09
4203173,1,0,2026-06-08
4203214,1,1,2026-06-01
4203215,2,1,2026-06-01
4203216,3,3,2025-06-27
4203250,3,0,2026-05-05
4203260,3,0,2025-06-16
4203263,1,0,2025-03-03
4203273,2,0,2026-06-15
4203275,4,0,2026-06-10
4203285,1,1,2025-02-11
4203314,2,1,2026-06-08
4203321,1,0,2025-01-31
4203324,1,0,2025-03-06
4203354,2,0,2026-06-15
4203356,1,0,2025-03-03
4203358,1,0,2025-12-22
4203363,1,0,2025-06-30
4203374,1,0,2026-03-03
4203382,3,0,2026-09-01
4203405,2,1,2025-12-22
4203412,1,0,2025-08-20
4203415,2,0,2025-08-21
4203417,1,0,2026-04-23
4203418,1,1,2026-08-25
4203422,1,0,2025-03-10
4203423,1,0,2025-02-11
4203426,1,0,2025-02-11
4203428,1,1,2025-02-04
4203471,3,0,2026-03-02
4203476,1,0,2026-02-04
4203478,1,1,2026-02-04
4203483,1,1,2025-03-10
4203488,1,0,2026-02-04
4203573,3,1,2026-09-01
4203597,2,0,2025-01-02
4203622,1,0,2025-11-20
4203640,1,1,2025-09-23
4203663,1,1,2026-09-10
4203680,2,0,2026-05-19
4203688,1,0,2025-03-31
4203689,1,0,2025-03-31
4203695,1,0,2025-11-24
4203697,1,0,2025-02-12
4203724,3,0,2025-03-04
4203762,1,0,2025-04-02
4203773,1,0,2025-07-01
4203782,2,0,2025-10-30
4203803,1,0,2025-11-24
4203804,2,1,2025-06-30
4203817,1,1,2026-08-07
4203835,2,0,2026-03-10
4203850,1,0,2025-11-24
4203917,2,1,2025-11-22
4203934,1,0,2026-04-15
4203939,1,1,2026-01-23
4203968,1,0,2026-08-11
4204001,1,0,2025-01-29
4204014,1,0,2025-04-22
4204017,1,0,2025-05-13
4204041,1,0,2025-02-24
4204048,2,0,2026-08-24
4204068,8,0,2026-08-24
4204072,1,0,2025-11-24
4204076,1,0,2025-11-25
4204083,1,1,2025-07-14
4204122,3,3,2026-08-25
4204124,2,0,2025-11-25
4204130,1,0,2025-01-23
4204173,1,0,2025-01-31
4204183,1,0,2025-11-25
4204214,1,0,2026-05-22
4204221,9,9,2026-05-31
4204230,1,0,2026-01-30
4204235,1,0,2025-01-29
4204270,2,2,2025-10-10
4204280,2,0,2026-04-15
4204292,5,2,2026-08-24
4204298,2,0,2026-08-24
4204347,2,0,2025-11-25
4204355,1,0,2026-06-08
4204455,1,0,2025-02-25
4204474,1,0,2025-01-13
4204510,1,1,2026-08-05
4204511,1,1,2026-08-05
4204512,2,2,2026-08-24
4204513,1,1,2026-08-05
4204521,1,0,2025-06-23
4204566,1,1,2025-10-31
4204567,3,1,2025-11-28
4204576,1,1,2025-09-11
4204609,3,0,2025-12-09
4204622,2,0,2025-06-11
4204629,1,1,2025-07-16
4204640,1,0,2025-03-05
4204645,1,0,2026-01-16
4204680,5,1,2025-05-28
4204707,7,2,2026-08-24
4204711,2,0,2025-02-13
4204717,5,4,2025-11-25
4204722,1,0,2026-03-20
4204732,1,0,2025-09-09
4204748,1,0,2025-06-18
4204753,1,0,2025-11-03
4204811,1,0,2026-03-20
4204828,2,2,2026-08-25
4204866,2,1,2025-03-06
4204867,2,1,2025-03-06
4204879,3,0,2026-05-29
4204895,1,0,2025-06-20
4204914,2,0,2025-11-17
4204927,1,0,2025-01-21
4205020,1,0,2025-12-11
4205034,1,1,2026-04-27
4205053,2,2,2026-05-04
4205075,2,0,2026-09-01
4205077,1,0,2026-06-02
4205119,1,1,2025-02-05
4205138,3,0,2025-03-19
4205213,5,3,2026-08-11
4205242,2,0,2025-12-31
4205253,2,0,2026-03-10
4205325,2,0,2026-05-22
4205336,2,0,2026-08-12
4205384,2,1,2025-01-27
4205447,2,1,2025-07-14
4205450,1,1,2025-05-02
4205466,1,0,2025-07-18
4205467,4,1,2026-04-02
4205468,2,0,2026-04-29
4205469,4,0,2026-05-27
4205470,1,0,2026-06-08
4205476,1,0,2026-05-04
4205522,1,0,2026-01-15
4205566,1,0,2025-07-14
4205569,2,1,2025-01-09
4205576,1,0,2026-03-19
4205694,1,0,2026-03-19
4205695,4,1,2026-03-11
4205710,2,0,2026-04-15
4205723,1,1,2026-04-28
4205725,1,0,2026-08-20
4205813,3,0,2025-02-11
4205839,1,1,2026-07-29
4205888,1,0,2025-03-06
4205919,1,1,2026-01-15
4205940,1,0,2026-05-12
4205976,1,1,2026-06-17
4206031,1,0,2026-08-11
4206041,3,0,2025-09-16
4206090,4,2,2026-08-25
4206117,1,0,2026-08-26
4206118,2,2,2026-04-30
4206188,3,1,2026-04-27
4206217,2,0,2025-08-11
4206231,2,0,2026-04-21
4206258,1,0,2026-08-05
4206261,2,2,2026-04-08
4206286,2,0,2026-05-07
4206288,1,0,2026-08-21
4206300,1,0,2025-12-29
4206307,2,1,2025-10-06
4206318,6,1,2025-06-05
4206324,1,0,2025-12-29
4206344,3,0,2025-10-03
4206346,1,0,2025-04-10
4206429,6,1,2026-07-23
4206440,3,1,2025-08-22
4206448,1,0,2025-06-25
4206487,1,0,2026-05-20
4206488,1,1,2025-06-30
4206512,2,0,2026-08-21
4206513,4,4,2025-11-25
4206520,1,0,2026-01-22
4206522,1,1,2025-08-04
4206525,1,0,2025-01-08
4206529,2,0,2025-04-08
4206530,7,5,2026-08-31
4206535,3,0,2025-11-18
4206575,2,1,2026-07-08
4206630,1,0,2025-11-25
4206669,1,0,2025-12-29
4206783,1,0,2025-06-21
4206784,5,0,2026-06-08
4206785,3,0,2026-06-03
4206792,1,0,2026-07-31
4206803,2,0,2026-06-05
4206805,1,0,2025-09-24
4206821,3,1,2026-04-23
4206833,1,0,2026-07-14
4206838,2,2,2026-03-05
4206905,11,0,2026-07-09
4206947,1,0,2025-05-14
4206957,3,0,2026-07-29
4206977,7,4,2025-05-01
4207005,7,5,2026-05-14
4207014,1,1,2025-04-23
4207028,1,0,2026-01-20
4207033,1,0,2025-03-31
4207063,1,0,2025-11-05
4207088,2,1,2025-12-02
4207091,6,6,2026-06-16
4207094,1,1,2025-07-29
4207095,2,0,2026-04-20
4207099,1,1,2026-01-12
4207115,2,1,2026-05-19
4207117,11,1,2026-02-11
4207126,23,13,2026-08-03
4207134,22,11,2026-04-23
4207141,1,0,2026-08-25
4207143,3,2,2026-04-06
4207172,5,1,2025-04-25
4207173,3,3,2025-09-10
4207207,1,0,2026-03-18
4207211,1,0,2025-04-29
4207231,1,1,2025-12-24
4207242,1,1,2025-01-04
4207345,9,5,2026-08-07
4207346,1,0,2025-03-25
4207364,1,1,2025-05-01
4207424,3,2,2026-07-02
4207458,1,1,2026-06-24
4207467,1,0,2025-02-25
4207476,1,0,2026-04-27
4207478,6,3,2026-09-09
4207499,2,0,2026-04-22
4207510,4,0,2026-04-27
4207554,1,0,2026-04-07
4207582,1,0,2025-07-31
4207616,2,0,2026-06-30
4207618,1,0,2026-08-07
4207706,1,0,2025-11-24
4207707,3,1,2026-06-22
4207730,1,0,2025-04-08
4207732,2,0,2025-07-07
4207733,2,1,2025-05-28
4207740,1,0,2025-04-08
4207742,1,1,2026-05-29
4207763,2,0,2025-02-13
4207777,1,0,2025-02-28
4207885,2,1,2025-11-24
4207904,1,0,2026-01-13
4207991,1,0,2025-04-22
4208040,5,0,2026-04-24
4208084,3,1,2025-12-22
4208091,3,0,2026-07-23
4208094,2,0,2026-07-07
4208124,12,0,2026-04-24
4208135,1,0,2025-10-23
4208172,2,0,2026-04-07
4208274,2,1,2026-01-06
4208288,4,0,2026-05-06
4208394,1,0,2025-04-19
4208440,2,2,2026-07-06
4208441,2,2,2026-07-06
4208442,2,0,2026-07-06
4208454,1,0,2026-03-31
4208477,1,1,2026-03-23
4208486,2,0,2025-10-07
4208507,3,3,2026-06-26
4208510,3,1,2025-04-02
4208512,4,0,2026-08-18
4208556,7,6,2025-10-09
4208588,1,0,2025-09-09
4208625,1,0,2026-07-10
4208805,1,0,2026-06-18
4208834,2,0,2026-05-26
4208850,2,1,2026-04-20
4208858,4,0,2025-12-01
4208865,13,7,2025-12-01
4208867,1,0,2025-03-26
4208879,8,3,2026-02-07
4208887,2,0,2026-07-23
4208889,2,1,2026-03-02
4208904,1,1,2025-03-01
4208929,4,1,2025-04-23
4208939,4,0,2026-06-10
4208956,3,1,2025-12-02
4208959,1,1,2026-02-12
4208961,4,0,2025-09-25
4208967,1,1,2026-08-10
4209006,1,0,2025-09-25
4209016,1,1,2025-02-26
4209026,12,6,2026-07-24
4209029,2,1,2026-02-18
4209031,2,0,2026-06-08
4209032,1,0,2025-09-04
4209044,3,1,2025-10-20
4209062,1,0,2025-04-21
4209069,1,0,2025-02-06
4209075,1,0,2025-02-25
4209080,3,1,2025-08-29
4209093,1,0,2025-11-18
4209174,2,1,2025-09-15
4209229,1,0,2025-10-02
4209247,1,0,2026-04-22
4209298,1,1,2025-03-07
4209463,5,5,2026-07-21
4209572,4,0,2026-02-18
4209577,2,1,2026-03-05
4209604,5,4,2026-01-13
4209605,7,7,2026-01-13
4209607,7,5,2026-01-13
4209608,7,5,2026-01-13
4209609,3,3,2025-09-17
4209611,3,2,2025-09-17
4209614,1,0,2025-04-08
4209632,1,1,2025-02-17
4209637,3,1,2026-01-15
4209694,3,0,2025-12-05
4209707,2,2,2026-05-08
4209708,2,2,2025-09-12
4209712,1,0,2026-05-28
4209722,3,1,2025-11-28
4209728,1,0,2025-01-31
4209729,1,0,2025-01-24
4209730,3,1,2026-01-23
4209733,3,2,2026-02-25
4209740,1,0,2025-01-29
4209775,1,0,2026-03-19
4209778,2,0,2025-07-30
4209785,1,1,2026-04-01
4209791,1,0,2025-12-26
4209804,1,0,2025-05-08
4209806,4,2,2025-11-28
4209810,2,0,2025-07-17
4209825,1,0,2025-06-16
4209830,1,0,2026-06-05
4209845,10,8,2026-07-22
4209855,1,0,2025-08-05
4209856,6,0,2026-04-02
4209866,6,0,2025-04-02
4209887,1,0,2026-02-20
4209900,3,2,2025-12-04
4209918,17,6,2025-12-15
4209968,2,2,2025-07-17
4209993,2,0,2025-12-10
4210018,1,0,2026-02-10
4210032,5,3,2026-06-29
4210033,4,3,2026-07-17
4210057,3,0,2026-09-02
4210058,3,3,2026-02-02
4210063,1,0,2025-12-02
4210067,1,1,2025-12-18
4210084,3,1,2025-08-04
4210086,2,0,2026-05-08
4210124,6,4,2026-02-09
4210150,1,1,2026-01-03
4210154,1,0,2025-07-14
4210164,1,0,2026-06-25
4210194,2,0,2026-01-30
4210195,1,0,2025-07-02
4210201,2,0,2026-01-22
4210208,2,0,2025-06-10
4210228,1,0,2026-01-05
4210259,1,0,2025-07-22
4210280,1,1,2026-04-29
4210301,4,2,2026-02-14
4210334,6,4,2025-12-02
4210382,1,0,2025-04-08
4210391,1,0,2025-07-01
4210407,9,8,2025-11-10
4210434,3,2,2025-08-11
4210437,1,1,2026-06-05
4210439,1,0,2025-06-17
4210443,3,0,2025-05-08
4210474,1,0,2026-06-03
4210475,1,0,2026-06-03
4210483,3,2,2026-03-04
4210521,2,1,2026-04-23
4210530,3,0,2025-03-17
4210544,3,0,2026-02-13
4210549,1,0,2026-02-05
4210557,1,1,2025-11-10
4210566,2,0,2025-04-08
4210567,1,0,2025-02-25
4210573,4,2,2026-06-11
4210574,1,0,2025-02-25
4210590,3,0,2026-08-05
4210598,1,0,2026-03-05
4210599,1,0,2025-02-25
4210625,1,1,2025-02-11
4210718,1,0,2025-05-08
4210748,4,4,2026-05-15
4210790,8,0,2025-07-18
4210804,1,1,2026-05-22
4210850,6,1,2025-08-20
4210854,2,2,2026-02-24
4210913,6,1,2026-02-27
4210944,2,1,2026-06-24
4210950,1,1,2025-11-25
4211027,2,0,2026-05-01
4211046,2,0,2025-02-11
4211059,2,0,2025-10-08
4211112,3,1,2026-07-01
4211161,1,0,2025-01-22
4211221,1,0,2026-07-08
4211222,2,1,2026-06-25
4211287,2,0,2025-03-14
4211300,2,0,2026-07-08
4211323,3,1,2025-07-09
4211397,4,3,2025-06-04
4211466,3,1,2025-10-01
4211467,4,1,2026-08-21
4211591,3,2,2026-08-21
4211611,2,0,2026-08-25
4211618,9,3,2025-11-28
4211671,1,0,2025-06-16
4211681,1,1,2025-01-15
4211729,1,0,2025-07-10
4211769,3,1,2026-07-09
4211802,1,0,2026-02-10
4211832,1,0,2025-08-20
4211848,1,0,2026-03-26
4211868,2,2,2025-12-26
4211924,1,0,2025-12-04
4211929,1,0,2025-03-22
4211946,1,1,2026-08-20
4211966,2,0,2025-11-17
4211976,2,1,2026-03-05
4211977,2,0,2025-03-10
4211986,2,0,2026-05-18
4211987,3,0,2026-05-19
4211988,3,0,2025-09-29
4211989,1,0,2025-09-16
4212001,3,1,2025-06-04
4212091,1,0,2026-07-17
4212138,2,0,2026-05-12
4212140,1,0,2026-07-17
4212144,1,1,2025-12-09
4212152,1,0,2025-03-14
4212165,3,0,2026-09-04
4212197,1,0,2026-07-21
4212198,2,0,2026-07-21
4212240,3,0,2025-06-03
4212275,1,0,2025-05-19
4212276,3,3,2026-01-13
4212289,1,0,2025-05-22
4212311,2,0,2026-05-12
4212354,2,0,2026-02-10
4212380,2,0,2025-11-26
4212425,6,0,2026-06-09
4212540,1,1,2026-01-29
4212572,1,0,2025-08-11
4212710,3,0,2025-02-11
4212713,1,0,2026-01-29
4212714,1,0,2026-01-29
4212718,1,0,2025-10-06
4212732,2,1,2026-02-10
4212746,1,1,2025-01-04
4212754,1,0,2025-10-16
4212770,3,0,2026-02-01
4212799,1,0,2025-10-17
4212816,2,0,2026-01-22
4212857,1,1,2025-11-12
4212917,1,1,2026-03-18
4212921,1,1,2026-06-30
4212940,1,0,2025-02-25
4212952,2,2,2026-08-04
4212978,2,1,2026-06-01
4212983,1,0,2025-03-14
4213062,1,1,2026-06-09
4213074,4,4,2025-05-20
4213127,3,0,2026-04-03
4213185,1,1,2026-06-09
4213202,5,3,2025-06-05
4213331,5,4,2026-09-03
4213332,2,0,2025-07-07
4213382,3,0,2026-08-04
4213386,2,0,2025-10-02
4213421,1,0,2025-10-08
4213437,1,0,2025-02-25
4213453,2,0,2026-04-03
4213467,1,0,2025-09-19
4213482,1,0,2025-07-18
4213528,5,5,2025-04-22
4213532,3,1,2025-07-03
4213538,1,1,2025-02-15
4213552,4,0,2025-08-11
4213578,1,0,2025-06-24
4213628,1,1,2025-04-20
4213661,9,4,2026-04-17
4213665,2,0,2026-05-13
4213668,2,1,2026-08-07
4213763,1,0,2025-05-05
4213779,1,0,2026-07-23
4213816,1,0,2025-10-10
4213818,3,1,2025-07-24
4213822,1,0,2025-07-21
4213832,3,3,2025-04-16
4213833,1,1,2025-05-05
4213834,1,0,2026-03-24
4213838,1,0,2025-07-17
4213839,1,0,2026-02-06
4213848,1,0,2026-01-09
4213854,3,0,2025-07-17
4213861,5,3,2025-11-28
4213879,1,0,2025-07-01
4213914,2,0,2026-03-03
4213923,3,0,2025-10-03
4213957,1,0,2025-09-15
4213960,1,0,2025-09-15
4213961,1,1,2026-01-07
4213968,1,0,2026-04-30
4213971,1,0,2025-03-10
4213981,6,0,2026-06-29
4213995,6,1,2025-12-21
4213996,1,0,2025-12-17
4213997,2,1,2025-12-21
4214041,1,0,2025-09-15
4214105,2,0,2026-08-28
4214111,3,0,2026-03-11
4214215,2,0,2026-01-02
4214293,3,0,2025-12-18
4214312,2,0,2025-10-10
4214338,1,0,2025-12-31
4214349,7,4,2026-02-05
4214359,1,0,2025-09-10
4214360,1,0,2026-03-06
4214433,3,1,2025-12-04
4214434,2,1,2026-01-13
4214461,13,0,2026-05-21
4214480,2,0,2026-02-03
4214506,1,0,2025-02-25
4214519,1,1,2026-07-14
4214522,1,0,2025-07-01
4214598,1,1,2025-12-29
4214599,3,3,2025-12-23
4214608,1,1,2025-12-12
4214656,1,1,2025-09-19
4214934,1,1,2025-12-18
4214947,1,0,2025-03-10
4215001,1,0,2026-02-05
4215022,1,0,2025-09-02
4215052,2,2,2025-04-15
4215103,1,0,2025-01-29
4215182,4,1,2026-08-20
4215249,2,2,2025-05-12
4215271,2,1,2025-09-08
4215320,2,1,2026-04-27
4215333,3,2,2025-07-21
4215350,5,3,2026-07-07
4215386,1,0,2025-09-04
4215421,1,0,2025-10-09
4215425,1,0,2026-04-24
4215500,5,3,2026-05-27
4215542,3,3,2026-01-08
4215546,1,1,2025-10-01
4215551,1,0,2025-04-21
4215572,1,0,2026-01-08
4215611,3,0,2026-05-21
4215612,4,0,2026-05-26
4215619,10,6,2026-08-10
4215624,4,2,2026-03-16
4215629,3,0,2025-03-24
4215646,1,0,2025-06-16
4215673,1,0,2025-05-28
4215723,2,2,2026-01-20
4215730,1,0,2025-04-08
4215762,2,0,2025-11-10
4215775,1,1,2026-04-30
4215786,6,3,2026-01-14
4215793,1,0,2026-01-13
4215802,1,1,2025-03-14
4215822,1,0,2026-07-28
4215863,6,6,2026-06-14
4215868,2,0,2026-06-03
4215920,2,0,2026-04-03
4215926,1,0,2025-09-03
4215930,1,1,2025-12-15
4215981,3,0,2025-10-01
4216003,2,0,2025-12-04
4216018,1,1,2026-09-10
4216040,1,0,2026-05-26
4216045,3,1,2026-01-15
4216089,4,0,2025-09-24
4216094,1,1,2025-10-03
4216099,1,1,2025-09-19
4216117,1,0,2025-02-25
4216130,1,0,2026-06-01
4216168,1,0,2026-03-12
4216190,1,0,2026-02-10
4216204,3,3,2025-09-12
4216210,1,0,2026-02-25
4216215,2,2,2026-05-11
4216220,1,0,2025-07-01
4216223,1,0,2025-07-21
4216225,4,1,2026-07-10
4216226,3,1,2025-12-10
4216249,1,0,2025-04-18
4216254,2,0,2025-02-04
4216316,1,0,2025-01-29
4216375,1,1,2025-10-09
4216376,1,1,2026-04-12
4216391,3,1,2025-12-22
4216413,3,0,2026-04-16
4216434,1,1,2026-05-19
4216435,1,0,2025-09-15
4216457,1,1,2026-09-03
4216501,1,0,2026-03-04
4216528,4,2,2026-07-28
4216578,4,2,2025-11-26
4216584,3,0,2025-12-02
4216655,15,0,2026-05-27
4216747,1,0,2025-02-20
4216748,1,0,2025-02-21
4216754,1,1,2025-07-08
4216867,1,1,2025-07-01
4216891,2,0,2026-05-28
4216905,2,1,2025-11-03
4216909,2,0,2025-11-21
4216924,1,1,2025-11-13
4217106,3,3,2025-08-29
4217212,1,0,2025-06-16
4217243,1,0,2025-05-20
4217331,1,0,2025-10-14
4217439,1,1,2025-03-06
4217492,3,2,2025-12-09
4217493,1,0,2025-08-20
4217524,2,0,2025-08-20
4217561,1,0,2025-08-20
4217573,8,1,2026-05-28
4217607,3,0,2026-08-03
4217650,9,6,2026-04-02
4217663,1,0,2025-07-15
4217664,3,0,2025-07-09
4217671,1,0,2026-04-01
4217714,1,1,2025-09-10
4217715,1,0,2026-02-10
4217787,3,0,2026-08-31
4217819,1,0,2025-10-02
4217842,1,0,2025-12-09
4217843,2,0,2026-03-03
4217872,1,1,2025-12-30
4217898,26,14,2026-08-14
4217993,2,1,2026-01-22
4218014,1,0,2026-02-05
4218086,1,0,2026-03-13
4218167,5,1,2025-12-09
4218204,1,0,2025-02-15
4218270,1,0,2026-04-13
4218287,5,0,2026-04-13
4218297,2,0,2025-08-18
4218371,2,1,2025-12-08
4218375,4,1,2025-07-16
4218397,2,2,2025-10-23
4218398,2,0,2025-01-03
4218416,4,0,2026-05-29
4218472,1,1,2025-11-21
4218507,5,3,2026-01-09
4218562,2,0,2025-11-05
4218594,1,1,2026-01-02
4218595,1,1,2025-12-29
4218607,1,0,2025-06-11
4218627,1,0,2025-05-14
4218635,2,0,2026-07-24
4218636,9,0,2026-06-03
4218686,2,2,2026-01-08
4218694,4,1,2025-10-14
4218716,1,1,2025-04-25
4218749,1,0,2025-06-02
4218769,1,0,2025-09-02
4218804,1,0,2025-10-09
4218933,4,1,2026-02-02
4218984,4,1,2026-01-05
4219023,2,2,2025-07-16
4219152,2,0,2025-07-29
4219397,2,0,2026-01-16
4219504,1,0,2025-02-28
4219512,1,0,2025-06-14
4219539,4,0,2026-07-27
4219576,5,3,2026-06-22
4219600,1,0,2025-07-14
4219601,1,1,2025-03-13
4219938,2,1,2026-04-13
4220010,1,0,2025-12-10
4220019,1,0,2026-01-07
4220099,2,0,2025-01-21
4220102,2,1,2026-07-09
4220109,1,0,2025-06-26
4220123,1,1,2026-06-22
4220173,1,0,2026-04-01
4220177,2,0,2025-10-07
4220195,8,3,2026-08-05
4220252,2,0,2026-03-04
4220261,1,0,2025-03-27
4220304,2,1,2025-03-17
4220360,1,0,2025-08-20
4220386,5,3,2025-02-13
4220528,4,1,2025-02-18
4220617,1,0,2026-07-17
4220858,1,1,2026-08-07
4220988,3,0,2025-12-23
4221014,4,0,2026-07-14
4221068,2,2,2025-08-20
4221099,1,0,2025-08-16
4221132,2,1,2026-06-01
4221212,3,0,2025-10-21
4221360,1,0,2025-10-02
4221383,2,0,2026-08-06
4221388,1,0,2025-04-01
4221425,2,0,2026-06-18
4221473,1,1,2025-08-23
4221537,1,1,2026-07-14
4221682,1,1,2026-08-25
4221819,1,1,2025-07-14
4221871,1,0,2025-09-02
4221938,1,1,2026-03-02
4221963,1,1,2025-04-27
4221992,1,0,2025-01-22
4222058,2,0,2026-07-13
4222062,3,1,2025-03-26
4222072,3,0,2026-05-29
4222078,1,1,2026-06-16
4222083,1,1,2025-09-10
4222110,5,4,2025-10-24
4222121,1,0,2026-03-17
4222127,4,1,2025-04-10
4222135,1,0,2025-10-02
4222137,9,0,2026-05-29
4222145,1,1,2025-12-12
4222147,1,0,2025-05-30
4222152,2,0,2025-12-01
4222159,7,5,2025-10-07
4222178,2,1,2026-01-07
4222183,1,1,2025-09-17
4222197,6,0,2026-01-08
4222221,2,1,2026-03-13
4222230,1,1,2025-10-15
4222243,1,1,2026-02-11
4222292,1,0,2026-05-07
4222316,4,2,2026-07-21
4222324,1,0,2025-02-20
4222325,1,1,2026-04-28
4222368,1,0,2025-05-28
4222396,3,0,2026-01-08
4222463,1,0,2026-01-22
4222464,3,3,2026-08-03
4222523,3,0,2025-08-14
4222529,3,1,2025-04-25
4222556,1,0,2026-01-09
4222571,1,0,2025-09-16
4222614,3,3,2025-06-09
4222698,1,1,2025-05-30
4222725,2,0,2025-12-23
4222780,1,0,2025-01-30
4222886,1,0,2025-07-01
4222909,2,0,2026-01-06
4222962,1,0,2025-12-03
4223062,1,0,2025-07-15
4223085,1,1,2025-12-23
4223114,2,0,2025-01-03
4223236,2,1,2026-02-20
4223286,1,1,2026-03-18
4223291,1,0,2026-03-18
4223295,2,1,2025-01-17
4223353,2,1,2026-03-13
4223355,1,1,2025-05-07
4223370,2,0,2025-10-30
4223391,1,0,2026-03-13
4223449,1,0,2025-10-22
4223522,3,2,2026-03-23
4223664,4,3,2025-09-29
4223678,1,0,2026-01-28
4223691,2,1,2026-07-02
4223709,3,3,2025-04-22
4223769,3,0,2025-09-15
4223790,9,8,2026-04-28
4223840,1,0,2026-01-02
4223875,2,1,2026-02-18
4223883,2,2,2025-06-22
4223906,1,0,2026-03-09
4223910,3,0,2026-08-07
4223923,5,1,2026-07-09
4223947,1,0,2025-10-30
4223961,1,0,2025-08-06
4223968,1,1,2026-03-03
4223969,3,2,2026-03-05
4223984,2,0,2025-08-21
4223994,2,1,2025-10-22
4224006,1,0,2026-07-16
4224027,4,1,2026-08-14
4224059,1,0,2025-03-15
4224105,1,0,2026-07-15
4224122,3,1,2026-04-08
4224177,2,1,2026-07-13
4224180,3,1,2025-10-28
4224188,3,1,2026-06-18
4224234,7,3,2026-07-09
4224294,1,1,2025-04-07
4224295,3,1,2026-07-21
4224297,3,2,2026-01-05
4224304,1,0,2026-05-23
4224313,2,1,2025-02-05
4224327,3,1,2026-08-27
4224333,2,1,2025-04-28
4224338,1,0,2025-11-13
4224371,1,0,2025-08-26
4224410,1,0,2025-11-13
4224415,6,2,2025-11-12
4224450,2,1,2026-01-20
4224563,1,1,2025-01-14
4224592,2,0,2025-06-11
4224635,2,2,2026-02-17
4224642,1,0,2025-07-01
4224656,5,2,2026-06-11
4224662,3,3,2026-07-31
4224712,2,1,2025-04-01
4224844,1,0,2025-04-07
4224848,1,1,2025-03-07
4224860,1,0,2025-03-20
4224866,2,2,2025-04-25
4224892,2,0,2025-03-20
4224945,2,0,2025-02-20
4225067,2,2,2025-05-08
4225072,1,0,2025-01-14
4225073,1,0,2025-02-25
4225076,1,0,2025-01-22
4225083,2,0,2026-05-07
4225084,1,1,2025-01-22
4225090,1,0,2025-01-22
4225093,2,0,2025-02-14
4225094,4,0,2025-07-14
4225096,1,1,2025-01-22
4225109,1,1,2025-01-22
4225141,1,1,2026-04-14
4225149,1,0,2025-02-06
4225152,1,0,2025-01-14
4225195,4,0,2026-02-20
4225214,1,0,2025-03-18
4225251,2,0,2026-04-08
4225319,1,0,2025-02-04
4225336,3,0,2025-01-15
4225344,1,0,2026-06-11
4225395,2,1,2026-03-12
4225659,2,0,2025-03-20
4225774,1,0,2025-03-20
4225807,1,0,2026-07-24
4225810,1,0,2025-06-04
4225816,11,0,2026-02-06
4226035,1,0,2026-03-06
4226041,2,0,2025-07-29
4226108,2,0,2025-01-29
4226139,3,1,2025-06-13
4226220,1,1,2026-02-18
4226238,1,0,2025-07-01
4226242,4,2,2026-07-13
4226256,1,0,2026-01-09
4226294,2,1,2026-06-24
4226302,1,0,2025-10-29
4226367,1,0,2025-01-29
4226462,1,0,2025-02-18
4226562,1,0,2025-02-04
4226564,2,0,2025-03-24
4226576,1,1,2025-03-03
4226607,2,0,2026-07-31
4226608,2,0,2025-08-05
4226614,4,0,2026-01-05
4226633,1,0,2026-04-08
4226676,3,1,2026-04-14
4226839,8,0,2026-02-09
4226845,1,0,2025-02-08
4226907,2,0,2026-07-27
4227031,1,0,2025-08-19
4227075,1,0,2025-01-21
4227158,2,2,2025-03-26
4227166,1,0,2026-05-08
4227225,1,1,2026-02-17
4227289,2,1,2026-05-19
4227324,3,0,2025-08-20
4227339,7,5,2025-10-30
4227351,1,0,2025-01-25
4227352,1,0,2025-03-20
4227357,1,0,2025-03-20
4227370,1,0,2025-02-19
4227372,1,0,2025-02-04
4227373,1,0,2025-02-19
4227374,1,0,2025-02-19
4227398,2,0,2025-05-15
4227489,3,2,2025-07-01
4227515,1,0,2026-01-06
4227552,1,0,2025-02-04
4227641,1,1,2025-04-14
4228021,2,0,2026-03-12
4228193,1,0,2025-03-07
4228263,1,0,2025-03-27
4228311,1,1,2025-03-03
4228403,1,0,2025-11-17
4228579,1,0,2025-12-11
4228583,4,1,2025-06-11
4228602,1,1,2025-08-27
4228612,1,0,2025-02-05
4228662,4,3,2025-10-22
4228712,1,0,2026-02-26
4228717,1,0,2025-11-07
4228740,5,0,2026-01-16
4228786,2,0,2026-04-06
4228845,2,0,2026-07-31
4229012,1,0,2025-03-21
4229167,1,1,2026-04-08
4229184,1,0,2025-01-13
4229243,2,1,2026-03-12
4229256,1,0,2025-03-04
4229262,2,1,2025-02-18
4229263,1,1,2026-04-17
4229281,1,1,2025-02-24
4229292,1,1,2026-03-19
4229312,3,3,2025-08-05
4229342,9,0,2026-02-09
4229463,2,0,2025-01-29
4229574,1,0,2026-07-27
4229578,2,2,2026-08-06
4229611,2,0,2025-01-14
4229744,3,3,2025-08-19
4229751,1,0,2025-01-09
4229772,3,0,2026-06-26
4229816,1,0,2025-08-06
4229828,3,1,2025-09-09
4230049,1,0,2025-07-28
4230058,3,1,2025-03-03
4230077,1,0,2025-03-28
4230260,1,0,2025-08-07
4230261,1,0,2025-07-01
4230276,2,1,2025-03-24
4230316,2,2,2026-03-19
4230328,1,0,2025-04-01
4230388,2,2,2025-10-27
4230497,4,2,2026-08-19
4230555,2,1,2026-09-01
4230560,1,0,2026-01-15
4230589,11,0,2026-02-10
4230638,8,5,2026-08-07
4230639,12,5,2026-08-07
4230640,1,0,2025-05-28
4230658,5,2,2026-01-22
4230745,1,0,2026-08-18
4230774,2,1,2025-04-02
4230778,1,0,2025-03-25
4230781,2,0,2026-08-06
4230791,1,1,2026-06-09
4230812,1,0,2025-02-24
4230820,2,0,2026-07-28
4230821,1,0,2026-08-26
4230860,12,7,2026-04-10
4230907,5,0,2026-02-26
4230937,4,3,2026-03-05
4230938,1,1,2026-05-16
4230969,3,2,2026-03-26
4231000,1,0,2026-03-04
4231039,3,0,2026-07-22
4231175,1,0,2025-04-29
4231194,1,0,2025-08-13
4231208,4,3,2026-02-04
4231215,1,1,2026-04-13
4231294,1,1,2025-12-29
4231311,1,0,2025-03-22
4231412,2,0,2025-02-11
4231423,1,0,2025-12-22
4231480,1,0,2025-04-11
4231487,1,1,2026-01-16
4231495,1,0,2025-11-18
4231507,2,1,2026-04-20
4231533,1,0,2025-07-17
4231546,2,1,2025-10-02
4231629,1,1,2025-09-10
4231634,1,0,2026-06-05
4231661,1,0,2026-01-15
4231720,3,3,2026-08-12
4231744,2,2,2026-07-22
4231814,1,0,2025-10-06
4232018,14,5,2026-08-24
4232067,6,5,2026-04-16
4232084,1,0,2025-02-12
4232113,1,0,2025-06-02
4232169,4,2,2026-06-12
4232190,1,0,2026-05-12
4232191,1,0,2025-02-21
4232290,6,1,2026-07-02
4232303,3,2,2025-04-07
4232525,1,0,2025-09-29
4232610,1,0,2026-08-06
4232682,2,1,2026-09-01
4232690,2,0,2026-06-25
4232709,1,0,2025-07-07
4232741,1,0,2026-03-11
4232758,3,2,2025-06-09
4232769,2,0,2026-06-09
4232789,6,0,2026-08-20
4232855,2,2,2026-03-16
4232935,1,0,2026-03-26
4232954,3,1,2025-03-04
4232979,4,1,2026-07-28
4233042,1,0,2025-11-14
4233090,1,1,2025-09-26
4233105,1,1,2026-05-21
4233106,2,1,2026-01-20
4233232,4,0,2026-02-01
4233236,1,0,2026-05-19
4233341,4,3,2026-03-17
4233360,1,0,2025-07-10
4233398,1,1,2025-10-03
4233401,1,1,2025-10-07
4233556,1,0,2025-09-11
4233573,1,0,2026-08-28
4233581,3,0,2025-12-29
4233603,2,2,2026-07-07
4233612,1,0,2026-08-10
4233624,2,0,2026-08-26
4233697,3,1,2026-02-17
4233746,9,2,2026-02-22
4233747,3,0,2026-06-25
4233756,2,0,2026-07-01
4233796,2,0,2025-01-08
4233815,1,0,2026-03-30
4233817,5,1,2026-02-04
4233840,1,0,2025-08-12
4233850,13,0,2026-06-01
4233879,1,0,2026-03-11
4233963,2,1,2026-03-06
4234095,3,1,2025-12-01
4234134,1,1,2025-12-03
4234212,2,0,2026-06-26
4234281,1,0,2025-02-13
4234318,2,0,2026-06-02
4234423,3,1,2026-09-01
4234469,8,2,2025-09-23
4234475,1,0,2026-01-14
4234481,1,0,2025-01-29
4234537,1,0,2026-07-21
4234559,1,0,2026-01-23
4234638,4,0,2026-03-16
4234707,1,1,2025-11-18
4234719,1,1,2025-06-01
4234744,1,0,2025-11-25
4234788,1,0,2025-07-14
4234840,1,0,2026-05-08
4235003,1,0,2026-08-31
4235014,1,0,2025-06-25
4235037,6,6,2026-04-07
4235088,2,1,2026-07-16
4235138,1,0,2025-01-29
4235252,9,0,2026-06-02
4235258,4,4,2025-11-21
4235527,1,1,2025-03-03
4235589,5,3,2025-12-30
4235623,3,1,2026-04-01
4235701,1,0,2026-04-14
4235786,1,1,2025-06-17
4235787,1,1,2025-03-02
4235816,7,4,2025-12-05
4235885,13,6,2026-09-08
4235916,1,1,2025-11-23
4236190,1,0,2025-12-30
4236226,1,0,2025-10-06
4236241,1,0,2026-03-02
4236248,1,0,2025-12-29
4236257,2,0,2026-04-02
4236273,3,1,2025-11-07
4236313,1,0,2025-06-16
4236486,2,0,2026-01-23
4236757,4,0,2026-06-02
4236849,4,3,2026-01-29
4236872,2,1,2025-06-17
4236965,4,1,2025-11-07
4237084,7,3,2026-06-08
4237085,2,0,2025-04-01
4237249,1,0,2025-01-10
4237284,1,0,2025-01-10
4237299,5,5,2025-08-04
4237330,4,0,2026-01-09
4237437,1,1,2026-09-03
4237457,2,1,2025-10-09
4237543,3,1,2025-02-21
4237561,4,1,2026-04-01
4237595,1,0,2026-06-03
4237633,1,0,2025-10-03
4237640,1,0,2025-06-16
4237672,1,0,2025-07-23
4237727,2,0,2025-11-20
4238003,5,0,2026-02-10
4238032,1,1,2025-02-13
4238164,1,0,2025-12-04
4238294,1,0,2025-01-29
4238357,5,0,2026-06-03
4238402,5,1,2026-04-15
4238456,2,0,2025-02-12
4238561,2,0,2025-06-02
4238587,1,0,2026-06-30
4238637,2,0,2025-08-19
4238668,2,0,2026-07-30
4238698,1,1,2025-11-27
4238746,4,1,2026-01-09
4238782,1,0,2025-10-08
4238847,3,1,2026-03-31
4238876,1,0,2026-08-04
4238883,2,0,2026-03-25
4238899,1,0,2026-08-18
4238911,2,1,2026-07-31
4238928,1,0,2026-08-19
4238931,2,0,2025-02-07
4238973,1,0,2025-02-18
4238977,1,0,2025-02-20
4238993,1,0,2025-04-18
4238998,1,1,2026-02-17
4239011,1,0,2025-05-01
4239021,1,0,2026-08-10
4239080,1,0,2026-06-24
4239081,1,0,2025-01-10
4239086,1,0,2026-08-28
4239118,1,0,2025-01-22
4239129,1,0,2026-08-07
4239132,2,1,2025-01-27
4239140,1,0,2025-04-30
4239160,1,0,2025-03-25
4239161,3,1,2026-05-08
4239213,2,0,2026-04-24
4239215,1,0,2026-06-11
4239269,1,0,2025-04-03
4239297,1,0,2026-08-05
4239317,2,0,2026-06-08
4239362,1,0,2025-06-02
4239437,1,0,2025-02-04
4239477,3,0,2025-02-13
4239529,1,1,2026-07-30
4239530,1,0,2025-03-28
4239532,1,0,2026-08-18
4239536,2,0,2026-06-22
4239568,1,0,2026-06-12
4239569,1,0,2026-06-12
4239581,2,0,2025-04-01
4239650,3,0,2026-08-18
4239663,2,0,2026-08-05
4239673,1,0,2026-06-11
4239679,2,0,2025-01-06
4239690,1,1,2025-02-04
4239737,1,0,2026-06-08
4239773,2,0,2026-07-07
4239834,2,2,2026-08-18
4239884,1,1,2025-01-13
4239904,1,0,2026-07-28
4239910,1,0,2026-06-11
4239928,2,0,2026-08-20
4239940,1,0,2025-02-19
4239946,2,0,2026-08-28
4239967,1,0,2026-09-01
4239978,2,0,2025-11-13
4239996,1,1,2025-01-08
4240014,1,1,2025-12-10
4240044,1,0,2025-02-14
4240096,1,0,2025-01-29
4240152,1,0,2026-06-24
4240170,3,0,2026-08-10
4240179,1,0,2026-08-26
4240229,1,0,2026-07-30
4240235,2,0,2026-08-04
4240236,2,1,2026-03-04
4240278,1,0,2026-08-05
4240280,1,0,2026-08-04
4240330,1,1,2026-06-09
4240332,1,0,2025-04-08
4240346,1,0,2026-07-09
4240362,2,0,2026-06-11
4240367,1,0,2026-07-09
4240399,2,0,2026-08-10
4240400,1,1,2025-03-07
4240407,1,0,2026-08-25
4240416,2,1,2026-02-10
4240500,1,0,2025-05-01
4240503,7,0,2026-02-06
4240551,1,0,2025-03-18
4240554,1,0,2026-02-02
4240597,1,0,2025-02-25
4240763,1,1,2025-03-25
4240784,1,0,2026-09-03
4240792,4,1,2025-03-04
4240810,1,0,2025-03-25
4240892,3,0,2026-03-12
4241114,1,0,2025-04-09
4241129,1,0,2026-08-31
4241131,6,3,2025-03-19
4241259,3,1,2025-11-05
4241457,2,0,2025-03-13
4241524,4,1,2026-05-22
4241531,1,0,2026-01-09
4241722,1,0,2025-06-04
4241724,3,0,2026-07-02
4241778,1,0,2025-12-09
4241889,3,0,2025-09-24
4241993,1,0,2026-03-13
4242017,4,3,2025-08-18
4242033,1,1,2026-04-24
4242065,1,0,2025-02-18
4242157,6,6,2025-10-20
4242421,7,5,2025-06-13
4242611,3,2,2025-09-11
4242672,1,0,2025-03-25
4242695,2,0,2026-01-05
4242705,1,0,2025-01-09
4242709,2,0,2025-04-16
4242763,2,1,2025-03-28
4242893,1,0,2025-03-11
4242895,1,0,2025-01-07
4243005,2,0,2026-01-28
4243196,1,0,2026-04-29
4243601,2,1,2026-01-09
4243630,1,0,2025-01-13
4243707,1,1,2026-02-24
4243743,10,1,2026-02-06
4243819,2,1,2026-03-11
4243993,2,0,2025-01-02
4244031,1,0,2025-11-21
4244089,2,2,2025-01-02
4244310,1,1,2025-03-11
4244330,3,0,2026-07-14
4244479,2,0,2026-03-25
4244559,2,0,2025-02-26
4244560,2,0,2025-04-17
4244576,1,0,2026-01-22
4244635,1,0,2026-03-11
4244823,1,0,2025-09-11
4244886,1,0,2025-12-01
4244898,1,0,2025-12-01
4244936,1,0,2025-01-29
4244963,1,0,2025-12-11
4245011,1,0,2026-03-19
4245057,1,0,2026-03-17
4245079,7,2,2026-08-26
4245081,4,1,2026-08-26
4245101,1,0,2026-03-30
4245313,1,1,2025-05-13
4245349,2,1,2026-08-26
4245370,4,1,2026-04-15
4245377,1,1,2025-08-18
4245379,1,1,2026-02-27
4245389,1,0,2026-05-29
4245394,1,0,2025-02-21
4245558,2,1,2026-05-18
4245559,1,1,2025-12-15
4245628,2,0,2025-03-06
4245690,3,0,2025-12-01
4245753,2,1,2025-06-26
4245805,1,0,2025-01-29
4245846,3,1,2025-07-09
4245993,6,0,2026-04-16
4246009,1,0,2025-02-25
4246228,1,1,2025-03-18
4246242,1,0,2026-08-03
4246245,2,0,2026-07-23
4246640,1,0,2025-07-09
4246654,4,0,2026-01-07
4246831,3,0,2025-10-02
4246870,3,1,2026-06-12
4246892,1,0,2025-01-06
4246914,5,1,2025-04-05
4246926,1,1,2025-02-17
4247246,1,0,2025-12-12
4247271,2,0,2026-02-02
4247312,3,1,2025-12-02
4247454,1,0,2026-04-16
4247455,3,0,2026-03-31
4247505,2,0,2026-04-29
4247523,1,0,2025-03-04
4247539,1,0,2026-01-15
4247550,2,2,2025-12-10
4247572,8,0,2026-04-23
4247582,2,0,2025-03-12
4247588,2,0,2026-07-14
4247611,1,1,2025-01-17
4247627,2,0,2026-02-26
4247628,1,0,2025-06-06
4247629,1,0,2025-08-04
4247694,1,0,2026-02-06
4247724,1,1,2025-04-14
4247759,1,0,2025-01-24
4247811,2,1,2025-02-11
4247882,4,0,2025-11-25
4248175,1,1,2025-03-26
4248190,3,1,2026-09-03
4248252,2,0,2025-01-07
4248253,5,3,2026-08-27
4248355,2,1,2025-02-10
4248396,1,1,2025-05-03
4248405,1,0,2026-07-06
4248480,2,1,2026-04-01
4248805,1,0,2025-10-01
4248849,1,0,2025-02-19
4248859,9,3,2026-08-26
4248952,2,0,2025-07-14
4248981,2,2,2025-12-02
4249161,1,1,2026-05-26
4249166,5,0,2026-06-05
4249167,2,0,2026-06-08
4249205,3,0,2025-04-12
4249212,1,0,2026-06-05
4249222,2,0,2026-06-08
4249254,2,0,2025-12-31
4249262,4,4,2025-11-18
4249300,1,1,2025-11-17
4249315,1,1,2025-12-02
4249373,4,1,2026-08-14
4249430,1,0,2026-05-21
4249449,1,0,2025-07-31
4249460,1,0,2025-07-31
4249464,2,0,2026-05-20
4249479,1,0,2025-12-15
4249485,7,4,2026-09-01
4249486,1,0,2025-12-23
4249489,1,0,2026-09-08
4249506,3,2,2025-11-24
4249520,1,0,2026-04-24
4249542,1,0,2025-12-18
4249555,1,0,2026-08-11
4249613,1,0,2025-02-13
4249619,2,0,2025-01-07
4249626,1,1,2026-07-07
4249711,1,0,2026-05-27
4249712,2,0,2025-12-18
4249717,2,2,2025-12-01
4249733,3,3,2025-12-10
4249769,4,0,2026-04-15
4249780,3,0,2026-05-04
4249792,2,0,2025-01-09
4249808,1,1,2025-02-06
4249833,2,1,2026-04-03
4249902,2,0,2026-04-28
4249936,1,1,2025-11-13
4249987,3,3,2025-12-02
4249988,1,1,2025-02-07
4250024,5,5,2026-06-17
4250025,3,3,2025-12-18
4250039,3,1,2025-12-30
4250051,3,1,2026-07-16
4250052,1,1,2026-04-13
4250087,3,1,2025-09-25
4250090,1,0,2025-02-06
4250095,2,2,2026-06-24
4250108,5,2,2026-05-05
4250120,3,0,2025-04-25
4250128,3,3,2025-01-21
4250131,3,3,2025-12-17
4250141,1,0,2026-02-03
4250147,3,0,2025-03-13
4250154,1,0,2026-06-03
4250168,2,0,2025-05-15
4250180,1,0,2026-06-24
4250216,1,0,2026-02-12
4250217,1,0,2026-02-12
4250240,3,3,2025-01-24
4250256,1,0,2025-01-31
4250262,1,0,2026-07-24
4250312,1,0,2025-02-11
4250315,3,1,2025-03-17
4250338,1,1,2025-01-10
4250348,2,0,2025-03-18
4250368,3,1,2026-08-07
4250416,8,0,2026-05-06
4250424,2,0,2025-05-08
4250426,7,3,2026-08-31
4250513,1,1,2026-05-22
4250541,2,0,2026-04-23
4250756,1,0,2026-03-17
4250760,1,0,2026-07-06
4250822,1,1,2025-03-11
4250831,1,0,2026-02-19
4250896,3,2,2025-05-08
4250970,1,1,2025-02-12
4251020,1,0,2026-02-17
4251047,1,0,2026-02-05
4251048,1,0,2025-10-16
4251059,2,0,2026-06-26
4251076,2,0,2025-12-30
4251152,4,0,2025-07-15
4251157,1,1,2026-09-09
4251207,2,0,2025-02-27
4251246,2,0,2025-02-12
4251249,2,2,2025-02-25
4251254,1,1,2025-11-24
4251268,2,1,2026-01-09
4251325,2,0,2026-07-15
4251397,1,0,2025-01-09
4251482,1,0,2025-01-15
4251507,1,1,2025-02-24
4251638,1,0,2026-09-01
4251640,1,0,2026-06-05
4251645,2,1,2026-08-25
4251647,1,0,2026-04-06
4251703,1,0,2025-06-04
4251775,2,0,2025-04-17
4251819,1,0,2025-02-06
4252014,1,0,2025-07-16
4252015,3,0,2026-06-22
4252019,1,1,2026-01-16
4252054,2,0,2025-01-30
4252091,1,0,2025-03-06
4252094,4,0,2026-08-27
4252095,2,0,2025-08-26
4252104,2,1,2026-04-29
4252233,1,0,2026-08-20
4252252,2,0,2026-05-04
4252302,4,0,2026-03-20
4252316,1,0,2025-06-26
4252336,1,0,2025-09-10
4252357,9,0,2026-04-20
4252360,2,1,2025-03-05
4252413,5,1,2025-07-18
4252418,1,0,2025-03-04
4252512,2,0,2025-06-24
4252584,1,0,2025-06-26
4252641,1,1,2025-02-12
4252729,4,0,2026-07-30
4252750,1,0,2025-01-13
4252787,1,0,2025-02-04
4252803,1,0,2025-10-14
4252835,2,0,2025-06-23
4252851,1,0,2026-08-12
4252871,1,1,2025-03-03
4252887,2,0,2025-10-22
4252912,2,0,2025-05-31
4252956,3,3,2025-10-16
4252964,2,0,2026-06-18
4252987,1,1,2026-06-25
4253028,1,0,2026-04-20
4253049,2,0,2025-03-17
4253051,1,0,2026-01-15
4253066,5,0,2026-05-08
4253078,3,0,2026-03-19
4253103,2,2,2026-08-25
4253171,1,1,2025-02-25
4253205,2,0,2025-04-04
4253206,1,0,2025-09-04
4253227,2,2,2026-01-22
4253242,1,1,2025-08-25
4253244,7,6,2026-07-07
4253314,2,1,2025-04-16
4253329,2,0,2025-03-21
4253364,1,0,2026-02-04
4253377,1,0,2026-06-15
4253379,5,4,2025-12-30
4253389,2,0,2025-02-21
4253407,3,2,2025-05-29
4253420,19,14,2026-09-01
4253446,3,0,2025-11-18
4253453,1,0,2025-07-30
4253474,4,3,2026-08-25
4253477,1,0,2026-01-07
4253491,2,0,2026-01-19
4253497,1,0,2025-05-28
4253543,2,2,2026-04-27
4253601,1,0,2025-01-29
4253607,12,0,2026-04-21
4253609,2,0,2025-05-19
4253657,1,1,2026-08-17
4253687,2,0,2026-05-19
4253713,1,0,2026-04-06
4253817,1,1,2025-01-09
4253833,5,1,2025-10-07
4253844,1,1,2025-02-12
4253858,2,0,2026-03-19
4253930,2,0,2025-04-28
4253945,1,0,2026-08-11
4253994,1,0,2025-02-04
4254011,2,0,2026-05-11
4254012,6,1,2025-12-01
4254013,1,0,2026-07-07
4254057,1,0,2026-03-03
4254066,1,1,2026-08-25
4254102,2,1,2026-06-16
4254127,3,3,2025-05-21
4254300,2,0,2026-03-13
4254327,1,0,2026-05-04
4254334,2,0,2026-03-20
4254399,1,0,2026-01-05
4254466,4,0,2025-09-04
4254506,2,0,2025-09-10
4254549,1,0,2025-07-15
4254555,1,0,2025-02-27
4254667,1,0,2025-05-28
4254731,2,2,2025-03-14
4254789,1,1,2026-05-27
4254797,1,0,2025-04-11
4254885,2,1,2025-11-18
4255004,8,8,2026-06-09
4255007,8,2,2026-07-30
4255028,2,0,2026-01-23
4255053,1,0,2025-12-11
4255060,1,0,2026-07-02
4255077,2,2,2026-08-03
4255088,1,1,2025-06-03
4255171,1,1,2025-08-18
4255212,1,0,2025-02-11
4255230,8,6,2026-01-23
4255233,1,0,2026-07-21
4255262,2,0,2025-09-15
4255264,1,0,2025-02-20
4255301,1,1,2026-02-27
4255321,5,0,2025-11-26
4255366,8,4,2025-04-24
4255369,1,0,2025-12-22
4255372,7,6,2025-05-16
4255392,2,0,2025-02-01
4255415,1,1,2026-06-01
4255417,5,5,2025-05-27
4255427,1,0,2025-10-16
4255429,6,2,2025-10-11
4255472,3,0,2025-12-15
4255555,5,0,2025-10-17
4255577,1,1,2025-07-25
4255585,1,0,2025-01-13
4255704,1,0,2026-03-13
4255740,2,0,2026-03-19
4255786,1,1,2025-02-24
4255787,1,1,2025-02-21
4255799,2,1,2026-05-05
4255812,1,0,2025-12-05
4255888,2,1,2026-03-30
4255939,1,0,2026-08-11
4255951,1,0,2026-04-28
4255957,1,0,2025-07-09
4256069,3,0,2025-03-04
4256081,2,0,2026-02-27
4256117,4,1,2026-09-08
4256129,1,0,2025-01-17
4256142,1,1,2025-04-09
4256164,1,1,2025-11-20
4256202,1,0,2025-01-29
4256219,1,0,2025-03-11
4256254,2,0,2025-03-05
4256255,3,1,2025-03-21
4256281,1,0,2026-04-22
4256389,7,5,2025-05-12
4256394,9,8,2026-04-21
4256534,3,1,2026-04-23
4256557,4,1,2025-09-29
4256599,1,0,2025-04-11
4256600,3,0,2026-06-08
4256605,1,0,2026-08-21
4256618,1,0,2025-12-18
4256630,4,0,2026-05-19
4256657,1,0,2025-02-11
4256667,1,0,2026-05-04
4256678,1,1,2025-02-24
4256698,4,1,2026-07-14
4256794,3,3,2026-02-20
4256844,4,2,2025-11-24
4256847,3,3,2025-06-27
4256879,3,0,2026-09-01
4256882,2,0,2025-06-03
4256986,1,0,2025-02-10
4257015,1,0,2026-03-17
4257032,1,0,2026-07-02
4257049,1,0,2026-04-14
4257054,1,0,2025-02-11
4257067,1,0,2026-04-14
4257165,3,1,2025-09-30
4257202,3,1,2026-05-29
4257220,3,3,2025-07-17
4257256,2,1,2025-10-27
4257279,1,1,2025-01-31
4257291,2,0,2026-02-03
4257295,1,0,2025-02-06
4257309,6,6,2026-03-27
4257343,1,0,2026-02-19
4257360,2,2,2025-06-25
4257396,1,0,2025-02-13
4257504,2,0,2026-03-17
4257515,1,0,2025-03-18
4257530,7,2,2026-04-17
4257535,8,6,2026-07-21
4257541,1,1,2025-02-20
4257552,1,1,2025-06-17
4257554,2,1,2025-01-10
4257560,1,0,2026-07-10
4257584,4,4,2026-04-14
4257601,8,8,2026-06-12
4257796,3,1,2026-02-05
4257799,1,1,2025-11-03
4257809,2,0,2026-05-07
4257880,1,1,2025-03-05
4257881,1,1,2025-03-20
4257950,3,2,2026-04-18
4258002,5,0,2026-08-06
4258013,2,1,2026-02-26
4258098,2,0,2025-09-03
4258128,1,0,2025-09-29
4258133,1,1,2025-06-28
4258134,1,0,2025-08-28
4258143,5,0,2026-06-08
4258195,2,0,2026-01-07
4258220,1,0,2026-08-05
4258238,11,11,2025-06-03
4258260,2,1,2025-10-29
4258374,2,2,2026-07-05
4258378,1,0,2025-03-28
4258418,1,0,2025-09-20
4258511,2,1,2025-09-04
4258515,1,1,2025-10-28
4258534,1,0,2026-04-28
4258549,4,0,2025-01-23
4258610,2,1,2026-02-11
4258686,2,0,2025-09-02
4258690,1,0,2025-08-13
4258696,1,1,2026-09-03
4258702,1,0,2026-02-11
4258742,1,0,2025-01-03
4258778,2,0,2026-07-01
4258793,2,1,2025-10-28
4258829,4,0,2026-03-26
4258946,4,0,2026-05-26
4258947,2,0,2026-06-18
4258986,1,0,2025-08-28
4258994,2,2,2026-01-05
4258999,1,0,2025-03-28
4259003,5,4,2026-01-05
4259007,5,2,2025-06-20
4259011,2,0,2026-02-20
4259063,1,0,2026-03-09
4259090,1,0,2026-08-03
4259109,1,0,2025-08-28
4259190,2,0,2025-10-09
4259200,8,0,2026-07-06
4259211,2,1,2026-05-12
4259414,2,0,2026-02-27
4259436,3,2,2025-11-18
4259441,1,1,2025-11-10
4259481,2,0,2026-08-04
4259531,1,0,2026-01-15
4259537,1,1,2025-11-13
4259538,1,0,2026-03-03
4259550,1,0,2025-09-22
4259570,4,0,2026-05-27
4259575,2,2,2026-02-20
4259579,1,1,2025-12-31
4259596,1,0,2025-02-25
4259677,2,1,2025-10-23
4259682,1,0,2026-01-29
4259721,2,1,2025-10-23
4259766,2,2,2025-11-10
4259777,1,0,2026-09-09
4259816,2,0,2026-04-17
4259827,2,2,2025-10-14
4259864,1,0,2026-03-25
4259879,2,0,2025-08-26
4259892,4,2,2026-02-20
4259914,1,0,2025-09-10
4259925,2,2,2025-04-16
4259931,3,3,2025-10-02
4259933,5,5,2025-09-12
4259954,3,0,2025-10-07
4260011,1,0,2025-10-07
4260024,5,0,2026-02-17
4260114,2,0,2026-01-08
4260175,1,0,2026-01-20
4260291,1,0,2026-05-29
4260314,9,9,2025-03-02
4260315,2,2,2025-03-02
4260332,1,0,2025-02-07
4260344,1,0,2026-04-27
4260361,2,0,2026-02-26
4260383,3,1,2025-07-29
4260386,2,1,2025-11-06
4260400,2,0,2025-11-13
4260417,1,0,2026-01-16
4260476,1,0,2025-05-29
4260486,2,2,2025-12-03
4260514,3,1,2026-02-05
4260622,1,1,2026-05-07
4260677,1,0,2025-06-17
4260714,5,1,2025-12-26
4260767,1,1,2025-09-24
4260790,1,1,2025-06-14
4260828,8,0,2026-07-08
4260903,1,0,2025-10-01
4260916,2,0,2026-08-28
4260917,2,1,2026-06-24
4260937,2,0,2026-04-01
4260981,2,1,2026-07-24
4260984,1,0,2026-06-01
4261052,1,1,2025-07-29
4261110,1,0,2025-10-16
4261115,3,1,2025-11-26
4261141,3,0,2026-06-26
4261147,2,0,2025-09-15
4261205,2,0,2026-01-27
4261207,3,0,2026-08-05
4261217,1,0,2026-04-03
4261218,1,0,2026-03-30
4261239,1,0,2025-10-14
4261289,1,0,2025-07-29
4261302,1,0,2026-09-09
4261345,1,1,2026-07-24
4261346,1,1,2026-05-01
4261427,1,0,2025-07-29
4261445,5,3,2025-07-14
4261461,2,1,2025-01-08
4261476,2,1,2026-05-28
4261478,1,0,2026-03-06
4261487,2,0,2026-06-26
4261501,1,1,2025-12-18
4261569,2,1,2025-08-20
4261573,2,0,2025-09-19
4261589,1,0,2025-03-04
4261592,3,1,2026-07-06
4261599,1,0,2025-06-09
4261602,1,0,2026-07-09
4261603,5,0,2025-07-16
4261607,3,0,2026-02-27
4261613,2,2,2025-12-15
4261677,4,4,2025-11-13
4261696,1,0,2026-06-29
4261699,2,1,2025-12-10
4261713,10,0,2026-05-26
4261729,1,1,2025-12-29
4261736,1,0,2026-03-30
4261739,2,2,2025-01-07
4261754,4,0,2025-08-19
4261763,2,0,2025-01-08
4261766,1,1,2026-01-07
4261776,2,0,2025-05-28
4261861,2,0,2026-08-25
4261907,4,1,2026-01-08
4261909,1,0,2025-12-01
4261921,1,1,2025-08-15
4261947,1,0,2025-12-16
4261974,3,0,2026-01-20
4262061,1,0,2025-12-18
4262069,3,0,2026-01-13
4262070,1,1,2026-08-19
4262102,2,0,2025-10-28
4262103,2,1,2026-04-16
4262107,2,0,2026-01-16
4262115,1,0,2025-10-09
4262153,1,1,2026-02-02
4262201,4,4,2025-12-01
4262210,5,0,2026-07-01
4262253,5,5,2026-06-16
4262281,1,0,2025-12-03
4262285,3,2,2025-11-06
4262291,1,0,2025-10-03
4262438,1,0,2026-07-22
4262527,1,0,2025-12-03
4262556,1,0,2025-04-17
4262600,3,2,2025-08-20
4262603,8,8,2025-08-29
4262608,12,8,2026-08-28
4262609,1,0,2026-02-14
4262620,1,0,2025-03-29
4262685,4,4,2026-05-07
4262725,9,0,2026-05-26
4262733,1,1,2025-06-10
4262810,1,0,2025-10-22
4262821,3,2,2026-04-09
4262822,1,1,2026-04-09
4262823,2,1,2025-02-28
4262862,1,0,2025-08-18
4262867,2,2,2026-06-14
4262872,1,0,2025-06-16
4262878,7,2,2026-04-07
4262907,2,0,2025-11-14
4262947,1,0,2026-04-03
4262988,1,0,2025-12-12
4263101,1,1,2026-01-28
4263144,3,1,2026-04-01
4263180,2,0,2025-11-10
4263211,14,9,2026-06-15
4263213,1,0,2025-03-27
4263214,1,0,2025-02-15
4263234,1,1,2026-01-14
4263306,1,0,2026-02-08
4263341,5,0,2026-08-03
4263367,3,0,2025-02-19
4263382,1,1,2026-01-14
4263394,2,0,2025-10-28
4263395,1,1,2025-10-23
4263396,1,0,2025-10-28
4263427,5,0,2026-04-29
4263446,1,0,2025-03-20
4263612,1,0,2026-05-20
4263722,1,0,2025-10-29
4263752,2,0,2025-10-07
4263780,3,0,2026-08-24
4263831,1,0,2026-01-15
4263935,3,2,2026-03-17
4263951,2,0,2025-12-05
4263962,1,1,2025-12-11
4264228,1,0,2025-12-11
4264261,3,0,2025-11-05
4264401,1,0,2026-01-14
4264479,1,0,2025-09-22
4264494,1,1,2025-04-03
4264527,1,0,2026-07-15
4264528,1,1,2025-03-19
4264547,3,0,2025-11-03
4264552,1,0,2026-06-03
4264623,2,1,2025-10-12
4264625,1,0,2026-09-01
4264629,6,2,2026-07-28
4264630,1,0,2026-01-23
4264631,1,0,2025-08-05
4264632,3,2,2026-05-12
4264634,1,0,2025-06-18
4264656,2,1,2025-12-01
4264664,1,1,2026-07-17
4264695,1,0,2025-12-31
4264816,1,0,2025-12-10
4264839,3,0,2025-03-11
4264849,3,0,2026-02-11
4264948,3,3,2025-09-10
4264965,2,1,2025-10-06
4265110,1,1,2025-12-23
4265151,2,1,2026-05-13
4265157,1,0,2025-10-14
4265170,6,3,2026-05-12
4265176,2,0,2025-09-19
4265209,3,0,2025-11-07
4265281,3,0,2026-07-01
4265299,1,0,2025-09-15
4265402,1,1,2025-09-23
4265421,4,2,2025-02-18
4265435,2,1,2025-01-28
4265478,1,0,2025-03-21
4265501,2,1,2026-01-05
4265515,3,0,2026-06-29
4265516,5,0,2026-06-30
4265550,4,3,2026-06-08
4265553,1,1,2026-07-16
4265568,4,4,2025-10-01
4265582,1,0,2025-07-21
4265592,1,0,2025-07-22
4265594,2,2,2025-11-18
4265604,1,0,2026-02-09
4265847,2,0,2025-12-22
4265856,2,0,2025-10-23
4265927,3,1,2025-06-13
4265928,3,0,2025-07-31
4265978,10,0,2026-05-27
4265990,1,0,2025-06-09
4266158,2,0,2026-05-13
4266168,2,1,2025-07-24
4266187,2,1,2025-02-14
4266242,5,3,2025-02-19
4266384,2,1,2025-08-12
4266392,3,1,2026-09-09
4266401,2,1,2026-06-18
4266404,5,1,2026-09-01
4266409,1,0,2025-03-20
4266456,1,0,2026-03-16
4266468,2,0,2026-03-05
4266508,1,0,2025-08-05
4266554,2,0,2026-07-13
4266558,1,0,2025-11-05
4266619,2,1,2025-02-27
4266639,4,1,2025-09-20
4266679,4,1,2026-06-30
4266748,1,0,2025-07-30
4266753,1,0,2025-06-17
4266785,2,2,2025-06-10
4266806,1,0,2026-04-09
4266917,1,1,2025-03-05
4267061,3,0,2025-06-10
4267241,2,2,2025-08-13
4267260,10,0,2026-05-28
4267274,2,1,2025-12-01
4267285,2,1,2026-02-11
4267308,1,0,2025-06-17
4267365,8,1,2026-02-02
4267370,1,0,2025-08-06
4267385,1,0,2025-08-29
4267395,2,0,2026-01-22
4267421,1,0,2026-07-01
4267475,2,1,2026-04-24
4267620,1,0,2026-01-23
4267671,2,0,2026-07-28
4267695,1,0,2026-06-26
4267715,1,0,2025-06-11
4267730,1,1,2025-01-21
4268049,2,0,2026-02-26
4268058,4,1,2026-06-08
4268078,1,1,2025-12-30
4268145,3,0,2026-05-19
4268186,1,1,2026-01-05
4268217,2,0,2025-11-10
4268327,5,2,2026-01-30
4268328,1,0,2025-09-04
4268430,1,0,2026-04-13
4268489,1,0,2025-01-29
4268525,1,0,2025-12-11
4268543,8,0,2026-05-28
4268577,2,0,2026-04-08
4268611,1,0,2026-02-05
4268644,3,1,2025-11-05
4268808,4,0,2025-12-09
4268836,1,1,2025-06-17
4268878,3,0,2025-10-07
4268900,9,0,2026-05-29
4268949,1,1,2025-12-10
4269026,2,0,2025-12-09
4269111,1,1,2025-09-09
4269190,1,0,2026-05-13
4269319,2,1,2025-09-29
4269441,1,1,2025-04-29
4269442,2,2,2026-05-07
4269443,1,1,2025-04-29
4269444,1,1,2025-04-29
4269447,1,1,2025-04-29
4269487,1,1,2025-04-29
4269552,1,1,2025-11-06
4269553,3,1,2025-10-07
4269596,2,0,2026-01-08
4269686,2,2,2025-06-14
4269785,2,0,2026-03-16
4269801,1,0,2025-06-09
4269844,1,0,2026-08-12
4269910,1,0,2025-12-31
4270016,1,0,2026-05-13
4270045,4,0,2026-07-02
4270056,9,2,2026-06-01
4270059,14,1,2026-06-01
4270093,3,2,2026-03-18
4270127,1,0,2026-04-21
4270185,7,4,2025-07-11
4270271,1,1,2025-12-30
4270366,5,1,2025-08-01
4270447,4,3,2025-09-09
4270586,1,1,2026-04-06
4270631,2,0,2025-01-21
4270658,1,1,2026-05-28
4270695,3,1,2025-09-22
4270788,3,0,2026-02-10
4270801,1,1,2026-08-04
4270803,2,2,2026-09-08
4270911,2,0,2026-05-13
4270924,1,0,2025-12-30
4270970,2,2,2026-01-15
4271021,1,1,2026-02-24
4271040,1,0,2026-03-11
4271154,1,1,2026-01-20
4271176,2,2,2025-10-31
4271186,1,1,2026-07-24
4271227,1,1,2025-10-02
4271233,2,1,2026-01-14
4271237,1,0,2025-08-13
4271285,3,1,2026-01-14
4271306,2,0,2026-05-11
4271340,4,4,2025-04-15
4271345,2,0,2025-04-29
4271365,2,0,2026-04-14
4271415,2,0,2025-09-29
4271438,4,1,2026-08-06
4271460,2,0,2025-04-23
4271492,2,2,2026-08-26
4271493,3,0,2025-06-17
4271501,1,0,2025-10-21
4271534,1,0,2026-04-16
4271563,2,2,2025-09-26
4271699,1,0,2025-09-20
4271775,1,0,2025-05-13
4271776,1,0,2026-06-22
4271778,1,0,2025-03-05
4271782,1,0,2025-12-03
4271787,2,0,2026-06-17
4271788,3,1,2026-01-13
4271803,4,1,2026-01-13
4271817,1,0,2025-08-20
4271841,1,0,2025-10-29
4271845,1,0,2025-12-03
4271885,1,1,2025-09-15
4271907,2,0,2026-07-08
4271951,3,2,2025-12-03
4271985,1,0,2026-07-09
4272026,1,0,2026-01-13
4272036,1,0,2026-07-21
4272062,1,1,2026-07-01
4272305,1,1,2026-02-24
4272371,4,0,2026-08-31
4272386,3,0,2025-06-20
4272454,4,4,2026-04-21
4272591,1,0,2025-07-29
4272610,2,2,2025-12-02
4272646,2,0,2025-12-10
4272816,2,0,2025-08-19
4272890,1,0,2025-04-16
4272908,3,0,2025-11-25
4272948,4,3,2025-07-29
4273034,2,0,2025-07-09
4273106,1,0,2025-12-10
4273142,9,0,2026-06-02
4273320,1,0,2025-09-02
4273365,1,0,2025-03-11
4273381,1,0,2026-04-24
4273503,1,0,2025-07-16
4273783,1,1,2026-07-16
4273848,4,1,2026-08-03
4273911,1,0,2025-08-20
4273962,1,0,2025-12-03
4273963,1,0,2025-12-03
4274006,1,0,2026-04-17
4274058,4,1,2026-07-01
4274083,8,0,2026-06-02
4274104,2,0,2026-06-17
4274266,12,12,2026-03-09
4274309,1,0,2025-02-24
4274468,4,1,2025-08-15
4274488,1,0,2025-03-06
4274604,2,0,2025-09-11
4274656,2,2,2026-04-28
4274707,2,0,2025-04-02
4274720,1,1,2025-03-03
4274777,2,0,2025-04-03
4274811,2,0,2025-04-03
4274822,4,1,2026-07-20
4274823,1,0,2025-04-14
4274840,2,0,2025-03-25
4274853,3,0,2025-08-25
4274972,1,1,2025-04-23
4274975,3,2,2025-07-21
4275160,1,0,2026-06-17
4275360,1,1,2025-01-08
4275437,2,0,2025-05-02
4275443,1,0,2026-06-09
4275614,6,1,2026-05-28
4275653,1,0,2026-08-06
4275656,1,0,2025-11-05
4275695,4,0,2025-10-06
4275867,3,0,2025-04-29
4275885,2,2,2025-05-30
4275911,2,1,2025-02-25
4275999,1,1,2026-02-10
4276012,3,0,2025-02-18
4276146,2,1,2025-12-19
4276181,1,0,2025-12-15
4276203,1,0,2025-02-24
4276382,7,0,2026-02-09
4276414,3,1,2025-02-25
4276450,5,0,2025-12-11
4276462,1,0,2025-04-18
4276478,1,1,2026-01-23
4276480,3,3,2026-01-23
4276481,1,1,2026-01-23
4276548,5,1,2025-12-09
4276791,2,2,2025-04-03
4277056,2,2,2025-02-03
4277152,1,0,2025-05-22
4277396,1,1,2025-01-13
4277445,4,4,2026-03-17
4277979,7,0,2026-03-26
4278145,1,0,2025-08-19
4278165,1,0,2026-06-17
4278237,2,0,2026-04-08
4278295,2,2,2025-09-09
4278296,2,1,2026-02-17
4278380,8,0,2026-02-09
4278417,1,0,2026-02-06
4278549,1,0,2026-06-09
4278552,4,0,2025-01-14
4278583,2,1,2025-01-27
4278796,1,0,2025-01-07
4278806,2,0,2026-06-15
4278807,3,2,2025-02-13
4279205,1,1,2025-09-09
4279206,1,1,2025-09-09
4279239,1,0,2026-03-09
4279241,5,4,2026-03-26
4279254,3,2,2025-08-07
4279280,1,0,2026-02-11
4279321,1,1,2025-04-14
4279438,1,0,2026-01-06
4279586,2,0,2025-02-24
4279617,1,1,2026-02-09
4279618,2,1,2026-07-23
4279802,1,0,2025-01-29
4279809,2,1,2025-10-21
4279821,1,0,2025-09-18
4279864,9,1,2026-06-03
4279987,1,1,2026-05-05
4280023,1,0,2026-02-24
4280050,1,0,2026-05-21
4280085,1,0,2025-01-02
4280112,2,0,2026-06-08
4280148,1,0,2025-02-25
4280157,3,0,2025-10-02
4280225,2,0,2025-05-28
4280262,3,2,2025-05-28
4280351,3,3,2026-03-03
4280361,3,1,2025-07-31
4280369,7,6,2025-12-30
4280381,3,0,2025-03-21
4280394,3,3,2025-12-30
4280613,3,1,2026-06-15
4280681,3,1,2025-02-10
4280735,1,0,2026-04-16
4280748,1,0,2026-03-26
4280749,3,1,2026-04-08
4280845,5,0,2026-06-03
4280848,2,1,2026-01-30
4280862,1,0,2025-04-16
4280864,3,1,2026-09-09
4280882,3,1,2025-12-30
4281019,2,1,2025-07-02
4281024,6,1,2026-06-16
4281025,1,0,2025-04-16
4281026,1,0,2025-04-16
4281113,2,0,2025-11-06
4281154,4,4,2026-02-19
4281273,1,0,2026-05-19
4281345,1,0,2025-03-25
4281394,6,4,2026-04-02
4281410,4,1,2026-04-01
4281449,5,0,2026-07-30
4281458,1,0,2025-05-30
4281481,1,0,2026-05-08
4281500,2,0,2025-05-28
4281582,1,1,2025-02-25
4281613,1,1,2026-03-10
4281621,3,3,2026-03-27
4281645,2,0,2025-03-11
4281797,1,0,2026-08-31
4281843,2,2,2025-08-21
4281933,2,0,2026-05-01
4281988,1,1,2025-12-17
4282014,1,0,2025-03-28
4282106,3,1,2025-05-07
4282108,1,1,2025-04-07
4282116,1,0,2026-06-11
4282127,1,0,2026-07-14
4282373,3,1,2025-03-05
4282379,1,0,2025-12-11
4282638,1,0,2026-07-10
4282668,2,2,2026-06-05
4282703,1,0,2025-05-21
4282735,1,0,2025-06-24
4282736,1,0,2025-07-23
4282930,3,1,2026-01-05
4282939,3,3,2026-08-14
4283015,9,0,2026-02-12
4283095,1,1,2026-02-05
4283125,2,1,2026-08-24
4283133,1,1,2026-04-16
4283293,3,0,2025-07-15
4283377,2,0,2025-03-28
4283412,1,0,2025-03-19
4283428,2,1,2026-04-14
4283543,2,0,2025-03-11
4283561,2,0,2025-01-13
4283576,1,0,2025-03-28
4283599,2,2,2025-10-08
4283787,4,3,2026-03-12
4283796,1,0,2025-02-03
4283860,2,0,2025-07-07
4283945,1,0,2026-06-09
4283955,2,0,2026-03-02
4283973,1,1,2026-04-30
4283996,4,1,2026-06-29
4284052,4,0,2025-07-22
4284059,1,0,2025-04-11
4284068,5,3,2025-08-21
4284080,1,0,2025-02-03
4284219,1,0,2025-05-08
4284236,8,0,2026-02-12
4284444,6,3,2025-06-09
4284534,2,0,2025-06-09
4284678,3,2,2026-06-26
4284686,3,1,2025-10-15
4284689,1,1,2025-12-11
4284710,1,0,2026-05-20
4284759,1,1,2026-06-05
4284770,2,2,2025-08-01
4284806,1,0,2026-08-05
4284863,2,1,2026-08-31
4284876,2,2,2026-06-12
4284894,1,0,2025-09-11
4284897,2,0,2026-03-06
4285073,4,0,2025-09-05
4285125,2,2,2025-07-14
4285145,1,0,2025-05-23
4285150,3,0,2026-03-24
4285180,1,0,2025-03-05
4285217,1,0,2025-07-29
4285238,2,0,2025-11-21
4285386,4,4,2026-05-01
4285405,3,3,2025-11-12
4285407,1,0,2025-01-17
4285461,2,0,2025-04-17
4285466,4,2,2025-09-09
4285481,7,0,2026-02-12
4285535,3,0,2025-10-28
4285542,3,2,2026-08-06
4285682,11,1,2026-02-11
4285719,3,2,2025-09-18
4285839,1,0,2025-03-18
4285902,1,0,2026-06-01
4285939,1,0,2026-01-23
4285967,1,0,2025-03-17
4285972,11,0,2026-02-19
4285980,1,0,2026-04-15
4285981,1,1,2025-01-21
4286003,3,3,2025-11-17
4286025,4,3,2026-01-20
4286103,3,3,2025-02-12
4286109,2,0,2025-02-28
4286135,6,6,2026-04-03
4286150,4,2,2026-07-10
4286163,1,1,2025-06-21
4286195,1,0,2026-02-12
4286267,2,0,2026-08-06
4286301,1,1,2025-02-25
4286349,1,0,2025-01-30
4286399,1,1,2025-03-27
4286414,2,0,2026-07-07
4286449,1,0,2025-03-13
4286477,4,1,2025-08-29
4286480,1,0,2025-03-18
4286539,1,0,2025-11-06
4286600,1,0,2026-05-21
4286628,1,0,2026-06-12
4286636,3,0,2026-03-31
4286678,1,0,2026-07-13
4286679,1,0,2025-02-14
4286871,5,2,2026-04-30
4286942,1,0,2026-01-16
4287007,1,0,2025-03-21
4287026,2,0,2025-05-28
4287061,1,0,2025-07-01
4287095,4,4,2025-03-25
4287151,4,1,2026-04-15
4287159,3,0,2026-09-10
4287214,1,0,2025-09-03
4287323,1,0,2025-06-10
4287368,4,4,2025-06-23
4287408,2,0,2026-07-30
4287474,3,2,2026-06-23
4287493,1,0,2025-04-18
4287575,2,0,2025-02-25
4287624,3,0,2026-08-19
4287639,5,5,2026-03-02
4287736,2,2,2025-10-02
4287817,5,5,2025-10-14
4287873,5,0,2025-07-21
4287910,2,2,2026-08-27
4287977,5,0,2026-05-19
4287979,1,1,2026-02-03
4287992,1,1,2026-04-13
4288099,3,0,2026-07-09
4288215,3,0,2025-11-05
4288235,1,1,2025-11-14
4288256,1,0,2026-04-24
4288315,2,2,2026-01-14
4288377,3,0,2025-12-16
4288397,3,0,2026-07-23
4288420,2,2,2025-07-28
4288433,2,1,2025-10-17
4288566,3,0,2025-11-03
4288629,2,0,2025-04-30
4288640,8,0,2026-02-13
4288792,2,0,2025-12-04
4288914,1,0,2025-02-03
4289065,3,0,2025-05-13
4289081,2,2,2025-11-21
4289203,3,1,2026-09-08
4289352,3,0,2025-11-12
4289362,1,0,2026-06-16
4289391,3,0,2026-02-04
4289400,2,0,2025-06-17
4289423,2,0,2025-01-07
4289472,3,0,2025-04-14
4289475,2,0,2025-01-30
4289498,8,7,2025-08-14
4289535,2,1,2026-01-14
4289565,2,0,2026-08-05
4289589,5,2,2026-02-06
4289652,1,0,2025-06-27
4289659,1,0,2026-06-23
4289717,6,0,2026-02-13
4289801,1,0,2025-06-09
4289822,6,5,2026-01-05
4290056,2,1,2026-07-14
4290116,9,0,2026-02-13
4290154,3,0,2025-04-30
4290162,2,0,2026-03-04
4290170,1,0,2025-04-02
4290176,1,0,2025-07-28
4290207,3,1,2025-02-27
4290216,2,1,2025-01-31
4290287,2,0,2026-02-10
4290288,2,0,2025-12-29
4290571,1,0,2025-04-04
4290633,3,1,2026-01-28
4290697,1,0,2026-02-12
4290823,6,2,2026-07-27
4290891,1,0,2026-06-15
4291067,2,1,2026-03-05
4291157,3,1,2025-06-04
4291174,3,0,2025-08-05
4291194,2,1,2025-03-05
4291199,2,1,2026-02-17
4291307,2,2,2025-05-08
4291411,4,4,2026-02-17
4291453,10,0,2026-02-26
4291475,1,0,2026-07-08
4291510,1,0,2025-03-31
4291569,4,2,2025-12-29
4291651,1,0,2026-04-22
4291700,5,1,2025-04-25
4291733,1,0,2025-12-16
4291742,2,0,2025-10-24
4291957,1,0,2026-01-06
4292118,1,1,2025-08-19
4292136,1,1,2025-04-12
4292382,2,0,2026-04-03
4292435,2,0,2026-09-08
4292444,3,1,2025-12-09
4292449,1,0,2025-01-10
4292499,1,1,2026-02-26
4292503,1,1,2025-06-23
4292596,2,2,2026-04-09
4292603,2,1,2026-06-16
4292839,1,1,2025-11-17
4293151,3,0,2025-12-02
4293191,2,0,2025-09-15
4293244,2,1,2025-01-06
4293311,7,0,2026-04-17
4293340,1,0,2025-04-01
4293574,1,0,2025-01-29
4293593,3,0,2025-02-28
4293775,1,0,2025-04-08
4293843,2,1,2026-06-05
4293848,2,0,2025-02-10
4294267,2,0,2025-03-04
4294295,1,0,2026-08-11
4294296,1,0,2025-01-08
4294594,2,0,2025-01-06
4294673,2,0,2025-01-06
4294880,1,1,2025-01-03
4294994,1,0,2026-01-05
4295026,2,0,2026-09-08
4295033,1,0,2026-03-13
4295046,3,3,2025-06-26
4295056,7,2,2026-09-03
4295148,1,1,2025-03-11
4295163,8,0,2026-04-21
4295308,1,0,2025-03-04
4295336,1,1,2025-01-07
4295341,1,1,2026-07-27
4295456,2,0,2025-06-18
4295495,2,0,2026-09-03
4295496,2,2,2026-01-10
4295509,2,0,2025-07-08
4295516,2,2,2026-02-27
4295522,13,13,2026-08-10
4295563,2,1,2026-06-03
4295714,2,0,2026-07-02
4295889,6,3,2026-09-03
4295897,6,2,2025-11-24
4295917,1,1,2026-08-20
4295997,2,0,2026-05-12
4296156,2,1,2025-12-02
4296172,1,0,2026-03-13
4296179,1,1,2025-05-12
4296186,1,0,2026-06-05
4296212,3,3,2025-12-30
4296216,5,4,2025-06-09
4296236,2,0,2025-10-10
4296239,2,0,2026-07-02
4296240,2,1,2025-05-27
4296265,1,0,2026-06-26
4296321,1,0,2025-03-20
4296368,1,0,2026-09-01
4296500,2,0,2025-02-06
4296503,2,0,2026-06-08
4296509,1,0,2026-06-16
4296614,9,6,2026-02-17
4296770,1,1,2025-03-13
4296796,4,0,2026-08-24
4296867,1,0,2026-05-11
4296947,3,1,2026-04-13
4297041,1,0,2025-02-26
4297100,1,0,2025-02-27
4297339,3,2,2026-08-12
4297501,1,0,2025-01-06
4297726,2,2,2025-08-21
4297738,2,1,2026-04-30
4297795,3,0,2025-10-23
4297807,4,0,2025-09-05
4297810,2,1,2025-01-21
4297817,2,0,2026-07-01
4297822,15,8,2026-01-29
4297852,1,1,2025-06-12
4297910,2,0,2026-02-11
4297911,1,1,2026-06-26
4297922,1,0,2026-02-26
4297972,4,0,2026-03-24
4297996,3,0,2026-06-02
4298054,1,0,2025-07-01
4298103,2,1,2025-03-06
4298149,1,0,2025-03-06
4298166,1,0,2025-12-23
4298215,1,0,2026-06-10
4298234,4,0,2026-03-24
4298249,3,1,2026-08-18
4298265,1,1,2025-02-06
4298281,1,1,2025-02-03
4298292,1,0,2025-05-27
4298300,7,5,2025-10-21
4298307,1,0,2025-12-10
4298336,1,1,2026-01-30
4298337,1,0,2025-10-08
4298386,1,1,2026-02-10
4298444,1,0,2025-04-08
4298647,4,2,2025-03-07
4298856,14,0,2026-04-02
4298943,1,0,2025-02-24
4298946,2,0,2026-08-06
4298968,4,1,2026-05-26
4299143,1,1,2025-02-27
4299188,2,0,2026-04-15
4299194,3,0,2026-08-25
4299197,2,0,2026-04-10
4299254,1,0,2026-07-27
4299259,2,1,2026-01-15
4299265,1,1,2026-05-13
4299361,1,0,2026-07-17
4299371,1,0,2025-03-14
4299372,1,0,2025-03-14
4299373,2,0,2025-03-12
4299386,1,0,2026-02-06
4299422,1,0,2026-07-08
4299539,4,1,2025-01-15
4299548,1,0,2026-02-07
4299559,1,1,2026-05-17
4299581,2,1,2026-07-20
4299594,5,3,2026-02-11
4299596,2,0,2025-03-12
4299646,1,0,2025-01-08
4299666,1,0,2026-05-21
4299675,1,0,2026-03-18
4299677,2,2,2025-09-17
4299713,2,0,2025-03-12
4299768,1,0,2025-04-28
4299826,2,1,2025-04-30
4299852,4,2,2025-07-18
4299874,2,0,2025-03-04
4299878,4,2,2025-04-08
4299904,7,6,2026-03-30
4299923,5,5,2026-03-04
4299983,3,1,2026-06-15
4300009,2,2,2026-04-08
4300065,1,1,2026-03-03
4300140,3,2,2026-01-28
4300141,1,0,2026-05-05
4300149,1,0,2025-09-24
4300150,2,2,2026-04-30
4300153,5,2,2025-05-16
4300156,4,4,2026-01-28
4300179,1,0,2025-08-15
4300255,1,1,2025-11-21
4300289,2,0,2025-01-08
4300316,3,0,2026-05-05
4300341,1,0,2025-01-03
4300393,1,0,2025-02-11
4300482,1,0,2025-03-06
4300689,4,4,2026-06-24
4300698,6,0,2026-03-26
4300730,11,0,2026-03-31
4300778,1,0,2025-03-12
4300789,2,0,2026-04-30
4300822,2,2,2026-03-13
4300866,1,0,2025-03-15
4300951,1,0,2026-03-31
4300980,1,1,2026-02-06
4300982,1,1,2025-01-29
4300994,3,1,2026-04-15
4301030,3,1,2025-03-10
4301038,2,0,2025-03-04
4301046,4,3,2026-06-22
4301174,5,4,2026-07-10
4301194,10,0,2026-03-31
4301304,1,0,2026-08-06
4301353,2,2,2026-01-08
4301441,1,1,2025-01-05
4301484,4,2,2026-02-06
4301493,1,0,2026-02-06
4301553,1,0,2026-06-25
4301600,1,1,2026-02-06
4301609,5,0,2026-02-27
4301622,2,0,2026-05-27
4301773,3,1,2026-04-03
4301812,1,0,2025-07-29
4301895,1,1,2025-03-04
4301899,2,2,2026-03-30
4301929,8,0,2026-04-28
4301969,7,5,2026-04-02
4302001,1,0,2026-08-14
4302057,1,0,2025-07-01
4302082,2,2,2025-01-19
4302117,2,0,2025-03-10
4302145,2,1,2025-02-27
4302147,1,0,2025-02-12
4302170,1,0,2026-06-04
4302196,1,0,2025-11-14
4302258,2,2,2026-03-30
4302362,5,3,2026-04-03
4302397,3,0,2026-03-23
4302433,3,1,2025-11-17
4302447,5,3,2026-05-06
4302500,2,0,2026-07-08
4302608,1,0,2025-05-31
4302670,2,0,2026-08-24
4302817,2,0,2026-03-25
4302869,2,1,2026-05-11
4302978,1,0,2025-03-11
4303062,4,2,2026-07-27
4303091,1,0,2026-08-11
4303111,1,1,2025-01-27
4303122,3,0,2025-02-26
4303164,1,1,2026-01-29
4303178,6,4,2025-08-21
4303191,3,1,2026-06-12
4303209,2,0,2026-01-02
4303237,1,1,2026-01-05
4303243,2,2,2025-03-03
4303261,1,1,2026-05-05
4303284,3,3,2026-02-02
4303285,1,0,2025-03-26
4303312,1,0,2025-11-13
4303331,4,3,2026-04-09
4303333,4,2,2026-06-17
4303344,1,1,2026-02-03
4303354,2,0,2025-03-28
4303412,1,0,2025-01-29
4303425,1,0,2025-03-10
4303483,5,5,2026-01-09
4303486,1,0,2026-06-25
4303569,1,0,2025-07-24
4303582,1,0,2025-07-03
4303588,1,0,2025-02-11
4303596,3,0,2026-03-17
4303603,1,0,2025-08-15
4303617,2,0,2026-09-08
4303618,1,1,2025-05-13
4303685,2,0,2026-02-02
4303700,2,0,2026-02-20
4303702,2,1,2026-04-03
4303715,1,1,2025-04-21
4303722,2,0,2026-03-18
4303743,4,0,2025-07-01
4303758,1,1,2026-03-18
4303773,6,0,2026-03-24
4303810,1,1,2026-02-24
4303819,2,0,2026-06-29
4303853,2,0,2026-03-19
4303856,5,0,2026-03-19
4303858,1,1,2025-03-10
4303860,2,1,2026-08-07
4303861,7,0,2026-08-21
4303875,2,0,2025-01-08
4303890,2,2,2026-01-30
4303891,1,1,2025-03-25
4303902,2,0,2026-08-19
4303903,3,2,2025-01-27
4303909,1,0,2026-06-09
4303917,1,1,2025-01-10
4303918,1,0,2026-05-18
4303922,1,1,2026-02-19
4303932,1,1,2026-03-10
4303939,15,9,2025-08-26
4303940,1,0,2025-11-19
4303941,6,3,2026-09-09
4303942,4,3,2026-09-09
4303955,1,0,2025-08-12
4304176,4,2,2026-01-14
4304187,1,1,2025-04-25
4304294,3,3,2026-02-09
4304407,1,1,2025-06-19
4304449,2,2,2026-06-15
4304704,4,2,2026-03-20
4304771,1,0,2025-11-21
4304780,1,0,2025-01-03
4304796,2,2,2026-05-05
4304797,1,1,2025-01-21
4304815,1,1,2025-07-28
4304848,1,1,2025-06-26
4304877,7,1,2026-04-20
4304878,10,4,2026-03-25
4304887,2,0,2026-06-08
4304897,1,1,2025-07-18
4304911,1,1,2026-03-24
4305025,1,0,2026-07-22
4305042,1,1,2026-04-21
4305094,3,0,2026-06-25
4305095,2,0,2026-07-30
4305140,1,0,2026-06-04
4305144,1,0,2026-02-04
4305532,2,1,2025-12-04
4305615,6,0,2026-03-25
4305884,1,1,2025-10-02
4305930,1,1,2026-05-15
4306125,2,0,2026-07-09
4306158,2,2,2026-02-13
4306174,1,0,2025-04-25
4306262,2,0,2025-01-23
4306265,4,4,2025-09-15
4306859,1,0,2025-01-15
4307222,2,0,2025-11-06
4307241,1,0,2025-07-17
4307272,2,0,2026-04-16
4307591,1,0,2025-05-06
4307602,5,5,2025-05-16
4307718,2,0,2025-03-15
4307890,2,0,2026-06-05
4307915,4,3,2025-05-13
4307945,1,0,2026-08-04
4307969,2,0,2025-12-10
4308010,1,0,2026-02-18
4308653,1,0,2026-08-25
4308660,1,0,2025-09-23
4308662,1,0,2026-03-16
4308685,4,2,2026-08-12
4308862,2,0,2025-08-21
4309523,2,0,2025-10-20
4309526,5,1,2026-08-31
4309833,1,1,2025-11-15
4309860,7,4,2026-06-25
4309887,7,1,2025-09-10
4309961,1,0,2026-07-14
4310388,1,1,2025-11-12
4310455,1,0,2026-05-27
4310494,3,1,2026-09-04
4310514,2,0,2026-06-08
4310708,1,1,2026-08-07
4310853,1,0,2026-08-06
4311017,1,0,2026-04-02
4311372,3,0,2025-07-17
4311466,3,0,2025-04-25
4311488,2,2,2026-06-11
4311500,2,1,2026-01-29
4311560,1,0,2025-09-26
4311574,1,0,2025-05-28
4311577,3,1,2025-06-27
4311578,4,2,2025-12-26
4311657,1,1,2025-08-21
4311684,1,0,2026-01-10
4311700,2,1,2026-07-02
4311703,2,1,2026-07-09
4311707,6,3,2026-01-06
4311708,6,3,2026-08-22
4311720,6,6,2026-01-19
4311751,1,0,2025-12-03
4311759,2,0,2026-07-06
4311876,2,0,2025-03-31
4311899,3,0,2026-06-11
4311943,4,2,2025-06-12
4311980,1,1,2025-04-15
4311992,2,0,2025-04-21
4312007,3,1,2025-05-30
4312018,1,0,2025-06-12
4312087,1,0,2026-04-20
4312090,8,1,2026-04-23
4312168,1,1,2026-04-11
4312170,7,3,2026-05-27
4312192,5,1,2025-11-05
4312384,6,6,2026-03-02
4312397,2,0,2025-08-22
4312643,2,1,2025-04-04
4312671,3,0,2025-08-12
4312847,1,0,2025-04-01
4312881,1,0,2025-03-14
4312892,1,0,2026-06-20
4312902,1,0,2025-02-25
4314455,1,1,2025-06-05
4314456,2,1,2025-08-24
4314457,2,0,2025-12-11
4314464,2,0,2025-03-12
4314465,5,4,2025-12-02
4314471,1,1,2025-05-30
4314472,2,1,2025-10-07
4314473,1,1,2025-05-30
4314474,1,1,2025-05-30
4314475,16,8,2026-01-27
4314485,4,4,2026-03-02
4314496,1,1,2026-06-13
4314497,1,1,2026-06-13
4314498,3,2,2026-06-13
4314499,1,1,2026-06-13
4314500,6,2,2026-06-13
4314501,1,1,2026-06-13
4314587,1,0,2025-10-21
4314608,1,1,2025-06-04
4314620,5,0,2025-06-04
4314632,1,0,2025-12-31
4314651,5,1,2025-10-10
4314654,1,0,2025-03-03
4314692,1,0,2026-05-19
4314699,2,0,2026-03-06
4314717,1,0,2025-01-10
4314730,2,0,2026-08-24
4314746,3,2,2025-05-05
4314757,3,0,2025-04-08
4314761,2,0,2026-02-17
4314804,1,0,2025-04-01
4314828,2,0,2026-01-15
4314832,1,0,2026-03-18
4314836,1,0,2026-04-16
4314837,1,0,2026-04-16
4314839,2,0,2026-04-16
4314851,1,0,2026-03-24
4314884,3,1,2026-01-12
4314908,1,0,2025-09-24
4315199,1,0,2026-09-01
4315231,1,0,2025-06-24
4315343,1,1,2026-06-03
4430171,5,2,2026-03-03
4430182,6,4,2026-09-03
4430247,2,0,2026-04-14
4430267,1,0,2025-07-11
4430414,1,0,2026-02-19
4430422,1,1,2026-03-12
4430492,1,1,2025-09-07
4430508,1,0,2026-01-30
4430537,9,4,2026-07-13
4430567,1,1,2025-10-20
4430612,4,0,2026-08-06
4430619,2,2,2026-05-01
4430621,1,0,2025-02-25
4430636,1,1,2026-04-13
4430654,1,0,2025-01-08
4430658,1,0,2025-01-08
4430684,1,1,2026-07-16
4430716,1,1,2025-03-18
4430756,2,1,2026-02-06
4430792,1,1,2025-03-28
4430795,2,2,2025-08-15
4430796,1,1,2025-03-28
4430798,1,1,2026-02-09
4430844,1,0,2025-02-11
4430882,1,0,2025-07-11
4430884,1,0,2025-07-11
4431000,1,0,2026-04-16
4431050,1,0,2025-02-04
4431076,2,1,2025-08-19
4431088,1,0,2025-08-01
4431093,2,2,2025-11-21
4431122,7,5,2026-07-30
4431123,2,2,2026-07-30
4431124,1,0,2026-03-25
4431125,2,0,2026-03-25
4431137,2,2,2026-06-11
4431226,1,0,2025-04-30
4431227,2,0,2026-07-10
4431230,1,1,2026-05-26
4431232,8,4,2026-06-15
4431248,5,0,2026-06-02
4431307,5,4,2026-06-01
4431308,4,3,2026-06-01
4431309,4,3,2026-06-01
4431310,4,3,2026-06-01
4431311,4,3,2026-06-01
4431312,4,3,2026-06-01
4431313,4,3,2026-06-01
4431314,4,3,2026-06-01
4431335,1,0,2025-10-31
4431389,1,0,2026-03-31
4431396,1,0,2025-02-25
4431397,2,0,2025-07-31
4431408,1,0,2025-09-12
4431423,11,9,2026-04-06
4431425,6,6,2025-12-23
4431426,1,0,2025-07-18
4431437,1,0,2025-01-08
4431482,1,1,2025-05-29
4431571,1,1,2025-11-20
4431580,1,0,2025-12-26
4431593,1,1,2025-05-28
4431617,2,0,2026-02-18
4431633,1,1,2026-06-24
4431634,2,1,2026-03-11
4431638,5,4,2026-04-13
4431687,2,2,2025-06-16
4431712,1,0,2026-07-07
4431717,1,1,2025-10-28
4431757,1,1,2026-06-24
4431761,1,0,2025-02-11
4431838,3,1,2025-08-12
4431936,2,0,2025-06-02
4431947,7,2,2026-06-16
4431955,1,0,2025-12-13
4431957,5,1,2025-09-05
4431959,5,1,2025-10-15
4431961,2,1,2025-07-09
4431969,1,1,2025-01-30
4431972,1,0,2025-07-31
4431985,1,0,2026-04-20
4432005,6,4,2026-05-06
4432007,1,0,2026-07-27
4432011,1,0,2025-04-08
4432015,3,3,2025-06-12
4432019,1,1,2025-07-02
4432049,4,2,2026-08-31
4432064,1,0,2025-05-19
4432069,1,1,2025-01-11
4432070,2,2,2025-06-11
4432071,4,2,2025-06-11
4432072,3,3,2025-06-24
4432075,1,1,2025-01-11
4432076,5,0,2026-05-18
4432099,3,1,2026-06-16
4432109,4,4,2026-06-23
4432110,6,4,2026-08-26
4432113,5,2,2026-04-20
4432133,2,0,2026-04-28
4432186,1,1,2025-12-02
4432193,1,1,2025-09-16
4432202,8,0,2026-02-19
4432207,1,0,2025-09-15
4432230,3,3,2025-05-27
4432231,1,1,2025-05-27
4432298,1,0,2026-04-28
4432335,1,0,2025-06-23
4432482,6,5,2025-10-08
4433284,9,5,2026-07-29
4433308,2,0,2025-11-20
4433462,6,0,2025-11-14
4433464,2,0,2025-04-24
4433618,1,0,2026-02-09
4433656,2,2,2025-03-12
4433744,1,0,2025-11-06
4433789,1,0,2025-06-02
4433859,1,0,2025-07-07
4433860,2,0,2026-01-13
4433886,1,1,2025-02-10
4433887,3,2,2026-07-09
4433890,1,1,2025-02-10
4433891,1,1,2025-02-10
4433892,1,0,2025-09-17
4433894,1,1,2025-06-24
4433910,1,1,2025-05-21
4434222,1,0,2026-03-16
4434284,2,0,2026-04-20
4434334,3,2,2025-07-01
4434345,1,0,2025-03-10
4434606,1,0,2025-01-08
4434615,3,0,2025-11-17
4434688,2,2,2025-09-09
4434690,1,0,2026-01-14
4434691,2,2,2026-02-20
4434809,2,1,2026-09-10
4434847,3,2,2026-05-22
4434858,2,2,2025-11-05
4434904,1,0,2025-04-17
4435041,5,3,2026-01-21
4435115,1,0,2026-06-15
4435122,2,0,2026-07-29
4435136,2,1,2025-10-23
4435198,1,0,2025-11-25
4435201,1,1,2025-06-09
4435242,2,2,2025-08-28
4435260,1,0,2026-03-06
4435263,1,0,2025-06-17
4435433,1,1,2026-08-07
4435441,1,1,2026-02-11
4435443,2,2,2026-02-18
4435468,3,0,2025-02-25
4435480,1,0,2025-03-13
4435522,1,1,2025-01-20
4435555,1,0,2025-01-29
4435561,7,0,2026-03-06
4435628,1,0,2025-07-01
4435675,1,1,2026-05-05
4435757,3,0,2026-02-09
4435763,1,1,2026-04-15
4435800,6,3,2026-02-18
4435802,1,1,2026-06-23
4435868,1,1,2026-07-31
4435932,1,1,2025-04-27
4435951,3,0,2025-03-12
4435954,3,3,2026-02-05
4435993,2,2,2026-03-25
4436039,1,0,2025-01-10
4436040,2,2,2026-09-01
4436042,3,2,2025-10-28
4436125,2,0,2025-12-03
4436309,1,1,2026-04-30
4436310,2,1,2026-04-30
4436312,1,1,2026-04-30
4436313,2,1,2026-04-30
4436314,2,1,2026-04-30
4436315,1,1,2026-04-30
4436317,1,1,2026-04-30
4436318,1,1,2026-04-30
4436319,1,1,2026-04-30
4436321,1,1,2026-04-30
4436332,1,0,2026-04-23
4436333,1,1,2025-04-14
4436334,3,3,2025-09-12
4436335,2,2,2026-01-02
4436336,1,0,2025-07-03
4436337,1,0,2026-07-23
4436343,2,0,2025-12-15
4436344,2,0,2026-05-28
4436345,2,0,2025-12-15
4436346,2,0,2025-12-15
4436350,2,0,2026-03-20
4436351,3,2,2026-07-22
4436357,1,0,2026-03-20
4436385,1,0,2026-07-14
4436422,2,0,2026-04-10
4436424,1,1,2026-09-08
4436431,1,1,2025-04-04
4436537,1,1,2026-01-02
4436543,3,3,2025-08-16
4436594,4,1,2026-06-05
4436610,2,0,2025-10-09
4436625,1,0,2025-03-31
4436667,6,0,2026-07-16
4436670,1,0,2025-07-01
4436674,1,0,2025-03-24
4436685,6,0,2026-07-17
4436686,3,0,2026-07-13
4436702,1,0,2025-04-10
4436720,1,0,2026-01-12
4436736,1,1,2025-09-29
4436737,1,1,2025-09-29
4436744,8,3,2025-08-25
4436765,1,1,2025-06-12
4436809,6,5,2026-05-05
4436829,2,1,2026-09-02
4436842,2,1,2026-07-06
4436866,2,0,2025-11-21
4436896,1,0,2026-04-14
4436898,1,0,2026-02-06
4436911,2,0,2025-07-29
4436921,1,0,2025-05-28
4436962,1,0,2025-05-12
4436981,1,0,2025-02-25
4436982,1,0,2026-06-26
4437010,1,1,2025-09-04
4437011,1,0,2026-02-04
4437037,1,0,2026-04-20
4437073,1,0,2026-09-08
4437077,1,0,2026-04-30
4437085,1,0,2025-07-01
4437125,10,0,2026-04-07
4437128,2,0,2026-03-26
4437132,3,0,2026-03-05
4437146,4,3,2026-07-27
4437152,2,1,2026-06-06
4437153,2,1,2025-11-08
4437166,8,0,2026-04-14
4437211,1,1,2025-01-13
4437215,1,0,2025-03-11
4437265,1,0,2025-11-13
4437288,1,0,2026-04-14
4437297,3,0,2026-04-07
4437298,1,0,2025-05-16
4437304,1,0,2026-01-05
4437311,9,0,2026-04-09
4437331,1,0,2025-10-22
4437370,5,0,2026-07-13
4437377,1,1,2025-09-17
4437383,2,0,2026-02-06
4437527,1,0,2025-01-29
4437550,1,0,2025-07-22
4437553,4,0,2026-03-06
4437560,3,0,2025-07-01
4437597,14,1,2026-04-09
4437649,1,0,2025-02-13
4437698,9,1,2026-08-03
4437699,1,0,2026-03-24
4437709,2,2,2025-06-16
4437714,2,2,2025-06-12
4437717,1,0,2025-12-10
4437741,1,0,2026-02-24
4437748,1,0,2025-03-10
4437753,1,0,2025-12-04
4437815,1,0,2026-08-13
4437837,4,0,2026-03-05
4437848,1,0,2025-05-28
4437872,6,5,2026-02-04
4437884,2,0,2025-07-14
4437889,1,0,2025-09-03
4437998,1,0,2026-02-25
4438048,8,5,2025-10-22
4438053,1,0,2025-02-18
4438070,1,0,2025-05-28
4438080,1,0,2025-04-22
4438099,1,1,2025-10-08
4438110,14,6,2026-02-03
4438130,3,2,2026-07-23
4438131,2,0,2025-06-30
4438138,1,0,2025-02-25
4438139,1,0,2025-02-25
4438166,13,3,2026-08-20
4438179,1,0,2026-04-03
4438180,1,0,2026-04-03
4438181,1,0,2026-04-03
4438184,7,0,2026-03-17
4438185,1,0,2025-02-11
4438190,2,2,2026-02-10
4438227,1,0,2026-06-11
4438234,1,1,2025-08-07
4438246,2,1,2026-05-15
4438249,5,0,2026-05-08
4438257,1,1,2025-01-07
4438284,6,0,2026-05-04
4438296,1,0,2025-11-17
4438312,2,0,2025-05-27
4438325,9,0,2026-05-05
4438341,4,0,2026-05-14
4438366,1,0,2025-02-25
4438369,1,0,2025-02-25
4438390,2,1,2026-02-10
4438393,3,1,2026-04-29
4438404,4,0,2026-03-02
4438456,2,1,2025-12-29
4438517,2,0,2025-02-28
4438523,3,0,2026-09-08
4438525,4,0,2026-04-16
4438536,2,1,2025-11-26
4438609,6,0,2026-02-27
4438663,2,0,2026-07-09
4438669,3,1,2026-04-03
4438678,5,0,2026-04-27
4438682,4,4,2025-09-06
4438690,1,0,2025-02-25
4438735,1,0,2025-11-25
4438776,2,0,2025-09-29
4438837,1,0,2025-08-12
4438838,1,0,2025-08-12
4438858,1,1,2025-08-18
4438868,2,1,2026-02-12
4438946,2,0,2025-03-06
4438969,1,0,2026-05-26
4438974,1,1,2026-02-05
4439033,2,1,2026-02-10
4439038,12,6,2026-08-18
4439178,1,1,2025-09-12
4439180,1,0,2026-04-20
4439244,3,2,2025-11-06
4439248,1,0,2025-07-15
4439251,6,0,2026-04-10
4439252,1,0,2025-05-19
4439257,4,1,2026-04-13
4439297,3,3,2026-04-16
4439350,6,2,2026-02-19
4439351,8,7,2026-02-19
4439352,8,7,2026-02-19
4439371,2,1,2025-05-19
4439408,1,0,2025-02-25
4439433,1,0,2025-09-15
4439435,1,1,2025-11-21
4439445,1,0,2025-01-29
4439481,1,1,2025-04-10
4439540,2,0,2026-04-27
4439582,4,0,2025-09-24
4439598,1,0,2025-02-25
4439600,1,0,2025-02-25
4439608,1,1,2025-01-09
4439643,1,1,2025-11-21
4439676,2,2,2026-07-22
4439679,1,0,2026-03-06
4439680,1,0,2026-05-07
4439753,4,0,2026-08-23
4439796,3,3,2026-08-06
4439798,1,0,2025-05-28
4439808,1,1,2026-02-12
4439895,1,0,2025-05-28
4439898,1,0,2025-02-25
4439900,4,0,2026-04-30
4440035,3,0,2026-01-30
4440040,1,0,2025-05-07
4440054,1,1,2025-05-27
4440060,1,0,2026-03-19
4440070,1,1,2025-07-24
4440109,11,8,2026-06-03
4440168,3,2,2026-07-14
4440230,1,1,2025-07-02
4440232,1,0,2025-04-08
4440274,6,0,2026-03-05
4440329,3,0,2026-03-18
4440330,14,0,2026-06-25
4440331,1,1,2025-11-03
4440336,1,0,2026-06-24
4440535,2,0,2025-03-13
4440550,1,0,2025-09-23
4440608,1,1,2026-02-12
4440627,1,1,2026-08-25
4440657,2,1,2025-01-15
4440682,2,0,2026-09-08
4440719,1,0,2026-02-27
4440815,2,1,2025-05-30
4440834,4,0,2025-05-28
4440874,3,1,2025-04-08
4440966,3,0,2026-08-04
4441069,3,0,2026-08-03
4441091,1,0,2025-03-17
4441113,4,3,2026-06-17
4441212,1,0,2025-06-10
4441216,2,1,2025-11-05
4441244,14,0,2026-04-02
4441296,2,0,2025-11-03
4441339,3,2,2026-08-03
4441342,4,0,2026-03-04
4441598,1,0,2026-03-10
4441727,14,7,2025-10-11
4441845,2,0,2025-07-24
4441981,1,0,2025-02-25
4442086,5,0,2026-05-21
4442087,2,0,2025-09-23
4442119,2,2,2026-02-10
4442159,2,2,2026-06-16
4442208,4,0,2025-11-18
4442217,2,0,2025-02-06
4442239,1,1,2026-01-07
4442258,2,2,2025-10-07
4442288,1,1,2026-08-04
4442313,12,0,2026-03-31
4442351,1,0,2026-08-26
4442357,2,0,2025-12-16
4442361,1,0,2025-07-30
4442411,1,0,2025-01-15
4442425,1,0,2026-01-06
4442503,9,0,2026-02-06
4442764,15,1,2026-04-02
4442846,16,0,2026-07-24
4442862,1,1,2026-07-21
4443073,7,1,2025-01-15
4443187,1,0,2025-06-11
4443304,2,1,2025-08-22
4443306,4,1,2026-08-05
4443307,2,0,2025-08-29
4443325,1,0,2026-02-18
4443340,2,2,2026-06-15
4443373,1,0,2025-11-28
4443410,1,0,2025-10-02
4443439,1,0,2025-02-26
4443442,1,1,2025-11-12
4443446,1,1,2025-04-16
4443458,1,0,2026-03-02
4443459,4,3,2026-07-15
4443469,1,0,2025-12-30
4443480,2,0,2025-05-12
4443484,4,4,2026-08-21
4443530,2,1,2025-11-10
4443560,1,0,2026-02-09
4443725,1,1,2026-01-14
4443745,1,0,2025-10-29
4443770,1,0,2025-08-27
4443817,3,0,2026-03-04
4443818,1,1,2025-12-26
4443830,1,0,2025-02-25
4443919,2,0,2026-06-11
4443935,2,0,2026-07-17
4443994,2,2,2026-07-31
4444025,4,2,2026-03-05
4444028,2,1,2025-02-27
4444031,2,1,2026-06-17
4444035,2,0,2025-05-13
4444148,1,1,2025-08-04
4444160,1,0,2026-06-02
4444448,1,0,2026-03-16
4444622,5,0,2026-01-30
4444657,2,0,2025-02-10
4444897,1,1,2025-06-16
4444969,1,0,2025-02-11
4445000,1,0,2026-07-23
4445257,4,2,2026-03-11
4445258,1,0,2026-03-26
4445268,5,4,2025-10-06
4445336,1,1,2025-12-12
4445338,4,2,2026-04-20
4445406,1,0,2025-12-05
4445407,2,1,2026-02-21
4445428,1,0,2026-06-30
4445473,1,0,2026-04-17
4445558,2,0,2025-03-26
4445703,1,0,2025-02-03
4445709,2,1,2025-04-17
4445945,2,0,2026-06-04
4445962,3,2,2026-03-11
4446029,1,0,2026-05-19
4446042,8,0,2026-06-09
4446507,1,0,2026-03-02
4446656,1,0,2025-03-03
4446716,1,0,2025-07-09
4446865,1,1,2026-05-15
4446922,1,0,2026-08-06
4446929,1,0,2025-10-27
4446930,2,1,2026-03-09
4446982,2,1,2026-06-10
4446992,1,0,2025-02-25
4447079,7,7,2026-07-31
4447131,2,0,2026-08-06
4447233,8,0,2026-08-05
4447240,1,1,2025-12-23
4447263,1,0,2025-12-30
4447481,1,0,2025-07-01
4447484,2,1,2026-02-10
4447500,3,0,2026-02-27
4447502,1,0,2026-01-14
4447721,2,0,2025-02-12
4447765,2,2,2025-01-16
4447803,4,3,2025-10-10
4447842,1,0,2026-01-14
4447890,1,0,2025-03-18
4447892,1,0,2025-05-28
4447971,1,0,2025-11-21
4448142,1,1,2026-06-04
4448147,2,1,2025-08-19
4448456,1,0,2026-04-01
4448559,3,1,2025-12-24
4448652,2,0,2026-02-05
4448668,2,0,2025-10-09
4448673,1,0,2025-02-25
4448708,7,0,2026-05-18
4448715,4,1,2025-12-02
4448742,1,0,2026-02-02
4448745,1,0,2025-11-12
4448749,1,0,2025-05-28
4448758,2,0,2026-07-09
4448767,13,0,2026-05-04
4448803,12,5,2026-08-10
4448804,1,0,2025-05-13
4448806,10,1,2026-05-01
4448813,2,1,2025-07-24
4448846,4,1,2026-06-18
4448849,4,0,2026-01-15
4448868,2,0,2026-03-09
4448885,1,1,2025-12-05
4448893,2,2,2025-12-08
4448897,1,0,2025-08-12
4448907,2,0,2026-01-20
4448908,2,2,2025-09-24
4448913,1,0,2025-03-21
4448916,3,0,2026-04-29
4448930,5,0,2026-01-06
4448934,2,0,2025-01-22
4448943,1,0,2025-02-13
4448964,2,0,2026-01-12
4448995,2,2,2025-08-27
4448999,1,1,2025-03-05
4449089,1,0,2025-01-08
4449119,1,0,2026-03-27
4449136,3,0,2025-03-10
4449191,2,0,2025-05-07
4449212,2,0,2025-02-10
4449241,1,0,2025-04-08
4449242,1,0,2025-04-08
4449312,4,0,2026-03-30
4449490,2,1,2025-10-27
4449491,5,4,2025-09-15
4449493,7,4,2026-07-29
4449557,2,1,2025-06-09
4449558,1,1,2025-06-25
4449559,1,1,2025-06-25
4449561,4,1,2026-06-17
4449562,1,1,2025-08-25
4449563,1,1,2025-08-25
4449564,1,1,2025-11-21
4449614,2,1,2026-08-17
4449615,2,2,2026-03-25
4449690,3,0,2026-03-20
4449726,1,0,2026-02-06
4449791,2,0,2025-08-05
4449969,1,0,2025-12-22
4449970,8,3,2026-07-08
4449972,1,0,2025-04-08
4449973,1,0,2025-04-08
4449976,1,0,2025-07-01
4449995,4,4,2026-08-06
4450055,7,5,2025-11-10
4450106,1,0,2025-07-01
4450156,1,0,2025-05-23
4450172,5,3,2026-01-29
4450193,2,2,2025-01-16
4450198,2,2,2025-01-16
4450199,2,2,2025-01-16
4450216,3,3,2026-08-31
4450458,1,0,2025-04-30
4450474,5,5,2026-06-20
4450560,2,1,2026-06-03
4451164,2,0,2025-02-25
4451289,1,1,2025-09-04
4451303,1,1,2025-11-24
4451476,1,1,2026-06-22
4451478,1,0,2025-11-18
4451485,1,0,2026-06-09
4451496,1,0,2025-05-10
4451504,2,0,2025-01-06
4451587,1,0,2025-04-08
4451595,2,2,2026-01-30
4451655,1,0,2026-06-02
4451751,3,1,2025-12-30
4451808,2,0,2026-07-08
4451809,2,0,2026-07-08
4451810,2,0,2026-07-08
4451823,5,5,2025-09-02
4451842,4,1,2026-01-13
4451844,2,0,2025-06-04
4451923,1,0,2026-01-15
4451931,1,0,2026-04-16
4451960,1,0,2025-05-28
4452207,2,2,2026-01-06
4452215,1,1,2026-01-14
4452278,1,1,2025-12-29
4452312,1,0,2026-03-08
4452367,1,0,2025-02-25
4452379,1,0,2025-02-25
4452404,1,0,2025-02-25
4452464,1,0,2026-04-29
4452531,1,0,2026-02-06
4452536,2,0,2026-02-24
4453066,1,0,2026-01-05
4453360,1,0,2026-03-13
4453564,1,0,2026-02-05
4453612,4,4,2025-12-01
4453786,7,3,2026-08-04
4453812,2,1,2025-07-24
4453914,1,1,2025-04-24
4454110,1,1,2026-02-19
4454345,2,2,2025-09-09
4454423,5,0,2026-04-13
4454471,4,4,2026-04-07
4454475,1,0,2026-07-26
4454676,1,0,2025-12-04
4454712,1,0,2025-11-25
4454726,3,0,2025-06-18
4454730,1,0,2026-02-18
4454750,2,2,2025-08-09
4454895,2,1,2025-10-29
4455124,1,0,2025-08-30
4455130,8,3,2026-07-14
4455293,1,0,2025-02-25
4455378,1,0,2026-03-05
4455442,1,0,2025-11-12
4455447,2,1,2025-11-12
4455518,1,0,2026-05-12
4455689,2,1,2026-03-19
4456016,1,0,2026-02-09
4457124,2,0,2026-01-21
4457288,1,1,2025-11-18
4457301,1,1,2025-07-15
4457305,1,1,2026-02-06
4457339,4,0,2025-03-11
4457356,4,0,2026-07-10
4457382,2,2,2026-06-25
4457398,1,0,2025-07-11
4457481,3,0,2026-05-28
4457492,1,1,2025-08-15
4457583,1,1,2025-06-14
4457637,1,0,2026-01-29
4457682,2,1,2025-12-10
4457695,1,0,2026-06-22
4457717,2,0,2026-08-20
4457744,6,0,2025-04-28
4457745,6,0,2026-06-05
4457746,10,0,2026-08-19
4457787,1,0,2025-03-04
4457806,2,0,2026-03-26
4457807,2,1,2025-07-11
4457811,1,0,2025-04-08
4457812,4,0,2025-09-25
4457813,1,0,2025-04-08
4457855,2,0,2026-07-08
4457875,1,0,2026-04-27
4457918,1,0,2026-06-02
4457956,1,1,2025-05-29
4458036,1,0,2025-04-08
4458041,3,1,2026-03-10
4458176,1,0,2026-07-08
4458441,1,1,2025-04-28
4458472,1,0,2026-05-18
4458614,2,0,2025-07-07
4458622,4,3,2026-04-01
4458633,1,0,2025-05-20
4458800,1,1,2025-08-15
4459158,1,1,2026-02-05
4459305,3,0,2025-04-01
4459307,1,0,2025-04-01
4460905,1,0,2025-05-28
4461129,2,0,2025-07-30
4461756,1,0,2025-02-13
4461841,1,0,2025-11-05
4461897,3,0,2026-07-20
4461910,1,0,2025-06-12
4461962,1,0,2025-04-08
4462126,1,0,2025-12-18
4462200,2,1,2025-12-30
4462234,1,0,2025-05-02
4462336,1,0,2026-09-02
4462391,1,0,2025-01-08
4462469,2,0,2025-11-17
4462542,1,1,2025-04-30
4462642,1,0,2025-04-08
4462647,3,0,2026-04-07
4462744,1,0,2026-07-30
4462858,3,2,2026-02-06
4462897,6,1,2025-05-21
4462993,1,1,2026-07-23
4463016,3,0,2026-08-12
4463044,1,0,2025-08-20
4463125,1,0,2025-12-23
4463151,1,0,2025-04-08
4463462,1,0,2025-02-25
4463476,6,0,2026-07-07
4463480,1,0,2026-08-04
4463502,1,1,2025-09-24
4463509,1,0,2025-03-31
4463530,1,0,2026-05-14
4463573,1,1,2026-04-30
4463588,1,0,2026-08-25
4463589,1,1,2026-03-30
4463883,1,0,2026-06-17
4463890,2,1,2026-03-06
4463899,1,0,2025-01-15
4463937,1,0,2025-09-23
4464077,11,0,2026-05-27
4464169,5,3,2025-06-20
4464324,1,0,2026-02-05
4464413,1,0,2026-07-30
4465072,1,0,2025-12-04
4465925,2,0,2025-04-08
4467354,1,1,2026-06-16
4467364,2,0,2025-03-19
4467415,4,3,2026-01-15
4467448,1,1,2026-06-27
4467457,6,0,2026-04-16
4467571,9,0,2026-04-30
4467603,1,0,2026-01-29
4467623,1,0,2025-09-09
4467700,1,0,2026-09-10
4467701,1,0,2026-08-31
4467706,2,1,2026-03-19
4467709,10,3,2026-01-29
4467710,12,0,2026-05-19
4467711,9,0,2026-03-26
4467715,41,34,2026-07-30
4467888,1,1,2025-12-29
4468451,1,1,2025-12-24
4468688,1,1,2026-06-02
4469205,1,0,2025-11-06
4469604,3,2,2025-09-24
4469769,2,2,2025-06-24
4470166,1,1,2026-07-22
4470184,1,1,2025-04-08
4471034,1,1,2025-10-21
4471393,2,1,2025-10-28
4471949,4,4,2025-07-21
4472079,2,1,2025-11-18
4472492,3,2,2025-10-10
4472493,1,0,2025-11-18
4473560,1,1,2025-09-16
4473561,1,1,2025-09-16
4473562,1,1,2025-09-16
4473563,1,1,2025-09-16
4473564,1,1,2025-09-16
4473565,1,1,2025-09-16
4473566,1,1,2025-09-16
4473567,1,1,2025-09-16
4473568,1,1,2025-09-16
4473569,1,1,2025-09-16
4473570,1,1,2025-09-16
4473571,1,1,2025-09-16
4473572,1,1,2025-09-16
4473573,1,1,2025-09-16
4473575,1,1,2025-09-16
4474349,1,0,2025-08-27
4474527,1,1,2026-07-18
4474659,1,1,2025-11-28
4477206,1,0,2025-02-25
4479677,1,0,2026-01-07
4479825,1,0,2026-04-08
4481161,2,2,2025-08-07
4481937,2,2,2025-07-27
4482727,1,0,2025-03-21
4485086,1,1,2026-03-10
4485571,1,0,2025-01-03
4486574,1,0,2025-12-29
4488115,1,1,2025-12-24
4488570,6,2,2026-06-17
4488651,1,0,2025-04-24
4489220,4,4,2025-04-16
4490482,1,1,2025-07-30
4490645,1,1,2025-10-30
4491264,1,1,2025-03-27
4491667,1,0,2025-06-17
4491806,1,1,2025-04-01
4492246,2,2,2025-07-02
4492980,2,2,2026-08-11
4493365,1,1,2026-04-17
4493910,1,1,2025-05-09
4494031,2,0,2025-05-07
4494654,1,1,2025-09-23
4495033,1,0,2025-11-03
4495967,1,0,2025-02-25
4496017,2,2,2025-11-13
4496453,1,1,2026-02-13
4497295,1,1,2025-06-14
4497458,1,1,2025-10-17
4497703,1,1,2026-06-12
4498982,2,1,2026-02-04
4499271,3,1,2025-12-04
4500599,1,0,2025-08-21
4500700,1,1,2025-12-01
4500824,1,1,2026-07-07
4500865,1,0,2025-09-18
4501905,1,1,2025-04-23
4503049,3,2,2025-03-26
4503081,1,0,2025-01-27
4505245,1,1,2025-06-10
4505324,1,1,2026-03-23
4506018,1,1,2025-09-08
4506056,1,1,2025-03-27
4506086,1,0,2026-05-28
4506222,1,1,2026-08-06
4506512,2,1,2025-09-16
4507248,2,2,2025-03-25
4507726,4,4,2026-03-19
4508216,1,1,2025-10-22
4509257,2,2,2025-07-10
4509309,4,4,2025-09-18
4509943,1,1,2025-09-10
4510029,1,0,2025-11-05
4510109,1,0,2025-10-02
4510511,1,1,2025-12-01
4511378,1,1,2025-06-08
4511834,1,1,2026-01-14
4513513,2,0,2025-03-24
4513964,1,0,2025-04-23
4514791,2,1,2026-02-20
4514973,1,1,2025-06-18
4516050,1,0,2025-08-05
4516255,1,0,2025-12-29
4516783,1,0,2025-05-14
4517441,1,1,2026-02-26
4518371,1,1,2025-03-29
4518384,1,0,2026-09-09
4518444,5,0,2026-05-26
4518452,1,0,2026-07-07
4518487,1,0,2026-01-23
4518525,1,0,2026-09-02
4518547,1,0,2025-03-20
4518608,1,0,2025-02-25
4518723,1,0,2026-01-20
4518725,5,2,2026-07-14
4519042,1,0,2025-11-06
4519651,2,2,2026-01-06
4519734,3,1,2025-12-03
4520460,1,1,2025-10-14
4520681,1,0,2025-01-16
4522019,1,1,2026-05-09
4522375,2,2,2025-03-12
4522908,2,0,2025-12-03
4523226,1,0,2025-05-19
4523798,1,0,2025-03-26
4524739,1,1,2025-06-08
4525224,2,1,2025-07-22
4525485,2,2,2025-11-13
4525494,1,0,2026-03-17
4526063,1,0,2025-11-25
4526564,1,0,2026-03-04
4526586,2,1,2026-06-03
4528501,2,2,2026-05-02
4528787,1,1,2025-12-16
4529511,7,0,2026-02-10
4529535,1,0,2025-11-07
4529628,4,0,2026-04-24
4529678,1,0,2025-03-27
4529721,1,0,2026-02-25
4529893,1,1,2026-01-16
4529898,5,0,2026-02-13
4529899,4,0,2025-02-26
4529900,8,0,2026-02-13
4530087,1,0,2025-12-11
4530221,1,0,2025-03-13
4530384,4,3,2025-11-18
4530391,2,0,2025-12-03
4530436,3,0,2025-07-15
4530525,1,0,2025-10-31
4530771,3,1,2026-03-17
4530776,1,0,2026-01-20
4530777,1,1,2025-05-11
4530847,1,0,2026-04-17
4530960,4,0,2025-12-16
4530964,1,0,2025-02-05
4531028,2,0,2026-08-03
4531041,1,1,2025-04-16
4531052,1,1,2025-05-15
4531092,3,2,2026-06-18
4531116,1,0,2025-02-25
4531128,1,1,2026-07-07
4531136,5,0,2026-03-26
4531158,1,1,2025-06-18
4531196,1,0,2025-05-19
4531197,1,0,2025-05-20
4531387,5,3,2026-07-10
4531388,2,2,2026-02-11
4531544,1,0,2025-12-19
4531619,1,0,2025-04-01
4531734,1,0,2025-01-06
4531749,1,0,2025-05-13
4531750,1,1,2025-12-15
4531751,1,0,2025-02-21
4531801,3,0,2025-11-17
4531846,5,2,2026-05-04
4531882,1,1,2025-03-11
4531887,2,1,2025-10-21
4532022,4,2,2026-08-11
4532066,1,0,2025-01-08
4532097,6,3,2026-07-21
4532158,5,2,2026-06-09
4532159,2,0,2025-10-28
4532161,2,0,2026-06-18
4532166,4,2,2026-02-10
4532184,1,0,2025-08-06
4532189,6,2,2026-08-04
4532233,1,0,2025-12-31
4532314,2,0,2026-04-16
4532403,1,0,2026-01-20
4532406,1,1,2026-06-16
4532434,1,0,2026-04-09
4532442,1,0,2025-09-04
4532449,2,1,2025-12-03
4532453,1,1,2025-08-20
4532469,1,1,2025-04-16
4532476,2,0,2026-02-27
4532576,1,0,2025-06-25
4532633,1,0,2025-06-05
4532643,2,2,2025-09-25
4532680,2,0,2025-08-27
4532691,1,0,2025-09-25
4532712,2,0,2026-01-20
4532786,2,0,2025-12-05
4532862,1,0,2026-01-08
4532878,3,2,2025-12-23
4532893,2,0,2026-03-27
4532896,1,1,2025-02-28
4532998,1,0,2026-01-20
4533034,1,0,2025-02-19
4533041,2,2,2026-01-20
4533043,2,0,2025-03-12
4533056,11,5,2025-07-15
4533158,6,0,2025-03-04
4533184,1,0,2026-08-31
4533202,4,4,2026-08-13
4533248,1,0,2025-11-20
4533370,1,0,2026-06-26
4533384,1,0,2026-08-24
4533416,2,1,2025-05-30
4533459,3,0,2025-06-13
4533493,1,0,2026-05-26
4533494,1,0,2026-08-18
4533798,1,1,2025-07-24
4533822,1,0,2025-02-25
4533867,2,0,2026-03-16
4533887,1,1,2025-03-06
4533937,4,1,2026-06-11
4533944,1,0,2025-07-23
4534092,1,1,2026-06-09
4534094,1,1,2025-06-12
4534150,6,2,2026-06-15
4534164,5,0,2026-06-09
4534210,1,0,2026-07-17
4534216,1,1,2026-03-23
4534251,6,6,2025-07-28
4534308,1,0,2025-09-25
4534330,7,5,2026-07-14
4534351,1,0,2025-07-18
4534372,1,0,2026-04-02
4534511,2,0,2025-02-06
4534525,3,0,2025-03-17
4534530,1,1,2025-02-03
4534547,1,1,2025-02-10
4534604,4,2,2025-08-26
4534609,1,0,2026-04-20
4534640,1,0,2026-02-20
4534695,1,0,2025-03-26
4534816,1,1,2026-07-25
4534917,4,0,2026-04-20
4534920,1,0,2026-01-28
4534923,6,3,2025-03-04
4534925,5,1,2025-12-08
4534928,1,1,2026-01-07
4534932,2,0,2025-01-22
4534949,2,0,2026-03-27
4534979,1,1,2026-03-26
4535004,12,9,2026-07-23
4535005,2,0,2025-10-31
4535031,2,0,2025-06-20
4535047,1,1,2025-10-09
4535114,2,0,2026-02-18
4535121,2,0,2026-04-21
4535134,1,0,2025-12-15
4535151,1,1,2026-07-17
4535207,1,1,2026-06-24
4535286,3,2,2026-08-06
4535319,1,0,2026-06-25
4535363,2,2,2025-02-27
4535528,3,1,2025-10-07
4535534,2,0,2026-08-24
4535544,2,0,2026-01-29
4535560,1,0,2025-02-03
4535561,1,0,2025-02-03
4535592,1,0,2026-05-05
4535697,8,6,2026-09-03
4535736,2,0,2025-12-18
4535984,7,6,2026-02-17
4536061,2,1,2025-02-04
4536109,5,4,2025-11-18
4536138,1,0,2026-04-09
4536191,1,0,2025-12-30
4536205,2,0,2025-08-13
4536243,1,0,2025-05-12
4536268,1,0,2026-03-05
4536320,6,4,2026-07-09
4536338,6,3,2026-06-09
4536354,3,3,2025-09-08
4536412,1,0,2026-03-25
4536692,3,2,2026-06-02
4536731,2,0,2025-04-01
4536739,5,0,2026-04-13
4536778,2,2,2025-12-03
4536805,1,0,2026-01-06
4536818,2,1,2026-08-05
4536835,1,1,2026-01-16
4536856,2,1,2025-07-21
4536857,2,1,2026-04-25
4536861,1,0,2026-02-09
4536909,1,0,2026-03-14
4536911,1,0,2025-11-18
4536916,11,2,2026-07-09
4536963,3,3,2026-06-18
4536977,3,3,2026-05-29
4537043,1,1,2026-09-04
4537230,1,1,2026-09-08
4537233,2,2,2026-06-27
4537242,1,0,2025-04-08
4537243,2,1,2025-11-24
4537280,1,0,2026-08-25
4537281,2,0,2026-08-28
4537307,2,2,2026-08-04
4537346,4,1,2025-05-13
4537480,1,1,2026-02-23
4537481,1,1,2026-02-23
4537485,1,0,2026-06-22
4537579,1,0,2026-09-02
4537586,1,0,2025-06-12
4537588,2,0,2026-07-16
4537643,6,2,2025-10-15
4537661,1,0,2026-04-20
4537680,7,3,2025-12-22
4537740,1,0,2025-01-29
4537743,1,0,2025-08-18
4537800,1,1,2026-04-02
4537914,1,0,2025-08-18
4537915,4,3,2026-08-31
4537921,2,0,2026-08-27
4537934,8,4,2026-08-04
4537947,1,0,2026-06-04
4538070,4,0,2026-03-03
4538071,2,0,2026-03-13
4538073,1,0,2025-09-22
4538183,1,0,2025-04-30
4538255,1,0,2025-01-29
4538307,3,0,2026-03-09
4538346,1,0,2025-05-19
4538354,1,0,2025-05-19
4538371,3,3,2026-08-06
4538411,3,0,2026-04-23
4538506,3,1,2026-07-30
4538549,1,0,2025-05-27
4538574,1,1,2026-03-05
4538588,8,0,2026-07-14
4538607,3,0,2026-04-02
4538636,2,2,2026-01-02
4538677,1,0,2026-02-12
4538694,1,1,2025-04-30
4538714,12,0,2026-04-24
4539017,1,0,2025-03-17
4539060,1,1,2025-03-30
4539105,2,1,2026-09-03
4539113,1,0,2025-11-07
4539123,2,0,2026-06-22
4539124,1,0,2025-02-12
4539179,3,0,2026-04-01
4539183,2,0,2026-08-10
4539221,1,0,2025-05-20
4539244,5,3,2025-11-20
4539255,1,1,2026-01-21
4539296,1,0,2026-03-18
4539298,1,0,2026-03-18
4539299,1,0,2025-09-19
4539310,2,0,2026-04-17
4539341,1,1,2026-02-11
4539358,22,12,2026-05-05
4539378,4,0,2026-02-10
4539409,1,0,2025-07-14
4539421,1,1,2026-05-26
4539423,1,0,2025-08-05
4539429,3,1,2025-02-11
4539430,1,0,2025-04-08
4539434,1,1,2025-06-02
4539449,1,0,2025-01-08
4539451,2,1,2025-01-24
4539462,3,1,2026-07-22
4539480,3,1,2025-10-01
4539484,5,0,2026-03-27
4539501,4,4,2025-08-29
4539502,8,8,2025-03-18
4539504,3,2,2025-05-13
4539509,3,0,2025-11-14
4539628,1,0,2025-04-14
4539689,1,0,2025-04-08
4539692,2,1,2025-09-23
4539728,1,0,2026-07-15
4539735,1,0,2025-03-12
4539741,6,1,2026-06-07
4539880,1,0,2026-03-19
4539970,2,0,2026-07-06
4540038,2,0,2026-03-30
4540040,2,0,2026-05-07
4540047,1,0,2026-08-13
4540089,1,1,2026-02-05
4540102,1,0,2026-02-04
4540106,1,0,2026-07-07
4540108,3,0,2025-11-03
4540143,1,0,2026-04-08
4540149,1,0,2025-07-29
4540153,11,1,2026-09-08
4540387,2,0,2025-02-26
4540401,1,0,2026-05-08
4540472,2,0,2026-04-09
4540506,1,0,2025-08-21
4541230,4,4,2025-09-11
4541252,5,2,2026-08-24
4541328,1,0,2026-02-19
4541333,3,0,2025-09-12
4541337,1,0,2026-05-21
4541353,1,0,2025-07-01
4541370,3,1,2026-08-18
4541374,1,0,2026-01-30
4541377,2,1,2026-02-03
4541381,3,0,2026-03-02
4541449,2,1,2025-05-01
4541464,1,0,2026-01-30
4541483,1,0,2026-04-20
4541518,2,0,2025-10-08
4541545,1,0,2025-04-18
4541569,2,0,2025-12-09
4541577,1,0,2025-04-08
4541605,2,0,2025-04-28
4541625,1,0,2025-05-16
4541630,6,1,2026-09-03
4541664,5,0,2026-01-06
4541665,1,0,2026-01-07
4541667,5,0,2025-12-23
4541683,2,2,2025-05-27
4541700,2,1,2025-11-03
4541713,4,2,2025-12-10
4541973,3,3,2026-04-07
4542025,3,3,2026-02-02
4542031,7,4,2026-02-02
4542034,1,0,2026-05-28
4542084,1,1,2025-02-25
4542099,1,0,2026-03-19
4542156,1,0,2026-08-06
4542179,1,0,2025-09-25
4542200,5,4,2026-07-10
4542368,1,0,2025-02-25
4542472,1,0,2026-08-21
4542629,5,0,2026-07-17
4542687,2,2,2025-10-07
4542690,44,22,2026-01-13
4542819,3,3,2026-02-19
4542825,8,6,2026-06-05
4542874,2,0,2025-07-08
4542911,1,1,2026-01-02
4543093,2,2,2025-05-13
4543121,1,0,2026-01-30
4543367,1,1,2025-06-18
4543368,1,1,2025-06-18
4543408,3,0,2026-07-10
4543423,7,3,2026-05-08
4543810,1,0,2025-02-25
4544826,1,0,2025-03-14
4544911,4,1,2025-05-22
4545475,10,0,2026-09-10
4545940,1,0,2025-04-23
4546270,1,0,2025-01-29
4546567,1,1,2025-06-10
4546998,1,0,2025-02-11
4547415,3,2,2026-06-25
4547623,5,0,2026-04-13
4547705,1,1,2025-04-21
4547722,4,4,2025-07-21
4547863,1,1,2026-04-02
4548117,1,1,2026-02-01
4548142,1,1,2025-09-16
4548143,1,1,2025-09-17
4548147,1,1,2025-09-16
4549205,2,2,2026-09-04
4549328,1,1,2026-07-14
4549387,1,0,2026-02-18
4550441,1,0,2025-03-31
4550684,1,1,2025-07-28
4550779,2,2,2025-07-24
4551027,2,1,2026-04-27
4551780,1,1,2025-11-11
4552141,1,0,2026-04-16
4552499,1,1,2025-08-15
4553212,1,0,2025-05-14
4554544,1,1,2025-12-08
4554730,1,1,2025-10-10
4555034,10,0,2026-01-09
4555664,4,0,2026-05-04
4556434,1,1,2025-06-26
4557769,2,2,2025-12-04
4557904,1,0,2025-02-25
4559442,2,2,2025-07-14
4561693,1,0,2025-07-02
4562384,1,1,2025-10-30
4562548,2,2,2026-07-07
4562692,1,1,2026-05-22
4562966,1,0,2026-05-08
4562972,3,3,2025-08-19
4563203,1,1,2026-01-05
4563314,1,0,2025-09-04
4564137,7,2,2025-10-22
4564606,1,0,2026-05-27
4564650,1,0,2025-10-10
4564685,3,3,2026-07-17
4565459,1,0,2026-05-27
4566278,1,0,2026-08-18
4566285,2,0,2025-11-21
4566457,9,4,2026-08-07
4566542,1,0,2026-02-18
4568075,3,1,2025-08-20
4569154,1,1,2025-08-13
4570269,1,0,2025-04-07
4570298,1,0,2025-11-10
4570922,4,2,2026-03-05
4573020,2,2,2025-06-17
4573833,2,2,2025-09-16
4576188,1,1,2026-09-03
4576603,2,2,2026-08-04
4576920,1,1,2025-07-01
4577047,1,0,2025-04-10
4577296,3,3,2026-07-27
4577862,1,0,2025-01-08
4579954,2,1,2025-08-19
4580071,1,1,2026-05-18
4581351,1,1,2025-04-21
4581684,1,1,2025-07-14
4582394,1,1,2026-06-23
4582544,1,1,2025-11-27
4583510,1,1,2025-04-29
4583514,1,0,2025-08-11
4583515,1,1,2025-04-29
4583548,1,1,2025-05-06
4583674,3,0,2025-12-11
4584215,1,0,2025-06-24
4584396,1,0,2025-12-30
4584820,2,2,2026-05-01
4586075,1,0,2026-08-05
4586157,2,2,2026-06-26
4586158,2,2,2026-06-26
4586184,1,1,2026-04-03
4586521,2,0,2025-09-03
4586751,1,0,2025-06-18
4587334,1,0,2025-05-28
4587584,2,0,2026-04-14
4587686,3,1,2025-05-09
4587916,1,1,2026-05-15
4588101,1,0,2025-04-28
4588318,1,1,2026-01-06
4589018,3,3,2026-08-03
4590083,2,2,2025-11-24
4590169,1,1,2025-07-01
4590454,1,0,2025-08-05
4590521,1,1,2025-12-02
4590626,1,0,2025-10-27
4590746,2,0,2025-02-21
4590861,4,2,2026-06-10
4590890,2,0,2025-01-06
4591394,7,4,2026-01-07
4591445,1,1,2025-10-08
4591646,1,0,2025-01-04
4591943,4,4,2026-05-19
4592137,2,0,2025-10-21
4592700,1,1,2025-03-04
4593842,1,1,2025-11-17
4593930,1,1,2025-04-02
4593964,1,0,2025-04-08
4593968,2,0,2026-04-20
4594064,2,2,2025-01-16
4594067,2,2,2025-01-17
4594068,5,2,2026-02-25
4594149,1,0,2026-05-15
4594181,2,0,2026-05-13
4594302,1,0,2025-04-08
4594419,2,0,2025-05-29
4594538,1,0,2025-03-13
4594686,1,1,2025-05-02
4594700,1,0,2025-12-05
4594743,1,0,2025-08-15
4594818,11,0,2026-07-15
4594826,1,0,2025-03-11
4594831,5,0,2026-06-10
4594838,4,3,2026-06-30
4594904,1,0,2026-02-24
4594913,2,0,2026-07-29
4594919,7,2,2025-12-05
4594964,1,0,2025-03-18
4594993,1,0,2025-05-28
4595042,4,1,2026-05-05
4595176,1,0,2025-04-08
4595272,1,1,2025-05-21
4595308,4,0,2026-07-22
4595346,1,0,2025-11-03
4595377,1,0,2026-01-20
4595379,2,1,2025-10-31
4595428,2,1,2026-02-26
4595432,3,0,2025-04-22
4595497,4,3,2026-05-12
4595521,1,1,2026-02-03
4595525,1,0,2025-07-16
4595594,4,0,2026-04-17
4595613,1,0,2025-05-29
4595630,13,9,2026-05-04
4595637,2,2,2025-01-03
4595638,1,1,2026-02-19
4595910,2,2,2025-01-17
4595924,1,1,2025-01-16
4595925,1,1,2025-01-16
4595926,1,1,2025-01-16
4595927,1,1,2025-01-16
4595928,1,1,2025-01-16
4595939,2,2,2025-01-17
4595984,3,0,2025-12-03
4595997,2,0,2025-04-25
4596020,4,2,2026-06-23
4596046,2,1,2026-02-04
4596061,1,0,2025-07-01
4596091,1,0,2026-03-23
4596156,2,1,2025-06-09
4596181,1,0,2025-01-08
4596207,1,0,2026-04-24
4596213,14,6,2026-01-06
4596214,1,0,2025-04-08
4596215,1,0,2025-08-17
4596219,1,0,2025-03-12
4596229,1,0,2025-07-15
4596242,5,0,2025-07-08
4596253,3,3,2026-08-06
4596254,6,4,2026-07-10
4596340,2,0,2025-04-23
4596418,4,4,2025-07-31
4596916,7,1,2025-06-19
4596923,4,4,2026-02-02
4596930,1,1,2025-08-07
4596937,1,0,2026-07-15
4596939,2,0,2026-07-15
4596940,2,0,2025-01-31
4597014,1,0,2026-04-03
4597148,1,0,2025-09-03
4597158,1,0,2026-07-01
4597303,3,0,2026-03-09
4597376,4,4,2025-11-10
4598085,1,1,2025-08-07
4598751,1,0,2026-07-14
4599023,1,0,2026-05-11
4599168,1,1,2026-08-27
4599631,2,0,2025-11-20
4600457,3,3,2026-03-05
4602735,1,0,2025-04-08
4603892,1,0,2026-03-04
4605098,3,0,2025-09-17
4605112,2,0,2025-06-05
4605192,1,0,2026-01-21
4605469,1,0,2025-02-25
4607276,2,0,2025-07-01
4607280,1,0,2026-03-09
4607281,3,1,2026-03-23
4607295,6,2,2026-07-21
4607296,4,3,2026-07-21
4607302,4,1,2026-06-11
4607309,6,0,2026-03-09
4607340,1,1,2025-11-08
4607363,1,1,2025-07-12
4607369,1,0,2025-08-19
4607370,1,0,2025-08-19
4607371,1,0,2025-08-19
4607372,1,0,2025-08-19
4607376,3,0,2026-07-29
4607476,10,0,2026-04-10
4607819,1,0,2026-02-04
4607838,3,2,2025-11-20
4607866,1,0,2025-09-15
4607883,1,0,2026-01-07
4607927,1,1,2025-12-02
4608136,2,0,2026-09-03
4608253,3,2,2025-12-17
4608275,1,1,2025-06-20
4608300,2,2,2026-07-15
4608677,1,1,2025-09-16
4608841,1,0,2026-07-15
4608861,1,0,2026-03-31
4608954,1,1,2025-04-24
4609092,1,1,2025-09-16
4609198,1,0,2026-09-01
4609229,1,1,2025-10-28
4609386,2,0,2025-10-17
4609724,1,0,2026-04-03
4610366,2,0,2026-01-12
4610432,1,0,2025-02-25
4610564,2,2,2025-11-05
4610751,1,0,2026-01-15
4610766,2,2,2025-12-23
4610805,1,0,2025-08-28
4611053,4,2,2025-06-25
4611197,1,0,2026-06-10
4611263,1,0,2026-06-05
4611273,1,0,2026-06-05
4611598,4,1,2026-06-30
4612438,1,0,2025-02-25
4612972,3,3,2026-05-19
4613419,1,0,2025-06-22
4613455,3,0,2025-09-29
4613690,3,0,2025-06-03
4613776,1,0,2026-01-06
4613819,1,0,2025-09-08
4614334,1,1,2026-07-14
4614384,1,0,2025-07-21
4614407,1,0,2025-03-26
4614634,1,1,2026-02-02
4614730,1,0,2025-11-12
4614750,4,1,2025-10-01
4614886,4,0,2025-10-27
4614894,1,0,2025-02-13
4614898,4,4,2026-06-10
4614903,3,1,2026-06-23
4614937,1,0,2025-05-20
4614938,1,0,2025-05-20
4614939,1,0,2025-05-20
4614940,1,0,2025-05-20
4614952,5,0,2025-08-21
4614966,12,4,2026-08-03
4615049,1,1,2026-07-27
4615057,1,0,2025-05-20
4615058,1,0,2025-05-20
4615060,5,5,2026-02-25
4615069,1,0,2026-07-09
4615090,1,1,2025-01-27
4615091,1,0,2026-06-26
4615160,3,0,2026-01-18
4615165,1,0,2026-08-24
4615173,1,0,2026-05-08
4615214,1,1,2025-12-16
4615253,1,1,2025-11-25
4615258,4,3,2026-06-23
4615264,5,3,2026-06-23
4615270,3,0,2025-11-10
4615325,1,1,2025-03-05
4615597,1,0,2025-04-30
4615607,1,0,2025-05-19
4615608,1,0,2025-05-19
4615609,2,0,2025-05-19
4615611,1,0,2025-05-19
4615631,4,0,2025-09-23
4615694,1,0,2025-09-25
4615817,1,0,2026-03-16
4615829,1,0,2025-10-30
4615832,1,1,2025-01-19
4616045,1,0,2026-03-24
4616152,1,0,2026-03-25
4616337,8,0,2026-07-07
4616457,1,0,2025-08-21
4616536,8,4,2026-07-31
4616574,1,0,2025-10-30
4616576,1,0,2025-01-09
4616593,2,2,2025-10-01
4616710,2,0,2025-05-28
4616789,14,6,2026-01-21
4616913,4,0,2025-05-28
4616979,2,0,2025-02-28
4616981,1,0,2025-04-07
4617121,1,0,2026-01-03
4617163,1,0,2026-07-16
4617165,1,0,2025-07-11
4617175,3,3,2026-07-14
4617186,4,0,2026-06-18
4617191,1,0,2026-06-12
4617223,4,4,2026-02-11
4617346,4,1,2026-03-03
4617360,1,0,2025-09-26
4617465,1,0,2025-07-07
4617506,4,0,2025-07-21
4617653,1,0,2025-09-15
4617668,11,4,2026-07-14
4617686,1,1,2026-01-27
4617734,19,3,2026-09-01
4617740,1,0,2026-07-20
4617745,2,1,2025-11-15
4617746,1,0,2025-04-08
4617747,1,0,2025-04-08
4617748,1,1,2025-09-09
4617767,5,0,2026-02-01
4617779,3,1,2025-09-04
4617784,3,1,2026-08-29
4617786,11,10,2026-05-22
4617793,1,0,2025-04-08
4617795,7,1,2026-05-19
4617817,1,0,2025-04-08
4617837,1,0,2025-01-09
4617857,3,0,2026-03-27
4617922,2,0,2026-06-03
4617925,6,3,2025-08-07
4617954,2,0,2025-12-11
4617968,1,1,2026-07-09
4617972,4,1,2026-04-20
4618105,1,1,2026-03-13
4618172,4,2,2025-11-20
4618179,1,0,2025-10-14
4618205,3,0,2026-01-12
4618207,1,0,2025-04-08
4618230,1,0,2026-08-11
4618262,3,1,2026-03-31
4618304,1,0,2025-05-22
4618307,5,3,2026-05-22
4618342,1,0,2026-07-08
4618356,6,1,2026-09-08
4618362,1,0,2026-08-31
4618364,4,2,2026-08-04
4618368,4,1,2026-02-09
4618377,1,1,2026-07-17
4618381,1,0,2025-09-17
4618400,1,1,2026-06-26
4618402,11,6,2026-05-11
4618449,1,0,2025-02-11
4618450,2,1,2026-09-02
4618469,1,0,2025-04-14
4618482,1,0,2026-04-21
4618486,10,0,2026-01-30
4618496,1,0,2025-04-30
4618524,16,2,2026-08-31
4618555,1,1,2025-03-05
4618566,2,0,2025-10-02
4618577,1,0,2025-11-26
4618602,2,0,2025-09-16
4618636,1,0,2025-06-10
4618656,3,2,2026-05-22
4618670,1,0,2025-10-31
4618770,2,0,2026-07-09
4618771,10,5,2026-04-22
4618773,8,0,2026-04-13
4618776,1,0,2026-06-05
4618779,3,0,2026-08-20
4618810,2,0,2025-05-06
4618843,1,0,2025-06-10
4618845,1,0,2025-05-08
4618853,1,0,2025-01-10
4618857,6,6,2026-08-24
4618917,1,0,2025-01-21
4618918,14,2,2026-08-29
4618932,2,0,2026-03-12
4618933,5,0,2025-01-28
4618935,3,1,2025-02-28
4618936,3,3,2026-04-29
4618937,2,0,2025-06-17
4618938,2,0,2025-10-21
4618965,1,0,2026-07-15
4619094,1,1,2026-03-02
4619106,2,1,2026-05-29
4619107,2,1,2026-05-29
4619269,1,0,2025-04-08
4619371,2,0,2025-07-21
4619385,2,0,2025-02-21
4619386,1,0,2026-08-06
4619459,4,0,2025-01-03
4619475,1,0,2025-08-18
4619479,3,0,2026-07-15
4619480,3,3,2026-03-03
4619496,10,2,2026-08-27
4619545,4,0,2026-01-27
4619563,1,1,2026-06-23
4619618,1,0,2025-12-03
4619721,3,3,2026-05-29
4619727,2,0,2026-06-23
4619732,16,3,2026-05-05
4619739,6,2,2026-07-22
4619790,3,0,2026-06-23
4619861,2,0,2025-03-10
4619875,1,0,2025-01-31
4619876,1,1,2026-03-18
4619899,1,0,2025-05-07
4619912,2,2,2026-07-31
4619928,17,6,2025-12-18
4619939,2,1,2026-06-22
4619943,3,2,2026-02-25
4620006,1,0,2026-05-14
4620049,4,0,2026-04-06
4620189,1,0,2025-06-03
4620245,2,1,2026-03-17
4620253,3,0,2026-05-29
4620270,1,0,2026-05-11
4620271,1,0,2026-01-20
4620286,2,1,2025-06-18
4620304,1,0,2026-06-03
4620328,1,0,2026-01-20
4620356,1,0,2026-08-20
4620472,2,0,2025-12-04
4620476,1,1,2025-06-06
4620478,1,1,2025-06-26
4620804,1,0,2025-03-27
4620816,1,0,2025-09-17
4620845,4,1,2026-05-01
4620872,2,0,2026-05-27
4620885,1,0,2026-02-06
4620891,1,0,2025-01-22
4620892,1,0,2025-07-23
4620906,4,3,2026-05-04
4620927,1,0,2025-08-19
4620958,1,0,2026-08-26
4620970,3,0,2026-07-15
4620982,2,0,2026-06-10
4620984,4,3,2025-07-17
4620985,1,0,2026-05-29
4620990,5,1,2026-03-25
4620994,9,7,2026-07-13
4620995,11,4,2026-08-31
4621009,1,1,2025-03-27
4621019,2,2,2025-05-30
4621021,18,4,2026-08-12
4621036,1,0,2026-04-08
4621041,3,1,2025-04-14
4621047,2,0,2025-08-19
4621084,1,0,2026-01-30
4621091,1,0,2025-12-31
4621103,4,2,2026-01-06
4621112,1,1,2025-04-22
4621129,3,2,2026-07-08
4622953,3,2,2025-01-14
4622954,1,0,2026-05-08
4622997,14,5,2026-01-24
4622998,3,1,2025-11-20
4623044,11,3,2026-02-01
4623052,1,0,2026-03-18
4623101,2,0,2025-12-26
4623107,2,0,2026-06-24
4623122,1,0,2025-07-25
4623134,1,1,2025-01-31
4623141,2,0,2026-07-09
4623158,2,1,2026-05-29
4623159,5,3,2026-01-15
4623194,14,3,2026-06-04
4623204,3,0,2026-01-31
4623212,2,1,2026-06-11
4623223,6,5,2026-02-20
4623225,3,2,2026-05-22
4623241,6,0,2025-06-03
4623263,8,6,2026-07-08
4623265,2,0,2025-11-18
4623278,1,0,2026-02-25
4623286,4,0,2025-12-30
4623287,1,0,2025-03-20
4623290,2,2,2026-08-06
4623302,4,1,2025-01-02
4623319,2,0,2025-12-22
4623326,3,1,2026-03-31
4623344,4,0,2026-07-16
4623369,3,1,2025-08-12
4623372,2,2,2026-05-25
4623375,16,5,2026-07-29
4623426,5,1,2026-07-23
4623452,6,3,2026-01-02
4623465,2,0,2025-12-15
4623501,2,0,2025-01-10
4623502,2,1,2025-03-07
4623504,4,0,2025-01-29
4623508,4,2,2025-12-26
4623533,1,1,2026-07-30
4623562,1,0,2025-04-09
4623565,2,2,2025-02-27
4623566,2,2,2025-02-27
4623567,2,2,2025-02-27
4623568,3,1,2025-02-27
4623569,1,0,2025-02-04
4623570,2,1,2025-02-04
4623576,2,0,2025-07-09
4623595,1,0,2025-04-04
4623616,14,5,2026-08-28
4623661,1,0,2025-12-02
4623686,5,5,2025-02-27
4623703,12,5,2026-07-10
4623707,3,2,2025-02-21
4623758,1,0,2025-07-21
4623780,5,1,2025-06-17
4623796,12,6,2025-09-04
4623802,2,0,2026-06-17
4623803,2,0,2026-06-17
4623806,1,0,2025-07-01
4623807,14,11,2025-11-13
4623809,3,2,2026-06-03
4623835,3,1,2025-08-29
4623843,4,1,2025-02-04
4623861,2,1,2025-05-29
4623862,2,0,2025-03-05
4623873,3,0,2025-05-13
4623881,8,2,2026-08-29
4623884,1,0,2026-01-03
4623921,1,0,2025-11-19
4623936,2,0,2025-01-29
4623950,4,2,2025-02-26
4623969,7,3,2026-04-02
4623981,1,0,2026-08-05
4623993,1,0,2025-11-26
4624023,1,0,2025-03-20
4624041,1,0,2025-06-18
4624057,3,0,2025-10-12
4624093,26,9,2026-09-08
4624114,3,2,2026-01-07
4624116,2,1,2025-04-30
4624117,1,1,2026-08-03
4624118,6,2,2026-08-18
4624119,1,0,2025-07-01
4624136,2,0,2025-12-03
4624174,1,1,2025-01-16
4624188,1,0,2025-02-06
4624210,1,0,2025-05-13
4624214,5,1,2025-05-09
4624231,1,0,2025-02-11
4624256,1,1,2025-02-12
4624274,3,1,2026-06-02
4624303,3,0,2026-06-03
4624305,6,0,2025-07-17
4624315,17,11,2026-05-04
4624330,16,9,2026-09-02
4624350,2,0,2025-08-12
4624353,1,0,2026-07-01
4624367,6,2,2026-05-11
4624369,2,1,2025-05-30
4624384,18,7,2026-09-02
4624392,12,8,2026-08-20
4624423,6,3,2025-10-18
4624455,6,4,2025-12-09
4624481,1,0,2026-01-12
4624485,2,1,2025-02-11
4624489,3,2,2025-07-19
4624490,2,1,2025-07-19
4624492,1,0,2025-09-16
4624494,5,4,2026-01-22
4624501,1,1,2026-06-30
4624503,2,0,2025-04-07
4624506,5,1,2026-01-08
4624511,3,1,2025-09-19
4624512,8,4,2026-03-04
4624518,13,6,2026-01-16
4624519,4,0,2025-05-21
4624530,1,0,2025-03-28
4624531,1,1,2025-06-05
4624532,1,0,2025-06-05
4624540,2,1,2026-08-18
4624555,1,0,2026-07-06
4624559,3,2,2025-10-07
4624563,7,3,2025-08-11
4624565,1,0,2026-02-17
4624568,2,0,2026-07-18
4624608,3,0,2026-07-06
4624628,2,0,2025-07-01
4624629,1,0,2025-04-21
4624664,3,0,2025-02-20
4624702,1,1,2025-08-18
4624703,1,1,2025-08-18
4624707,1,1,2025-05-07
4624720,1,0,2025-11-19
4624729,7,3,2026-02-10
4624731,3,1,2026-07-09
4624735,1,0,2025-03-05
4624737,1,0,2025-06-05
4624738,1,0,2025-06-05
4624764,1,0,2026-07-22
4624777,4,0,2026-08-06
4624783,10,4,2026-02-25
4624807,1,0,2026-08-11
4624821,1,0,2026-01-05
4624823,1,0,2026-08-14
4624830,2,1,2026-07-15
4624844,1,1,2025-12-31
4624845,2,0,2025-10-11
4624847,4,0,2025-11-24
4624858,2,0,2025-04-24
4624868,2,0,2025-09-22
4624882,4,2,2026-05-22
4624892,13,9,2026-08-04
4624894,1,0,2025-03-14
4624895,4,1,2026-02-12
4624904,5,0,2026-01-06
4624906,1,0,2025-03-13
4624937,8,3,2025-10-22
4624938,8,3,2025-10-22
4624939,13,3,2025-10-22
4624942,1,0,2025-04-03
4624944,1,0,2025-08-11
4624954,2,0,2025-12-29
4624956,2,2,2025-02-19
4624963,13,6,2026-05-25
4624969,1,0,2025-12-02
4624972,5,1,2025-09-27
4624974,2,0,2026-01-05
4624975,3,1,2026-04-16
4624977,1,0,2025-04-16
4624979,1,0,2025-04-16
4624981,3,0,2026-05-05
4624984,3,0,2025-07-03
4624987,16,5,2026-08-28
4624991,1,0,2025-06-30
4624999,18,9,2026-08-31
4625007,4,4,2025-07-31
4625009,12,2,2026-07-07
4625012,2,0,2025-05-13
4625016,2,1,2025-08-09
4625019,3,1,2026-09-01
4625020,3,0,2025-05-13
4625021,1,0,2026-04-22
4625028,16,10,2026-04-06
4625033,1,0,2026-09-03
4625056,9,1,2026-08-12
4625057,3,2,2025-05-27
4625062,2,0,2026-06-02
4625063,1,1,2026-02-19
4625066,3,1,2026-02-22
4625085,1,0,2025-09-19
4625087,2,0,2025-12-23
4625089,3,3,2025-06-26
4625118,13,8,2026-07-30
4625120,2,1,2026-02-04
4625124,5,4,2026-09-01
4625126,1,0,2026-07-08
4625131,2,1,2025-03-08
4625133,3,3,2025-06-05
4625147,6,2,2026-09-09
4625149,4,1,2026-03-31
4625153,3,2,2025-04-11
4625162,5,2,2026-01-16
4625172,1,0,2025-02-25
4625190,4,4,2025-12-02
4625193,1,0,2025-06-14
4625194,1,0,2025-11-21
4625203,3,0,2026-08-24
4625204,1,0,2026-08-24
4625205,1,0,2026-08-24
4625206,3,3,2025-05-14
4625210,1,0,2026-02-21
4625211,3,2,2025-08-06
4625212,16,8,2026-03-18
4625213,2,1,2026-05-13
4625214,5,0,2026-04-08
4625216,7,2,2026-06-09
4625217,1,0,2026-08-04
4625222,3,2,2025-07-02
4625223,3,0,2025-07-10
4625225,1,1,2025-12-08
4625227,1,0,2025-07-19
4625229,13,2,2026-02-20
4625230,4,2,2025-07-11
4625251,6,1,2025-08-22
4625267,1,0,2025-05-07
4625268,3,0,2025-07-02
4625269,1,0,2025-04-28
4625270,1,0,2025-04-28
4625272,1,0,2025-05-07
4625276,4,1,2025-02-26
4625277,6,1,2026-06-26
4625280,1,0,2026-08-04
4625285,41,17,2026-08-13
4625291,2,1,2025-09-18
4625293,4,2,2025-06-02
4625294,3,2,2025-06-02
4625297,1,0,2026-03-16
4625302,1,0,2026-06-09
4625306,1,0,2025-10-16
4625308,12,3,2026-01-09
4625320,6,2,2026-02-05
4625335,30,15,2026-08-19
4625336,2,0,2025-07-01
4625344,5,1,2026-09-03
4625349,3,1,2025-09-18
4625356,9,5,2026-07-20
4625370,3,1,2026-02-21
4625383,1,0,2025-10-04
4625389,1,0,2026-01-24
4625403,4,0,2026-03-19
4625406,3,0,2026-01-23
4625422,2,1,2026-07-20
4625430,1,1,2025-02-10
4625438,6,0,2026-07-01
4625442,4,1,2026-05-23
4625460,5,2,2026-06-03
4625490,1,1,2026-04-13
4625494,2,0,2025-04-14
4625496,11,4,2026-02-12
4625497,4,3,2026-02-12
4625499,6,2,2026-06-18
4625503,2,0,2025-05-21
4625516,14,4,2026-01-27
4625517,3,3,2026-02-06
4625519,4,2,2026-09-07
4625521,5,3,2026-01-13
4625522,3,1,2025-06-07
4625525,8,1,2026-04-23
4625527,1,0,2025-11-18
4625528,1,0,2026-01-15
4625551,1,1,2025-09-16
4625560,17,10,2026-04-17
4625565,1,0,2025-03-03
4625569,1,1,2025-03-21
4625571,1,0,2025-02-27
4625576,8,2,2026-06-22
4625577,1,0,2026-04-06
4625583,2,1,2026-08-18
4625586,2,0,2026-07-13
4625590,1,0,2026-05-05
4625599,1,0,2026-03-13
4625615,1,0,2026-06-29
4625619,2,0,2026-04-24
4625630,8,5,2026-06-03
4625634,2,0,2026-04-13
4625637,3,0,2026-07-08
4625653,1,0,2025-03-14
4625664,15,6,2026-02-22
4625703,3,0,2025-11-21
4625717,1,1,2025-01-03
4625721,2,0,2026-01-31
4625723,1,0,2026-08-03
4625735,1,0,2026-03-18
4625738,10,5,2026-08-12
4625742,3,0,2026-02-02
4625757,5,2,2026-09-04
4625763,5,3,2026-05-21
4625781,1,0,2026-08-10
4625783,1,0,2026-07-20
4625787,1,0,2026-07-20
4625792,1,0,2026-02-08
4625793,5,3,2026-08-14
4625794,5,3,2026-08-24
4625795,2,2,2026-08-24
4625796,5,3,2026-09-03
4625799,9,3,2026-08-04
4625807,1,0,2026-08-25
4625809,4,3,2026-06-23
4625839,1,0,2025-03-05
4625840,1,1,2026-06-17
4625867,2,0,2026-01-28
4625890,3,0,2026-07-29
4625899,9,2,2026-02-26
4625906,2,0,2026-07-06
4625961,4,2,2026-04-28
4625978,1,0,2026-03-06
4626019,2,0,2026-01-13
4626021,2,0,2026-02-25
4626046,2,1,2025-02-11
4626047,1,0,2025-02-04
4626077,1,0,2025-09-25
4626085,3,0,2026-07-09
4626087,1,0,2025-05-07
4626134,2,2,2026-04-06
4626143,1,0,2026-08-05
4626153,1,1,2025-02-10
4626158,8,5,2026-05-12
4626173,1,1,2025-06-26
4626190,4,1,2026-06-22
4626200,2,0,2025-10-11
4626202,18,7,2026-01-14
4626223,1,0,2025-12-11
4626249,2,1,2026-07-20
4626281,1,0,2026-08-12
4626284,4,1,2026-07-13
4626285,2,1,2025-05-30
4626286,3,1,2026-03-03
4626289,2,0,2026-06-26
4626293,1,0,2026-06-24
4626297,3,3,2026-08-06
4801909,3,1,2025-02-20
4802503,2,0,2025-07-02
4802917,1,0,2026-06-09
4807573,3,1,2025-08-25
4808789,1,0,2025-04-03
4808828,8,3,2026-02-11
4809513,1,0,2025-05-20
4809579,1,0,2025-09-27
4809861,1,0,2025-02-26
4809896,1,0,2026-02-18
4811592,1,0,2026-09-02
4812548,2,0,2025-09-02
4812549,1,0,2025-09-02
4812838,1,0,2025-08-19
4814059,1,0,2025-10-02
4816261,2,0,2025-03-20
4816474,2,2,2025-07-15
4817548,2,0,2026-01-23
4817570,1,0,2025-12-12
4818148,1,0,2025-05-29
4821174,1,1,2026-04-27
4821911,5,2,2026-01-27
4823967,6,3,2025-04-28
4824254,2,0,2026-01-02
4824255,6,4,2026-02-03
4829818,2,1,2026-07-01
4830036,1,0,2025-01-27
4830080,1,0,2026-01-28
4831375,1,0,2026-08-19
4831477,10,3,2025-05-02
4836371,1,0,2026-03-06
4836472,1,0,2025-07-01
4836573,1,1,2025-09-23
4838003,1,0,2026-05-26
4838263,1,0,2025-04-18
4838514,1,1,2025-12-02
4838650,1,0,2025-09-08
4841191,1,0,2025-06-30
4842231,2,0,2025-02-13
4842988,1,0,2026-02-12
4845109,2,2,2025-12-02
4846998,17,10,2026-06-07
4850809,1,0,2025-04-16
4850998,14,3,2026-08-08
4853311,1,0,2025-07-26
4854169,1,1,2025-04-18
4854577,6,2,2026-01-15
4854578,7,2,2026-04-29
4855568,1,1,2025-01-25
4855647,1,0,2025-02-11
4855669,16,8,2026-03-18
4855950,1,1,2026-01-14
4856769,1,0,2026-05-05
4856840,1,0,2025-02-19
4856917,1,0,2026-02-11
4857130,1,0,2025-02-12
4857971,1,0,2026-01-23
4858184,10,6,2026-08-21
4858462,2,1,2025-03-10
4858529,2,0,2025-09-23
4859086,1,0,2026-08-31
4859229,1,0,2025-07-30
4860125,1,0,2025-02-12
4860126,1,0,2025-02-12
4860138,1,0,2025-04-15
4860490,6,0,2025-10-07
4860502,1,0,2026-09-10
4860690,2,1,2026-04-06
4860691,2,1,2026-04-06
4860924,1,0,2025-10-31
4861023,2,0,2026-02-13
4861029,1,0,2026-07-28
4861383,6,2,2026-07-16
4861543,2,0,2025-03-25
4862216,2,0,2025-11-24
4862539,2,2,2025-01-22
4862982,4,2,2026-09-08
4863289,7,3,2026-08-12
4863909,2,0,2026-07-20
4863978,1,0,2025-09-23
4864325,1,0,2026-07-29
4864327,1,0,2026-07-29
4864394,2,0,2026-02-25
4864876,1,0,2026-01-02
4865430,3,2,2026-06-11
4866418,3,0,2025-10-02
4868757,1,0,2025-02-14
4869067,1,0,2026-07-07
4869419,2,0,2025-08-15
4870008,3,0,2025-01-03
4870555,10,0,2025-09-17
4870647,1,0,2025-12-31
4870721,1,0,2025-07-14
4870742,6,0,2026-09-08
4870748,1,0,2025-07-30
4871098,3,0,2026-01-17
4871241,4,1,2026-02-12
4871280,3,0,2025-02-03
4871421,3,2,2026-08-14
4871562,1,0,2025-01-15
4871597,1,0,2025-02-04
4871760,4,2,2025-05-13
4871894,2,0,2025-12-12
4871975,2,0,2025-10-03
4872003,2,0,2026-07-07
4872097,1,0,2025-12-17
4872156,2,0,2026-05-01
4872200,2,2,2026-06-22
4872201,2,2,2026-06-22
4872233,1,1,2026-04-09
5000009,3,3,2026-01-12
5000039,7,4,2026-04-20
5000048,9,6,2026-06-01
5000077,1,0,2025-02-25
5000083,10,7,2026-01-13
5000089,1,0,2026-02-26
5000096,1,0,2025-05-21
5000103,1,0,2026-01-30
5000107,1,0,2025-02-25
5000110,2,1,2026-06-12
5000126,3,0,2026-01-20
5000195,3,2,2025-02-20
5000206,1,0,2025-01-27
5000219,5,2,2026-05-20
5000255,2,0,2025-03-21
5000280,1,0,2025-12-05
5000286,2,2,2026-06-29
5000290,1,0,2025-02-04
5000291,6,0,2026-01-29
5000308,1,0,2025-02-25
5000315,3,1,2026-04-28
5000316,6,4,2026-06-08
5000405,2,2,2025-08-25
5000433,1,0,2026-04-23
5000442,4,2,2026-06-08
5000466,1,0,2026-07-30
5000552,1,0,2025-02-25
5000562,1,0,2025-01-06
5000575,1,0,2025-02-25
5000583,1,1,2025-03-11
5000634,2,0,2026-04-01
5000670,1,0,2025-01-31
5000685,6,5,2026-02-25
5000696,4,2,2025-07-11
5000754,1,0,2025-02-25
5000755,1,0,2025-02-25
5000756,1,0,2025-02-25
5000757,1,0,2025-02-25
5000758,1,0,2025-02-25
5000759,1,0,2025-02-25
5000760,16,15,2026-07-29
5000761,10,10,2025-09-25
5000762,12,11,2025-09-25
5000802,2,2,2025-03-31
5000820,4,4,2025-09-02
5000831,1,1,2025-11-10
5000858,1,1,2026-07-20
5000901,4,1,2026-02-10
5000919,8,8,2026-06-08
5000944,4,1,2025-03-19
5000959,2,0,2025-02-24
5000965,1,0,2025-02-24
5001123,1,0,2026-06-22
5001126,5,0,2026-06-30
5001127,1,0,2026-04-27
5001150,6,0,2026-02-12
5001168,1,1,2026-05-04
5001169,6,6,2025-08-20
5001212,1,1,2026-04-10
5001232,4,4,2026-01-12
5001233,1,0,2025-02-24
5001253,6,2,2026-06-08
5001325,2,0,2026-03-16
5001338,5,3,2026-03-05
5001407,2,1,2026-08-11
5001426,1,0,2025-03-12
5001442,1,0,2025-03-31
5001474,2,1,2026-06-09
5001597,1,1,2026-05-06
5001626,4,1,2025-12-16
5001658,2,0,2026-04-14
5001728,5,2,2025-12-17
5001748,1,0,2025-06-10
5001755,2,2,2026-01-28
5001758,1,0,2025-01-17
5001800,4,4,2025-09-18
5002018,1,0,2025-02-04
5002142,1,0,2025-02-25
5002227,1,0,2025-08-06
5002463,1,0,2025-04-08
5002473,5,1,2025-10-28
5002530,4,4,2026-06-09
5002597,1,1,2026-06-16
5002741,1,0,2026-07-13
5002769,2,1,2026-06-09
5002835,1,0,2025-02-25
5002856,1,1,2025-07-29
5002887,1,0,2025-07-01
5002988,1,1,2025-05-08
5002991,1,1,2026-06-02
5003103,2,0,2026-06-26
5003114,2,1,2025-06-03
5003162,1,0,2026-04-03
5003172,1,0,2026-01-05
5003239,5,3,2026-02-25
5003421,5,5,2026-01-08
5003444,1,0,2025-03-11
5003446,2,1,2026-01-31
5003447,5,5,2025-11-17
5003572,1,0,2025-02-11
5003711,1,0,2025-07-01
5003834,5,5,2025-11-12
5003850,2,2,2025-06-14
5003851,1,0,2026-03-26
5003861,2,2,2026-07-21
5003916,1,0,2026-07-16
5004046,1,0,2026-07-30
5004174,2,1,2026-06-17
5004178,1,0,2025-03-24
5004258,1,0,2025-01-10
5004388,1,1,2025-01-02
5004449,2,1,2026-08-03
5004478,2,1,2025-05-05
5004549,1,0,2025-02-25
5004583,7,7,2026-01-23
5004586,7,6,2025-01-31
5004641,1,0,2026-08-24
5004659,1,0,2025-06-01
5004691,2,0,2025-08-11
5004788,2,1,2026-02-28
5004854,2,2,2025-11-19
5004865,1,0,2025-02-25
5004873,1,1,2025-04-24
5004894,1,0,2025-07-01
5004938,2,2,2026-02-02
5004943,1,0,2025-02-10
5005156,11,10,2026-08-21
5005159,1,0,2025-04-01
5005198,1,0,2026-03-23
5005349,2,2,2025-09-04
5005361,1,0,2026-06-11
5005416,4,0,2026-05-06
5005520,3,2,2025-08-21
5005527,1,0,2025-06-02
5005634,1,0,2025-03-12
5005651,1,0,2025-04-02
5005730,2,2,2026-05-21
5005744,2,1,2025-02-25
5005757,1,0,2026-07-28
5005788,2,2,2025-04-23
5005919,1,1,2025-02-27
5005975,1,0,2025-08-04
5006045,1,0,2025-04-07
5006057,1,0,2025-01-29
5006070,2,2,2025-06-18
5006094,1,0,2026-07-30
5006108,1,0,2026-03-02
5006125,1,1,2025-07-16
5006134,1,0,2026-01-28
5006169,1,0,2026-05-18
5006171,1,0,2026-05-05
5006175,1,0,2026-02-02
5006176,2,0,2025-10-07
5006196,1,0,2026-08-03
5006203,1,0,2025-02-11
5006364,1,0,2025-02-25
5006457,1,0,2025-12-02
5006535,4,2,2026-04-20
5006539,1,0,2026-05-11
5006546,1,0,2026-04-17
5006635,1,0,2025-10-21
5006639,5,5,2026-03-02
5006686,1,0,2025-01-16
5006877,5,3,2026-06-23
5006981,3,0,2025-04-10
5007178,1,0,2026-07-29
5007417,5,0,2026-02-03
5007460,2,2,2026-08-31
5007592,1,0,2025-02-25
5007687,2,2,2026-06-18
5007823,2,0,2026-05-18
5008057,1,0,2025-02-25
5008567,1,0,2025-02-25
5009054,1,0,2025-02-25
5009066,1,0,2025-01-07
5009266,3,1,2026-03-05
5009360,1,0,2026-04-28
5009368,2,0,2025-04-08
5009610,1,1,2026-03-06
5009655,1,0,2025-03-05
5009698,1,0,2025-09-15
5009786,6,6,2025-06-13
5009810,4,3,2025-10-24
5009829,1,0,2025-03-17
5009866,4,1,2025-03-19
5009870,1,0,2025-04-22
5009888,8,5,2025-09-04
5009902,1,1,2025-02-20
5009928,2,1,2025-05-06
5010279,2,0,2025-04-24
5010297,2,2,2025-10-24
5010358,8,6,2026-02-26
5010425,1,0,2026-05-19
5010444,11,4,2025-02-25
5010474,1,0,2025-03-24
5010713,5,4,2026-07-29
5010809,6,6,2025-08-25
5010922,4,2,2026-03-16
5011138,1,0,2026-06-09
5011262,1,0,2025-01-06
5011434,1,0,2025-10-21
5011507,1,0,2025-01-18
5011519,5,4,2025-08-25
5011577,1,0,2025-02-25
5011578,1,0,2025-02-25
5011607,3,3,2026-07-15
5011758,5,4,2026-01-06
5011867,1,1,2025-09-11
5011966,2,0,2025-01-28
5012270,3,3,2025-02-24
5012280,1,0,2025-08-26
5012401,1,1,2025-01-24
5012611,4,4,2025-07-24
5012919,2,2,2025-10-09
5013185,3,2,2026-06-09
5013216,1,0,2025-02-26
5013220,2,1,2026-06-09
5013228,10,0,2025-02-26
5013235,8,1,2026-06-10
5013239,1,0,2025-02-25
5013240,1,0,2025-02-25
5013266,2,1,2026-06-10
5013282,1,0,2025-02-25
5013291,1,0,2025-02-18
5013306,1,0,2026-03-27
5013315,2,2,2025-06-24
5013325,6,4,2026-03-02
5013330,1,1,2026-08-11
5013340,1,0,2025-05-23
5013382,3,2,2025-04-15
5013389,7,5,2026-03-02
5013410,4,1,2026-06-10
5013413,1,1,2025-03-17
5013430,4,2,2026-06-10
5013458,1,1,2026-04-23
5013464,1,0,2025-02-28
5013482,3,0,2025-04-11
5013505,2,1,2025-09-11
5013507,2,0,2026-05-15
5013508,8,5,2026-06-11
5013515,1,0,2026-03-30
5013517,1,0,2026-01-03
5013525,1,0,2025-06-01
5013589,1,1,2025-11-13
5013591,1,1,2025-05-30
5013611,1,0,2025-02-25
5013664,7,5,2026-06-11
5013717,8,4,2026-06-03
5013744,1,0,2026-08-30
5013751,1,0,2025-01-15
5013775,5,4,2026-09-02
5013863,2,0,2026-03-26
5013887,2,2,2026-06-11
5013918,1,0,2025-01-29
5013947,3,2,2025-10-21
5013956,9,5,2026-08-27
5013961,1,0,2026-04-09
5013962,1,1,2025-02-14
5013968,1,0,2025-04-29
5013996,1,0,2025-02-25
5013997,1,0,2025-02-25
5013998,1,0,2025-02-25
5013999,1,0,2025-02-25
5014015,1,0,2025-02-05
5014016,1,0,2025-08-22
5014176,5,0,2026-02-17
5014184,7,0,2026-02-17
5014264,1,0,2026-03-27
5014323,3,2,2026-06-11
5014328,1,0,2025-03-10
5014366,1,1,2025-02-01
5014423,1,1,2026-01-29
5014454,3,2,2026-03-05
5014487,1,0,2026-07-28
5014502,1,0,2026-07-28
5014531,5,5,2026-02-06
5014547,1,0,2025-07-01
5014616,1,0,2025-02-25
5014708,1,0,2025-02-25
5014719,1,1,2026-05-01
5014733,1,0,2025-02-25
5014744,1,0,2026-06-05
5014805,1,1,2025-05-13
5014823,25,25,2026-07-30
5015050,1,0,2025-02-25
5015089,1,1,2025-11-10
5015146,2,0,2026-09-01
5015196,1,0,2026-09-01
5015262,4,3,2026-02-25
5015293,1,0,2025-02-25
5015603,1,0,2025-01-24
5015774,2,1,2026-03-20
5015861,1,0,2025-02-25
5015912,2,0,2026-07-29
5015987,2,2,2026-02-26
5016001,1,1,2025-04-01
5016010,3,3,2025-08-15
5016036,5,5,2025-08-05
5016039,5,5,2025-10-28
5016055,1,0,2025-02-25
5016105,3,1,2025-12-18
5016143,4,2,2026-06-22
5016154,1,0,2025-02-25
5016236,2,2,2026-06-01
5016249,5,3,2025-08-25
5016252,1,0,2026-04-22
5016253,1,0,2025-02-07
5016278,1,0,2025-02-04
5016305,7,4,2025-09-13
5016358,2,1,2026-05-04
5016570,1,0,2025-02-13
5016580,2,2,2026-06-16
5016632,3,3,2025-05-22
5016649,6,0,2025-06-10
5016658,1,0,2025-02-03
5016675,1,0,2025-01-10
5016987,1,1,2026-04-13
5016996,1,0,2025-03-24
5016997,1,0,2025-03-24
5017062,3,0,2025-04-10
5017090,1,0,2025-02-25
5017093,2,0,2025-03-06
5017139,1,0,2025-02-25
5017158,1,0,2025-08-21
5017199,1,0,2026-05-29
5017212,1,0,2026-05-01
5017255,1,0,2025-02-25
5017449,2,0,2025-04-02
5017461,1,0,2025-02-25
5017547,1,0,2025-04-16
5017636,1,0,2025-02-19
5017638,1,0,2025-12-26
5017695,5,4,2026-04-03
5017739,4,4,2025-07-22
5017876,1,0,2026-04-01
5017891,2,0,2026-03-02
5017892,1,0,2025-05-12
5017939,2,1,2026-02-06
5018061,2,0,2025-03-24
5018121,3,3,2026-07-13
5018152,1,0,2026-04-09
5018153,4,4,2025-12-18
5018205,7,7,2025-08-12
5018215,1,0,2025-04-07
5018233,1,0,2026-08-24
5018251,1,0,2026-04-02
5018268,2,2,2026-06-29
5018353,1,1,2026-06-09
5018357,2,1,2026-05-05
5018563,1,1,2025-03-25
5018596,1,1,2025-08-28
5018621,2,0,2025-03-14
5018667,2,0,2026-01-22
5018776,3,1,2025-06-14
5018790,1,0,2026-08-24
5019024,1,0,2026-04-02
5019042,1,0,2026-07-08
5019139,3,0,2026-02-25
5019411,9,9,2025-12-12
5019443,4,2,2026-05-12
5019516,2,0,2026-07-31
5019525,1,1,2025-10-31
5019563,3,1,2025-07-09
5019584,7,6,2026-04-23
5019680,4,4,2026-02-05
5019703,2,1,2026-07-15
5019764,2,2,2026-08-27
5019922,4,2,2026-09-09
5019931,2,2,2025-12-31
5019938,3,2,2025-11-12
5019946,1,1,2025-08-21
5020034,4,3,2026-07-31
5020035,1,1,2025-02-05
5020041,2,1,2026-04-23
5020163,1,0,2025-04-18
5020206,1,1,2025-08-26
5020231,13,13,2025-07-22
5020278,1,1,2026-06-18
5020282,1,0,2025-04-03
5020299,1,1,2026-05-04
5020311,1,1,2025-07-11
5020397,6,6,2025-07-15
5020516,8,8,2026-06-24
5020631,4,3,2025-06-22
5020662,1,1,2025-04-29
5020694,3,2,2025-07-21
5020784,1,0,2025-02-25
5020815,1,0,2025-02-25
5020881,1,1,2025-04-18
5020882,3,1,2025-02-25
5020919,3,1,2025-04-04
5020926,2,0,2026-08-12
5020927,1,0,2026-07-14
5020948,8,7,2025-07-08
5020950,5,2,2026-03-31
5020956,1,1,2025-07-07
5021066,4,4,2025-08-22
5021150,2,2,2025-05-05
5021185,5,5,2025-09-11
5021195,6,4,2026-06-24
5021249,1,0,2026-08-14
5021261,12,7,2026-06-25
5021277,4,3,2025-07-22
5021325,1,1,2025-03-07
5021327,1,1,2025-04-21
5021445,10,10,2025-10-03
5021471,10,7,2026-06-25
5021529,1,0,2025-11-18
5021552,2,0,2026-07-14
5021636,1,0,2025-02-25
5021644,1,0,2026-07-14
5021874,2,1,2026-08-07
5022020,1,0,2026-06-10
5022065,1,0,2025-03-06
5022111,2,2,2025-12-04
5022137,3,0,2025-09-02
5022206,1,0,2025-03-12
5022230,1,0,2025-02-25
5022254,1,0,2025-02-07
5022276,2,0,2026-03-13
5022312,1,0,2025-02-25
5022617,2,0,2026-08-11
5022656,3,1,2025-12-08
5022657,1,0,2025-10-24
5022754,2,2,2025-07-21
5022765,4,4,2026-05-20
5022817,1,0,2026-05-01
5022831,2,1,2025-03-20
5022857,1,0,2025-03-05
5022898,2,1,2026-06-25
5022932,2,2,2026-06-25
5022949,2,0,2025-03-25
5023056,3,2,2026-05-02
5023071,1,0,2025-03-04
5023128,4,3,2025-08-15
5023227,2,0,2025-04-02
5023263,2,2,2025-08-26
5023374,1,1,2025-06-22
5023378,1,0,2025-02-25
5023385,5,5,2025-10-21
5023610,4,2,2026-06-30
5023618,1,0,2025-02-25
5023660,5,3,2026-06-12
5023702,3,2,2026-03-17
5023703,2,0,2026-05-05
5023777,1,0,2025-03-20
5023842,6,5,2026-02-19
5023884,1,0,2025-03-11
5023933,4,2,2026-06-17
5023951,1,0,2026-03-16
5023964,2,1,2025-07-25
5023974,1,0,2025-12-11
5023987,1,0,2025-03-12
5023992,1,1,2025-03-13
5023998,1,0,2025-01-29
5024043,1,1,2026-02-05
5024132,2,1,2025-10-09
5024159,3,2,2025-06-18
5024243,2,2,2026-07-13
5024244,3,2,2026-06-16
5024248,1,0,2025-03-12
5024250,1,0,2025-09-13
5024270,4,1,2026-06-15
5024271,2,2,2026-05-11
5024310,2,2,2026-03-25
5024340,1,0,2025-11-07
5024394,1,0,2025-06-16
5024510,1,0,2025-01-16
5024539,1,1,2026-06-16
5024567,1,0,2025-10-20
5024642,2,2,2025-03-02
5024658,1,1,2026-07-08
5024660,3,0,2025-08-08
5024722,3,3,2025-03-18
5024929,3,1,2025-07-25
5024941,1,0,2025-05-21
5025023,1,0,2025-03-15
5025036,1,1,2025-11-10
5025070,2,0,2026-05-19
5025102,1,0,2025-02-11
5025298,4,4,2026-02-12
5025370,2,2,2026-02-05
5025380,2,2,2026-05-22
5025418,2,2,2026-09-09
5025456,9,9,2025-06-10
5025457,1,1,2026-05-22
5025462,1,0,2025-01-29
5025488,1,0,2025-04-28
5025537,2,0,2025-05-05
5025576,2,1,2025-03-03
5025584,1,0,2026-05-26
5025585,1,0,2026-07-25
5025594,1,1,2025-01-09
5025611,2,1,2025-11-21
5025612,1,0,2025-04-24
5025614,1,1,2026-06-23
5025674,1,0,2025-03-05
5025687,3,2,2026-06-29
5025706,1,0,2026-04-27
5025712,1,0,2025-04-27
5025713,1,0,2025-05-01
5025757,2,0,2025-03-12
5025792,2,1,2026-06-15
5025798,4,2,2026-04-16
5025818,7,7,2026-07-08
5025837,3,0,2025-05-12
5025853,2,0,2025-02-04
5025869,1,0,2025-01-06
5025892,1,0,2026-05-11
5025959,1,0,2025-03-12
5025973,1,0,2026-03-03
5026019,2,0,2026-01-29
5026076,4,0,2026-01-15
5026160,5,3,2026-07-16
5026194,1,0,2025-11-24
5026195,1,0,2025-11-24
5026207,5,5,2026-06-08
5026220,8,6,2026-01-20
5026234,1,0,2026-05-11
5026322,2,1,2026-07-13
5026335,2,0,2026-01-16
5026435,2,2,2026-01-09
5026513,2,0,2025-12-19
5026570,6,5,2025-09-18
5026594,1,1,2025-03-11
5026631,1,0,2026-04-20
5026643,4,1,2026-06-24
5026656,2,1,2026-04-01
5026657,1,1,2025-08-29
5026663,2,2,2025-12-18
5026673,1,0,2026-08-25
5026676,1,1,2025-05-30
5026902,1,0,2026-06-23
5026915,6,3,2025-07-24
5027029,1,0,2026-06-03
5027065,21,9,2026-06-25
5027112,2,0,2025-03-21
5027238,1,1,2025-03-18
5027278,2,2,2025-06-23
5027282,4,4,2026-03-10
5027400,2,0,2025-02-11
5027468,1,1,2026-04-17
5027473,2,0,2025-10-07
5027480,1,0,2026-04-20
5027485,1,0,2025-03-17
5027508,4,2,2026-04-16
5027510,1,1,2026-02-09
5027523,1,0,2026-07-17
5027530,3,3,2026-03-24
5027554,4,4,2026-06-23
5027612,1,0,2026-07-27
5027641,1,0,2025-02-03
5027687,2,0,2025-02-25
5027738,1,0,2025-02-25
5027762,2,2,2025-11-06
5027797,5,4,2025-07-24
5027880,1,0,2026-01-30
5027961,1,1,2026-04-14
5028090,4,2,2026-06-16
5028102,2,1,2025-11-06
5028120,7,7,2025-11-06
5028214,1,0,2025-03-07
5028215,2,1,2026-06-24
5028233,2,1,2025-11-12
5028237,2,1,2025-04-15
5028256,2,0,2025-03-18
5028280,7,5,2026-04-17
5028283,1,1,2025-10-15
5028399,2,0,2026-07-14
5028405,1,0,2025-02-25
5028422,1,1,2025-07-30
5028453,1,0,2026-02-25
5028520,1,0,2025-04-17
5028621,1,0,2025-10-21
5028638,3,0,2025-10-01
5028776,1,0,2026-03-30
5028778,1,0,2025-11-03
5028796,4,3,2025-07-24
5028888,6,4,2025-11-28
5029001,1,0,2025-02-18
5029353,3,2,2025-06-23
5029394,4,2,2026-02-18
5029408,1,1,2025-12-12
5030074,3,2,2026-08-11
5030342,2,0,2026-01-05
5030454,1,0,2026-03-30
5030893,1,1,2026-01-13
5030916,1,0,2025-04-07
5030922,6,6,2026-06-17
5030975,1,1,2025-08-06
5031151,2,2,2026-02-20
5031286,5,3,2026-02-18
5031528,2,0,2026-06-02
5031553,1,0,2025-03-31
5031620,1,0,2026-03-26
5031633,2,1,2026-06-26
5031647,1,1,2025-04-04
5031648,1,0,2025-09-12
5031770,1,0,2025-11-18
5032101,1,0,2025-11-18
5032481,1,1,2025-01-28
5032482,2,0,2025-01-10
5032489,1,0,2025-02-06
5032549,3,3,2026-06-16
5032828,1,0,2026-04-27
5032934,2,2,2025-06-23
5033241,2,0,2025-06-30
5033242,1,0,2025-11-13
5033444,4,4,2025-11-06
5033495,1,0,2025-01-07
5033579,1,0,2025-03-05
5033730,1,0,2026-04-07
5033748,5,3,2025-11-17
5033808,5,5,2025-07-22
5033997,1,1,2025-11-12
5034173,1,1,2026-05-19
5034204,3,3,2025-11-28
5034229,1,1,2025-11-12
5034286,9,7,2025-12-01
5034476,6,0,2026-02-26
5035397,1,1,2025-10-30
5035399,4,1,2026-01-28
5035400,1,0,2025-03-24
5035433,1,0,2026-04-30
5035462,1,0,2025-04-03
5035740,2,0,2026-05-07
5035805,1,0,2026-07-23
5036391,1,1,2025-08-21
5036419,3,3,2026-07-10
5036639,4,4,2026-06-17
5036641,7,5,2026-06-30
5036682,2,2,2026-06-29
5036723,1,0,2025-05-23
5036842,1,1,2025-09-17
5036928,4,0,2026-07-27
5036939,1,0,2025-03-14
5036940,3,1,2026-05-13
5036983,1,0,2025-02-25
5036984,1,0,2026-03-03
5037126,1,0,2025-04-04
5037151,1,0,2025-02-04
5037155,1,1,2026-02-10
5037212,2,0,2025-01-08
5037241,2,0,2026-04-15
5037244,1,1,2026-05-05
5037524,7,0,2026-03-03
5037541,2,0,2026-03-03
5037788,1,0,2025-05-01
5037895,3,1,2026-06-23
5037910,1,0,2026-06-04
5037933,1,0,2026-08-21
5037949,1,0,2026-06-02
5038021,3,0,2025-03-20
5038060,4,2,2025-11-25
5038086,1,0,2025-03-20
5038146,2,0,2026-06-26
5038245,1,0,2025-04-09
5038269,1,0,2025-05-02
5038354,1,0,2025-11-05
5038358,24,21,2026-06-30
5038477,1,0,2026-04-13
5038737,1,0,2026-07-23
5038785,2,2,2026-08-05
5038941,1,0,2026-02-12
5038994,1,1,2026-05-28
5038999,5,0,2025-08-28
5039658,1,0,2025-04-25
5040050,2,0,2026-08-27
5040058,2,0,2025-04-15
5041744,1,0,2026-03-10
5041809,1,1,2026-01-15
5041891,3,0,2026-09-08
5041894,2,0,2025-01-08
5041976,1,0,2026-08-28
5042003,1,0,2025-04-29
5042078,1,1,2026-02-20
5042097,5,5,2026-04-10
5042100,2,1,2026-01-30
5042235,1,0,2025-04-24
5042453,1,0,2025-11-06
5042519,1,0,2025-07-01
5042614,1,1,2025-06-11
5042639,3,3,2025-08-25
5042662,2,1,2025-08-25
5042776,3,0,2026-02-04
5042801,1,0,2025-04-21
5042848,1,0,2025-04-18
5042870,1,0,2026-07-16
5042873,1,0,2026-02-13
5042874,1,0,2026-07-29
5042922,1,0,2025-02-07
5042942,2,1,2025-01-28
5042959,3,1,2025-02-26
5042960,2,0,2026-04-20
5043008,1,0,2025-02-25
5043085,2,0,2025-11-18
5043104,2,1,2026-06-17
5043147,7,7,2026-04-28
5043212,1,0,2026-07-02
5043303,4,1,2026-04-20
5043313,2,0,2025-04-04
5043324,1,0,2025-03-12
5043431,1,0,2025-03-18
5043479,5,0,2026-02-04
5043519,5,0,2026-02-04
5043578,1,0,2025-07-15
5043646,1,0,2025-02-25
5043691,2,0,2026-01-06
5043755,6,3,2026-03-26
5043856,1,0,2025-05-13
5043883,1,0,2025-05-13
5043910,1,0,2026-08-03
5044016,1,0,2025-04-07
5044036,2,0,2026-05-04
5044105,1,0,2025-02-25
5044225,2,1,2026-05-05
5044299,1,0,2025-02-04
5044300,3,1,2025-05-30
5044318,5,5,2025-09-18
5044491,5,5,2026-03-06
5044847,1,0,2025-07-08
5044901,2,0,2025-03-05
5044954,2,0,2026-02-06
5045055,3,2,2025-10-07
5045075,1,0,2026-01-27
5045113,4,1,2026-01-13
5045157,1,0,2026-04-02
5045176,5,2,2025-04-02
5045189,1,0,2026-05-26
5045196,2,0,2025-04-21
5045294,2,1,2025-06-18
5045369,3,2,2025-05-28
5045460,16,13,2026-07-01
5045466,1,0,2025-02-25
5045483,2,1,2025-05-05
5045528,1,1,2026-04-08
5045531,1,0,2025-04-23
5045571,6,6,2025-12-24
5045586,1,0,2025-07-01
5045617,1,0,2025-04-03
5045714,1,0,2025-04-12
5045764,1,0,2026-06-16
5045768,7,5,2026-08-15
5045802,1,1,2025-02-20
5045877,1,0,2025-07-01
5045935,1,0,2026-08-21
5045964,8,7,2026-07-13
5045971,1,0,2025-09-09
5045975,4,2,2026-04-24
5046014,2,0,2026-08-14
5046067,1,0,2025-03-11
5046122,3,0,2025-03-25
5046145,2,2,2026-02-20
5046198,2,1,2025-05-14
5046266,2,1,2026-04-08
5046297,2,0,2025-05-17
5046324,8,8,2025-08-22
5046384,2,0,2026-07-28
5046857,1,0,2025-02-25
5046912,2,0,2026-07-22
5046954,2,1,2025-02-25
5047157,4,4,2025-05-02
5047158,3,2,2026-05-01
5047235,1,0,2025-07-01
5047236,3,3,2026-03-16
5047240,1,1,2025-04-29
5047258,2,1,2026-06-18
5047302,2,1,2026-05-06
5047386,2,2,2026-01-30
5047613,2,0,2026-03-09
5047727,5,3,2026-03-25
5047735,1,1,2025-04-10
5047742,1,0,2026-04-09
5047750,2,0,2025-02-26
5047769,1,0,2025-07-15
5047893,4,4,2026-01-15
5047922,1,0,2026-06-22
5047954,1,0,2025-03-24
5048083,1,1,2025-05-30
5048086,2,2,2025-05-30
5048198,1,0,2026-08-07
5048258,2,1,2026-08-04
5048265,1,0,2025-12-11
5048268,2,0,2026-01-22
5048292,2,2,2026-07-02
5048435,1,0,2025-08-18
5048436,2,0,2025-03-25
5048437,2,2,2026-02-14
5048456,1,0,2025-01-28
5048482,2,0,2025-03-17
5048497,1,0,2025-02-07
5048679,1,0,2025-11-03
5048798,1,0,2025-05-01
5048884,1,0,2025-03-18
5048921,4,4,2026-02-25
5049005,4,2,2026-02-26
5049006,2,2,2025-07-08
5049171,5,5,2025-11-03
5049302,2,0,2025-03-26
5049413,4,4,2025-08-21
5049416,2,2,2026-07-02
5049417,1,1,2026-07-23
5049426,1,0,2026-07-29
5049482,1,0,2026-07-24
5049534,2,2,2026-02-26
5049734,1,0,2025-03-19
5049769,2,1,2025-03-18
5049889,2,0,2025-02-26
5049894,1,0,2026-01-29
5050017,3,0,2025-05-08
5050065,1,0,2025-10-10
5050246,1,0,2026-05-05
5050255,1,0,2026-06-02
5050301,1,0,2025-03-31
5050329,1,0,2026-08-05
5050396,8,4,2026-04-13
5050462,2,0,2025-04-03
5050492,3,2,2026-06-17
5050591,3,1,2026-04-16
5050604,5,3,2026-07-02
5050631,1,1,2025-07-21
5050724,1,1,2025-11-28
5050808,5,2,2026-07-20
5050816,3,3,2025-10-02
5050858,6,6,2026-06-02
5050874,2,2,2026-07-02
5050888,4,4,2025-08-29
5050896,1,0,2025-02-14
5050949,1,0,2026-05-11
5051032,2,1,2025-10-02
5051045,1,0,2026-02-03
5051048,4,0,2026-02-25
5051289,1,0,2026-06-14
5051305,2,0,2025-03-06
5051361,1,0,2026-03-03
5051399,1,1,2026-03-23
5051429,4,1,2026-08-26
5051436,2,0,2026-04-23
5051479,3,3,2025-08-16
5051483,1,0,2025-03-25
5051783,5,2,2026-02-05
5051810,2,2,2025-10-02
5051827,6,5,2026-03-06
5051870,1,0,2026-07-16
5052016,1,0,2026-07-24
5052053,1,0,2026-05-20
5052210,4,1,2026-04-07
5052211,1,0,2025-11-18
5052234,1,0,2025-06-15
5052242,2,2,2025-07-21
5052259,5,5,2026-01-14
5052484,3,2,2025-08-29
5052525,4,1,2026-08-21
5052561,2,0,2025-10-14
5052578,1,0,2026-05-01
5052593,1,0,2025-10-08
5052624,2,1,2026-04-08
5052645,1,0,2025-02-14
5052652,2,2,2025-09-17
5052748,1,0,2025-11-03
5052791,2,0,2026-03-11
5052792,5,2,2026-06-29
5052860,1,0,2025-08-05
5052957,1,0,2025-04-03
5053008,1,1,2026-01-05
5053011,1,0,2025-03-11
5053191,1,0,2025-01-08
5053192,5,3,2026-07-13
5053214,1,0,2025-02-11
5053220,2,1,2025-10-22
5053243,2,1,2026-01-21
5053564,1,0,2025-12-30
5053571,2,0,2026-03-11
5053574,4,2,2026-07-13
5053746,1,0,2025-02-26
5053777,1,1,2026-04-06
5053868,5,5,2025-10-22
5054033,1,0,2025-04-02
5054110,2,0,2025-10-08
5054213,7,0,2026-03-12
5054306,6,6,2026-03-30
5054382,5,4,2025-09-17
5054389,1,0,2025-02-14
5054520,1,0,2026-06-10
5054536,5,4,2025-12-18
5054541,1,0,2026-04-17
5054549,1,0,2025-07-29
5054566,1,0,2026-07-16
5054575,1,0,2025-04-14
5054617,2,0,2026-07-24
5054755,3,3,2025-09-30
5054848,1,0,2026-04-06
5054881,1,0,2025-03-06
5054888,1,1,2025-04-03
5054892,3,2,2026-04-17
5054893,3,2,2026-04-21
5055031,3,0,2026-05-05
5055110,3,2,2026-08-10
5055182,1,0,2026-04-13
5055346,2,2,2026-07-07
5055362,1,0,2026-06-15
5055367,2,0,2026-03-17
5055379,1,1,2025-03-20
5055567,1,0,2026-06-09
5055623,2,2,2025-04-10
5055706,4,2,2025-05-29
5055760,1,1,2025-04-30
5055883,1,1,2026-08-28
5055951,1,0,2026-04-06
5056009,1,0,2026-02-20
5056078,7,7,2025-10-08
5056079,2,0,2026-05-28
5056324,2,0,2026-04-24
5056477,1,0,2026-02-26
5056478,1,0,2026-01-06
5056479,1,0,2026-01-27
5056613,3,2,2026-08-10
5056714,1,0,2026-01-29
5056803,1,0,2026-01-29
5056828,2,2,2025-10-03
5056895,2,1,2025-08-25
5056908,3,2,2026-01-27
5056985,4,2,2025-08-15
5056986,6,4,2026-07-30
5057071,2,1,2025-03-29
5057074,2,0,2026-06-02
5057093,2,0,2026-01-13
5057096,1,0,2025-03-29
5057099,1,0,2026-04-02
5057102,2,0,2025-03-10
5057107,3,1,2025-07-18
5057123,1,0,2026-07-09
5057205,1,0,2026-04-29
5057316,1,0,2025-01-29
5057324,1,0,2025-12-01
5057329,1,1,2025-11-24
5057333,1,0,2025-02-11
5057410,3,0,2025-03-12
5057520,1,0,2026-06-11
5057565,1,0,2025-11-05
5057602,2,0,2026-04-21
5057606,1,0,2025-10-24
5057609,1,0,2025-10-08
5057611,1,0,2025-10-08
5057794,3,0,2026-07-31
5057804,6,4,2025-08-04
5058024,2,2,2025-12-02
5058041,2,1,2026-03-26
5058098,4,3,2025-06-11
5058125,1,1,2025-03-10
5058133,1,0,2025-02-27
5058202,3,2,2026-06-02
5058241,1,0,2025-01-28
5058278,4,0,2025-04-03
5058307,1,0,2025-11-28
5058327,2,0,2026-07-09
5058351,6,6,2025-08-19
5058362,2,0,2025-01-14
5058618,1,1,2026-09-04
5058651,1,0,2026-05-14
5058831,1,0,2026-01-13
5058941,3,1,2026-07-28
5059037,1,0,2025-01-03
5059246,3,2,2026-06-04
5059791,1,0,2025-10-16
5059927,3,0,2026-03-24
5059988,1,1,2025-08-28
5060007,8,5,2026-04-15
5060058,3,1,2025-01-06
5060076,1,0,2026-06-24
5060555,2,1,2026-04-20
5060715,1,1,2025-04-04
5060920,1,0,2026-02-19
5061207,5,4,2026-07-29
5061529,3,1,2026-08-14
5061621,1,0,2026-07-13
5061810,1,0,2025-01-13
5061954,1,0,2025-01-13
5062373,1,1,2025-05-02
5062406,1,0,2026-07-07
5062484,1,0,2025-11-03
5062527,1,0,2026-02-25
5062531,1,0,2025-12-15
5062566,1,0,2026-03-06
5062576,3,0,2026-03-25
5062964,5,4,2025-07-21
5063107,1,0,2026-05-14
5063495,2,0,2026-03-25
5063535,1,1,2025-03-18
5063592,3,0,2026-04-22
5063603,1,0,2025-04-29
5063755,2,0,2025-03-03
5064037,2,0,2025-06-09
5064305,4,4,2026-05-05
5064440,1,0,2026-06-25
5064612,2,2,2026-08-07
5064779,6,5,2025-10-01
5064803,1,0,2025-03-12
5064867,2,1,2026-06-24
5065016,4,0,2026-03-27
5065573,9,8,2026-07-08
5065717,2,1,2025-04-07
5065777,1,0,2026-04-24
5065854,10,0,2026-03-27
5066089,3,1,2026-08-11
5066113,1,0,2025-04-07
5066219,1,1,2026-06-11
5066284,1,0,2026-07-24
5066295,9,1,2026-03-30
5066303,1,1,2026-05-22
5066637,1,0,2026-08-20
5066850,1,0,2025-03-13
5067200,1,0,2026-05-26
5067397,2,2,2025-10-21
5067515,1,0,2026-06-15
5067578,1,0,2025-01-13
5067582,2,1,2025-04-07
5067627,2,0,2026-01-13
5067666,2,2,2026-04-02
5067707,3,3,2025-11-03
5067834,1,1,2025-05-21
5067850,6,2,2025-07-07
5067854,1,1,2026-04-16
5068024,1,0,2026-06-08
5068066,5,3,2025-07-25
5068111,2,0,2025-07-29
5068117,1,0,2026-07-31
5068214,2,0,2025-08-26
5068227,3,2,2026-05-13
5068229,1,0,2026-01-23
5068230,2,2,2025-06-22
5068324,1,0,2026-07-21
5068406,1,0,2026-03-12
5068689,4,3,2025-06-05
5068723,3,2,2026-07-13
5068804,1,0,2025-03-07
5069075,4,1,2026-03-30
5069078,4,3,2025-10-16
5069294,4,4,2026-04-15
5069400,1,0,2026-07-22
5069475,7,6,2026-01-13
5069584,1,0,2025-02-11
5069742,4,4,2026-04-30
5069782,1,0,2026-08-18
5069820,1,1,2026-01-08
5069897,1,0,2025-03-04
5069935,1,0,2025-04-18
5070099,4,2,2026-08-10
5070137,1,0,2025-01-09
5070208,1,0,2026-07-31
5070250,5,2,2026-07-30
5070268,2,0,2025-05-05
5070270,3,0,2025-03-04
5070495,1,0,2025-01-29
5070651,3,0,2026-03-31
5070946,4,0,2026-03-19
5071078,2,2,2026-05-06
5071218,1,1,2025-07-09
5071231,1,0,2025-11-28
5071432,3,1,2026-08-13
5071651,2,0,2025-03-14
5071692,2,0,2026-08-19
5071768,1,0,2026-06-05
5071831,1,0,2026-04-08
5071865,2,0,2026-06-05
5071890,6,6,2026-01-05
5072261,4,1,2025-11-24
5072268,1,0,2025-11-06
5072540,1,0,2026-09-09
5072676,2,0,2025-04-29
5073070,1,0,2026-05-21
5073255,1,0,2026-05-06
5073593,2,0,2025-02-03
5073843,1,0,2025-01-29
5073926,1,0,2025-12-05
5074041,1,1,2026-04-16
5074381,1,0,2025-12-23
5074394,7,1,2026-03-31
5074511,1,0,2026-06-15
5074544,1,0,2026-08-04
5074586,3,0,2026-01-23
5074591,1,0,2026-04-13
5074593,2,1,2026-06-24
5074596,2,0,2026-03-09
5074597,2,0,2026-08-17
5074604,1,0,2026-04-20
5074605,3,0,2026-05-13
5074680,1,0,2025-02-25
5075216,3,1,2026-03-26
5075222,1,1,2026-07-31
5075246,1,0,2025-01-07
5075926,1,0,2026-04-21
5075929,1,0,2026-04-09
5076076,2,1,2026-07-31
5076131,1,0,2026-06-25
5076188,1,0,2026-08-28
5076327,2,2,2025-09-02
5076623,2,1,2025-02-03
5076784,5,5,2025-07-22
5076850,1,0,2025-01-14
5076980,4,4,2025-10-14
5077001,2,0,2026-01-08
5077038,2,1,2025-12-09
5077094,2,0,2025-04-17
5077187,2,0,2026-05-14
5077236,1,0,2026-05-28
5077237,2,2,2026-02-24
5077509,2,0,2026-03-04
5077529,1,0,2025-01-10
5077587,1,0,2026-07-21
5077604,2,1,2026-07-21
5077677,1,0,2026-03-19
5078134,1,0,2026-06-08
5078764,1,0,2026-06-25
5079215,3,1,2025-02-06
5079300,5,5,2025-08-19
5079325,1,0,2025-04-29
5079499,2,1,2026-04-02
5079647,2,0,2025-03-14
5079651,9,1,2026-08-18
5079744,2,0,2025-03-31
5079791,1,0,2025-01-24
5079975,1,0,2025-04-11
5080030,1,0,2026-05-22
5080059,1,0,2025-01-29
5080108,1,0,2025-03-07
5080142,1,0,2026-05-05
5080210,1,0,2025-01-07
5080289,4,3,2026-03-09
5080479,1,1,2025-11-28
5080510,2,2,2025-05-21
5080548,5,5,2025-08-19
5080675,1,1,2025-10-14
5081053,4,0,2026-07-17
5081256,1,1,2026-05-05
5081384,1,1,2026-03-13
5081479,1,0,2026-05-20
5081486,1,0,2025-05-10
5081698,1,0,2025-03-07
5081742,1,0,2026-01-29
5081849,6,5,2026-04-13
5081906,1,0,2026-07-13
5081921,1,0,2026-01-20
5082025,1,0,2026-08-28
5082026,1,0,2025-02-06
5082070,4,4,2025-06-17
5082214,1,0,2026-05-06
5082345,6,0,2026-04-06
5082407,3,0,2026-04-13
5082433,1,0,2026-06-10
5082509,1,0,2025-03-03
5082604,3,1,2026-07-09
5082634,6,0,2026-04-09
5082737,2,0,2025-01-08
5082785,2,0,2026-06-01
5082794,2,1,2025-01-31
5083007,1,0,2026-04-10
5083147,1,0,2025-02-18
5083167,4,4,2025-05-02
5083246,1,1,2025-09-04
5083268,1,1,2026-05-15
5083285,2,2,2025-05-02
5083311,7,0,2026-04-13
5083319,1,0,2026-08-18
5083425,1,0,2026-07-21
5083431,1,0,2026-08-13
5083602,1,0,2026-06-03
5083604,1,0,2025-04-22
5083867,4,2,2026-06-08
5083992,1,0,2026-08-13
5084038,1,1,2025-10-01
5084458,2,0,2025-01-29
5084700,1,0,2026-04-10
5084789,1,1,2025-10-21
5084921,3,3,2026-01-12
5085003,3,2,2025-07-09
5085086,1,1,2025-01-02
5085100,4,0,2025-05-29
5085136,1,0,2026-07-13
5085529,4,4,2025-07-01
5085627,1,0,2026-07-22
5085660,2,1,2026-01-07
5086195,5,2,2026-08-18
5086622,8,8,2026-08-07
5086670,8,7,2026-07-21
5086773,1,0,2025-02-25
5086781,3,0,2026-04-17
5086854,3,3,2026-05-28
5087001,1,0,2025-01-29
5087075,20,16,2026-07-09
5087086,2,0,2025-11-17
5087088,1,0,2026-09-02
5087114,1,0,2026-03-18
5087204,1,0,2025-03-12
5087222,2,0,2025-01-29
5087380,1,1,2025-01-11
5087442,2,2,2025-03-05
5087475,1,0,2026-06-04
5087476,4,4,2026-05-15
5087505,2,0,2025-03-13
5087514,1,1,2026-03-23
5087578,1,0,2026-03-05
5087629,3,3,2026-06-18
5087643,1,0,2026-04-07
5087645,6,5,2026-07-10
5087693,1,1,2026-08-13
5087722,1,1,2026-06-15
5087762,2,0,2026-06-10
5087832,5,2,2026-04-23
5087859,1,0,2025-04-30
5087921,1,0,2025-01-08
5087953,1,1,2026-02-27
5087958,1,0,2026-06-16
5088090,10,0,2026-04-21
5088116,4,4,2026-07-10
5088119,1,1,2026-01-21
5088151,2,2,2026-05-06
5088338,4,3,2026-01-15
5088566,1,0,2026-06-15
5088569,4,3,2025-08-22
5088613,2,0,2026-04-08
5088647,1,0,2026-08-20
5088731,2,0,2026-06-25
5088765,3,3,2025-06-09
5088839,7,7,2026-02-27
5088850,5,4,2026-08-07
5088853,2,0,2026-05-06
5088890,1,0,2025-04-08
5088906,2,2,2025-01-07
5089126,4,3,2026-04-30
5089202,1,0,2026-06-03
5089210,2,1,2025-04-22
5089215,1,1,2026-07-09
5089353,3,1,2025-12-11
5089363,1,0,2025-03-19
5089366,1,0,2025-02-25
5089389,1,0,2025-03-03
5089922,1,0,2026-06-15
5089964,1,0,2026-07-16
5090100,1,0,2026-04-28
5090703,1,0,2026-06-02
5090823,1,1,2026-09-09
5090824,1,1,2026-05-21
5091091,1,0,2026-06-05
5091251,2,0,2025-07-14
5091693,2,0,2025-01-13
5092058,3,2,2026-04-20
5092156,3,0,2025-08-22
5092236,3,2,2025-10-23
5092363,2,1,2026-08-18
5092638,1,0,2026-06-15
5093056,4,4,2026-02-05
5093221,5,4,2026-05-28
5093232,5,3,2026-06-29
5093255,4,2,2026-06-18
5093284,2,0,2025-04-07
5093351,3,1,2025-01-16
5093353,1,0,2025-02-25
5093402,1,0,2025-02-25
5093472,3,1,2026-02-25
5093716,4,3,2025-12-18
5094046,1,0,2026-05-01
5094222,2,0,2025-12-23
5094224,1,0,2025-12-23
5094330,5,4,2025-11-07
5094580,2,1,2025-03-05
5094592,1,0,2025-03-20
5094673,2,0,2026-05-06
5094795,1,0,2025-02-25
5094796,1,0,2025-02-25
5095231,2,1,2025-09-11
5095336,2,2,2025-07-29
5095397,1,1,2025-02-14
5095447,3,0,2025-04-22
5095450,2,1,2025-06-12
5095634,1,0,2026-06-24
5095667,5,5,2025-05-22
5095772,1,0,2025-04-08
5095815,1,0,2025-07-15
5095817,2,1,2025-09-16
5095818,1,0,2025-07-15
5095820,2,2,2025-12-01
5095832,2,1,2026-06-12
5101323,1,0,2025-02-25
5101334,1,0,2025-02-25
5101387,1,0,2025-02-25
5101534,4,2,2025-03-06
5101535,7,7,2025-07-03
5101553,1,1,2026-08-12
5101554,1,1,2026-08-12
5101715,3,0,2026-02-25
5101977,2,0,2025-01-28
5102031,1,1,2025-09-02
5102138,1,0,2025-03-07
5102169,1,0,2025-12-03
5102330,2,0,2025-03-27
5102864,1,0,2025-03-04
5102966,1,0,2026-08-17
5103433,1,0,2025-01-08
5103883,4,4,2025-08-20
5104003,9,4,2026-06-24
5104032,2,1,2026-07-07
5104117,6,0,2025-03-12
5104123,1,1,2025-03-31
5104138,1,1,2026-08-26
5104224,1,0,2025-11-05
5104392,1,0,2026-05-28
5104539,6,4,2026-07-10
5104544,3,2,2025-04-08
5104552,1,1,2025-12-18
5104671,1,0,2025-02-25
5104717,2,0,2026-08-25
5104916,3,2,2026-08-25
5105111,4,2,2026-02-27
5105189,2,0,2025-01-09
5105231,6,6,2025-10-14
5105354,1,0,2026-04-21
5105472,2,2,2026-07-14
5105485,1,1,2025-09-02
5105535,1,0,2026-07-14
5105539,1,0,2026-06-08
5105546,4,0,2026-09-02
5105549,2,0,2026-09-02
5105550,2,0,2025-06-12
5105551,2,0,2026-07-29
5105829,3,3,2026-03-30
5105842,3,2,2025-07-03
5105900,1,0,2026-05-12
5105949,2,0,2026-01-29
5106075,6,6,2026-03-27
5106092,1,0,2025-11-07
5106112,1,0,2025-04-04
5106148,6,5,2026-03-09
5106179,1,0,2025-03-31
5106206,1,0,2025-07-01
5106233,3,0,2026-05-11
5106235,4,1,2026-05-11
5106237,9,5,2026-09-02
5106238,4,4,2026-09-02
5106239,7,0,2026-07-28
5106248,1,0,2025-12-31
5106255,2,0,2025-05-05
5106260,2,0,2025-06-12
5106314,9,3,2026-06-12
5106385,1,0,2026-05-28
5106483,8,0,2026-02-02
5106532,1,0,2025-02-14
5106533,1,0,2025-02-14
5106534,1,0,2025-02-14
5106560,1,1,2026-06-02
5106641,2,2,2025-03-13
5106709,2,1,2025-04-22
5106758,4,2,2026-06-22
5106786,3,2,2026-06-18
5106815,1,0,2025-02-25
5106816,1,0,2025-02-25
5106818,3,1,2026-08-22
5106830,6,2,2026-06-12
5106863,1,0,2025-06-16
5106868,1,0,2026-03-04
5106881,4,4,2026-06-15
5106940,5,5,2026-08-14
5106948,3,0,2026-03-19
5106951,1,1,2025-10-27
5106979,3,0,2026-05-26
5106989,2,1,2026-06-29
5107039,1,0,2025-07-24
5107040,1,0,2025-07-24
5107041,1,0,2025-07-24
5107177,4,0,2025-03-05
5107210,5,0,2026-01-21
5107239,2,0,2025-01-28
5107289,2,0,2025-08-07
5107344,4,4,2026-04-02
5107358,2,2,2026-03-31
5107367,1,0,2026-07-23
5107399,1,0,2025-01-29
5107473,1,0,2026-04-09
5107557,1,0,2025-08-04
5107621,7,1,2026-03-16
5107625,3,1,2025-07-17
5107641,6,6,2025-10-21
5107734,1,0,2026-04-23
5107743,1,0,2025-03-25
5107746,8,1,2026-07-14
5107747,2,0,2026-06-01
5107795,14,10,2026-07-14
5107797,7,6,2026-07-14
5107844,2,0,2025-01-29
5107854,10,0,2026-04-21
5107860,1,0,2025-03-17
5108046,2,0,2025-11-20
5108276,2,2,2026-05-12
5108460,2,2,2026-02-27
5108464,1,1,2025-03-06
5108495,1,0,2025-06-16
5108502,1,1,2025-02-28
5108744,1,0,2025-07-01
5108795,1,0,2025-02-27
5108807,1,0,2025-11-14
5108861,1,0,2025-04-09
5108871,1,0,2025-03-27
5108877,6,4,2026-06-15
5108960,1,1,2025-01-27
5108961,1,1,2025-01-27
5108962,5,4,2025-05-07
5108963,1,1,2025-01-27
5108965,1,1,2025-01-27
5109061,1,0,2025-02-27
5109079,2,1,2025-02-27
5109114,1,1,2026-08-14
5109139,2,1,2025-10-02
5109140,2,0,2026-03-17
5109183,1,0,2025-08-01
5109250,2,1,2025-07-14
5109251,2,1,2026-06-15
5109256,5,3,2026-04-20
5109580,2,0,2026-08-25
5109842,1,0,2025-01-08
5109857,1,0,2025-02-11
5109899,1,0,2026-06-24
5110026,2,1,2026-07-28
5110029,1,0,2025-08-01
5110030,1,1,2025-01-27
5110188,1,0,2025-04-05
5110769,1,0,2025-02-03
5111423,1,0,2025-04-25
5111983,1,0,2025-02-25
5111984,1,0,2025-03-11
5112013,1,0,2026-08-05
5112064,1,1,2026-06-10
5112308,1,1,2025-09-23
5112401,4,1,2026-07-15
5112687,4,0,2026-07-28
5112688,4,1,2026-07-28
5112862,4,4,2026-02-27
5112989,4,2,2026-01-21
5113026,2,2,2026-04-02
5113069,7,0,2026-02-10
5113078,1,0,2025-03-19
5113105,1,0,2025-02-05
5113144,1,1,2025-12-12
5113169,24,2,2026-03-18
5113214,1,1,2025-03-24
5113248,1,0,2026-02-24
5113294,2,2,2026-06-17
5113423,1,0,2026-07-30
5114410,3,1,2026-06-23
5114665,1,0,2025-08-05
5114843,1,0,2025-02-25
5114944,4,3,2026-06-23
5114984,2,1,2025-03-07
5115046,1,0,2025-01-08
5115412,1,0,2026-06-16
5115483,2,2,2026-06-17
5115602,2,2,2025-06-11
5115677,1,0,2026-05-28
5115747,1,1,2026-05-12
5115939,1,0,2026-03-19
5116087,2,0,2025-09-10
5116088,1,0,2025-10-14
5116279,1,1,2025-11-24
5116285,1,0,2026-06-11
5116328,2,1,2026-07-06
5116490,1,0,2026-05-21
5116655,3,2,2026-03-09
5116656,1,1,2025-02-28
5116730,3,2,2026-07-07
5116809,1,0,2025-02-25
5117027,1,0,2025-02-25
5117028,1,0,2025-02-25
5117080,4,3,2026-06-16
5117081,1,0,2025-02-25
5117085,1,0,2025-02-25
5117086,1,0,2025-02-25
5117288,1,0,2026-07-17
5117411,5,2,2026-07-21
5117582,1,0,2026-07-22
5117584,1,0,2026-07-22
5118332,1,0,2026-02-13
5119510,1,0,2026-04-02
5119520,3,3,2025-08-16
5119953,1,0,2025-03-11
5121542,1,0,2025-11-12
5121669,1,0,2025-02-25
5122282,1,0,2025-02-25
5122328,1,0,2025-02-25
5122470,1,1,2026-08-04
5122526,1,0,2025-02-25
5122671,1,0,2026-03-25
5122858,1,0,2025-08-06
5122935,1,0,2025-04-04
5122936,1,0,2025-04-04
5122937,1,0,2025-04-04
5122938,1,0,2025-04-04
5122939,1,0,2025-04-04
5122940,1,0,2025-04-04
5123015,3,2,2026-07-15
5123097,1,0,2026-08-26
5123264,1,0,2025-11-17
5123277,1,1,2026-05-06
5123310,2,2,2026-08-25
5123353,1,0,2026-04-21
5123438,1,0,2026-06-03
5123839,1,1,2025-03-07
5123970,4,0,2026-04-16
5123993,1,1,2026-07-28
5124311,2,2,2026-06-18
5124395,2,0,2026-05-21
5124631,1,0,2025-02-07
5124881,3,2,2026-06-29
5124974,3,3,2025-08-21
5125002,1,1,2026-02-09
5125051,1,0,2025-04-14
5125115,1,1,2025-01-13
5125253,1,0,2025-05-01
5125278,3,2,2025-03-24
5125290,1,0,2025-03-18
5125412,2,0,2025-07-01
5125416,1,0,2025-07-01
5125603,1,1,2026-07-30
5125620,1,0,2025-03-18
5125691,5,2,2026-07-31
5125874,3,0,2026-05-01
5125967,2,0,2025-08-26
5126028,1,0,2025-04-03
5126080,5,1,2025-01-29
5126483,1,0,2025-01-07
5126978,1,0,2025-10-22
5127083,9,5,2025-11-12
5127229,2,0,2026-03-16
5127230,1,0,2025-03-03
5127308,1,1,2025-03-05
5127848,3,2,2025-10-16
5127945,1,0,2025-03-03
5128063,6,5,2026-03-13
5128148,1,1,2026-04-14
5128346,1,0,2026-04-28
5128378,1,1,2026-03-11
5128558,1,0,2026-05-13
5128781,1,0,2025-12-29
5128998,1,0,2025-02-25
5129146,5,5,2025-02-10
5129221,1,0,2026-04-02
5129319,1,0,2025-11-21
5129366,1,0,2025-10-16
5129367,1,0,2025-10-16
5129449,1,0,2025-03-12
5129549,5,5,2026-08-25
5129595,2,0,2025-05-22
5129634,2,0,2026-06-15
5129635,1,0,2026-03-26
5129727,1,0,2025-02-25
5129881,1,0,2025-02-25
5129942,1,0,2025-02-25
5130179,5,4,2025-05-24
5130401,1,0,2025-02-25
5130449,1,0,2026-04-08
5130455,1,0,2026-02-17
5130512,2,0,2026-04-01
5130906,2,1,2025-04-24
5131120,1,0,2026-02-17
5131363,1,0,2026-02-06
5131393,1,0,2026-06-22
5131481,1,0,2025-02-25
5131482,1,0,2025-02-25
5131545,1,0,2026-02-17
5131697,10,0,2026-04-17
5132316,4,4,2026-06-24
5132419,3,2,2026-07-06
5132572,2,0,2026-06-05
5132729,3,2,2025-10-02
5133004,1,0,2025-03-04
5133079,1,0,2025-02-25
5133700,1,0,2025-03-07
5133723,2,0,2025-06-12
5133906,1,0,2025-03-12
5134142,4,2,2025-07-01
5134171,1,0,2026-03-17
5134448,1,0,2026-02-24
5134472,1,0,2025-09-30
5134681,1,1,2025-07-09
5134950,1,0,2025-04-28
5135072,2,1,2026-06-10
5135203,1,0,2025-02-25
5135512,1,0,2026-04-10
5135533,2,1,2025-11-21
5135889,1,0,2025-11-18
5135891,1,0,2026-08-27
5136117,1,0,2025-03-05
5136135,1,0,2026-03-20
5136154,1,0,2025-02-25
5136586,3,3,2025-08-25
5137929,1,0,2026-06-26
5138375,1,1,2025-07-25
5138703,1,0,2025-03-10
5138719,3,3,2026-08-11
5138835,1,0,2026-01-23
5138855,2,1,2026-04-07
5140950,1,0,2026-01-07
5141434,2,2,2026-02-05
5141597,3,3,2026-03-31
5141703,1,0,2025-07-01
5141858,3,1,2025-01-23
5142307,1,0,2026-04-10
5142309,1,0,2025-01-29
5142435,1,1,2025-05-08
5142497,1,1,2026-07-21
5143097,1,0,2025-02-25
5143134,1,1,2026-01-04
5143144,1,1,2025-03-17
5143206,1,1,2026-06-30
5143223,1,1,2025-12-18
5143704,2,2,2026-03-24
5144271,1,0,2026-06-05
5144418,2,1,2026-07-17
5144911,1,1,2025-11-19
5145147,1,1,2025-11-28
5145457,1,0,2025-04-22
5145698,2,0,2026-03-04
5145883,1,0,2025-02-25
5145904,2,0,2025-03-25
5145971,1,0,2026-04-08
5146040,1,0,2025-04-29
5146303,1,0,2025-07-01
5146385,1,1,2025-02-16
5146401,1,0,2025-07-22
5146639,18,2,2026-03-20
5146674,1,0,2025-05-15
5147159,2,0,2026-03-18
5147346,1,0,2025-02-25
5147350,2,0,2026-01-16
5147411,3,0,2025-11-06
5147571,2,2,2025-05-05
5147575,1,0,2026-04-17
5147793,2,0,2026-04-23
5148241,1,0,2025-01-08
5148424,1,0,2026-07-09
5148572,3,1,2026-08-07
5148599,1,0,2025-02-25
5148600,1,0,2025-02-25
5148703,2,2,2025-10-21
5148983,1,0,2025-02-25
5149055,1,1,2025-02-05
5149081,1,0,2025-07-22
5149121,1,0,2025-02-25
5149419,1,0,2025-02-25
5149421,1,0,2025-02-25
5149609,3,2,2025-12-09
5149611,2,0,2025-01-06
5149699,1,1,2025-05-01
5150008,1,0,2026-08-19
5150366,1,0,2026-07-13
5150383,1,0,2025-02-28
5150596,1,0,2025-02-25
5151191,13,2,2026-08-25
5151294,1,1,2025-02-27
5151334,2,0,2025-03-31
5151359,1,1,2025-03-21
5151369,1,0,2025-04-29
5151454,1,0,2026-08-11
5151463,3,2,2026-07-15
5151464,2,2,2026-07-15
5151633,2,0,2025-11-21
5151733,2,1,2025-09-23
5151735,1,0,2025-04-28
5151764,2,2,2025-08-22
5151908,1,1,2025-01-22
5151937,1,0,2026-04-27
5152138,1,0,2025-12-24
5152206,1,0,2025-02-25
5152480,4,3,2025-11-17
5152656,1,0,2025-11-07
5152664,1,0,2026-04-30
5153001,1,0,2025-02-25
5153091,2,1,2025-02-03
5153620,3,0,2026-02-12
5153691,1,0,2026-04-07
5153773,1,0,2025-12-03
5154432,5,3,2026-09-01
5154526,2,1,2026-02-03
5154582,1,0,2025-02-25
5154649,1,0,2025-02-25
5154650,1,0,2025-02-25
5154711,1,0,2026-07-27
5154899,1,0,2025-03-04
5155099,1,0,2025-04-01
5155173,2,1,2025-05-06
5155225,3,3,2025-08-05
5155366,4,2,2026-07-23
5155397,2,0,2025-01-08
5155401,1,0,2025-02-25
5155428,1,0,2025-02-25
5155560,1,1,2025-08-08
5156164,1,0,2025-02-04
5156240,1,0,2025-05-08
5156610,3,0,2026-02-22
5157034,6,6,2026-05-26
5157158,3,3,2025-05-06
5157636,1,0,2026-05-05
5157672,1,0,2025-08-25
5157751,1,1,2026-07-09
5158042,4,1,2026-06-22
5158047,1,0,2025-02-25
5158059,5,3,2026-01-14
5158279,7,3,2026-02-19
5158286,1,0,2026-07-06
5158645,1,0,2026-08-18
5158758,1,0,2026-04-15
5158855,1,0,2025-02-25
5158856,1,0,2025-02-25
5158857,1,0,2025-02-25
5158858,1,0,2025-02-25
5158859,1,0,2025-02-25
5158860,1,0,2025-02-25
5158861,1,0,2025-02-25
5158862,1,0,2025-02-25
5158863,2,0,2025-08-14
5158864,2,0,2025-08-14
5158865,2,0,2025-08-14
5158866,2,0,2025-08-14
5158867,1,0,2025-02-25
5158868,1,0,2025-02-25
5158869,1,0,2025-02-25
5158870,1,0,2025-02-25
5158871,1,0,2025-02-25
5158872,1,0,2025-02-25
5158873,1,0,2025-02-25
5158874,1,0,2025-02-25
5158875,1,0,2025-02-25
5158876,1,0,2025-02-25
5158896,1,0,2025-03-14
5158986,2,0,2026-05-11
5159192,4,3,2026-08-04
5159224,1,0,2025-02-25
5159543,4,2,2026-07-15
5159571,1,0,2026-01-05
5159763,1,0,2026-02-10
5161159,1,1,2025-09-17
5161355,1,1,2025-02-11
5161373,3,0,2025-03-11
5161878,1,0,2025-02-25
5161880,1,0,2025-02-25
5161970,2,2,2025-11-17
5162810,1,1,2026-05-22
5163148,8,6,2026-02-27
5163453,2,1,2025-05-22
5163454,1,1,2025-03-20
5163458,4,2,2026-07-16
5163844,3,2,2025-07-29
5164404,2,2,2025-09-29
5164512,2,2,2026-03-03
5164631,1,0,2026-01-16
5164780,2,0,2025-11-24
5165037,1,0,2026-05-20
5165063,1,0,2025-08-14
5165120,1,0,2026-01-16
5165127,1,0,2025-11-05
5165198,8,4,2025-09-13
5165269,1,0,2025-02-25
5166051,1,0,2025-02-25
5166196,1,0,2025-02-25
5166355,8,0,2025-04-30
5166356,5,0,2026-02-27
5166363,1,0,2025-01-29
5166562,1,0,2025-08-20
5166642,1,0,2025-03-13
5167174,1,0,2026-08-19
5167682,1,0,2026-08-25
5167804,1,0,2025-07-10
5168059,1,1,2026-07-15
5168185,7,5,2025-12-19
5168587,2,2,2025-02-03
5168685,1,0,2025-01-24
5168787,1,0,2026-05-22
5169060,3,0,2025-04-01
5169142,1,1,2025-12-18
5169518,1,0,2025-10-29
5169666,1,1,2025-04-30
5169688,1,0,2025-03-25
5169826,1,0,2025-06-21
5169844,4,0,2025-12-29
5169868,2,0,2025-01-10
5170161,2,1,2026-03-24
5170220,3,1,2026-04-08
5170291,2,2,2026-05-04
5170299,4,0,2026-07-10
5170611,2,1,2026-04-16
5170633,4,3,2026-08-21
5170641,1,0,2026-01-30
5170689,1,0,2026-08-19
5170701,2,2,2025-01-24
5170889,2,0,2026-03-19
5170926,1,0,2026-05-18
5170942,1,0,2025-02-27
5170998,1,1,2025-04-17
5171080,2,2,2026-07-29
5171159,4,2,2026-06-17
5171398,1,0,2026-03-04
5171399,1,0,2026-03-04
5171567,1,0,2025-03-03
5171653,5,1,2025-12-03
5171778,5,4,2025-01-23
5171781,3,0,2025-01-29
5171816,3,1,2025-03-31
5171887,1,0,2025-01-08
5171942,1,0,2025-12-19
5171950,1,0,2025-02-25
5171981,1,0,2025-03-13
5172004,1,0,2026-08-30
5172149,4,0,2026-09-01
5172198,4,0,2025-11-21
5174435,1,0,2025-05-23
5174636,1,0,2026-01-09
5174674,1,1,2025-07-24
5174675,6,1,2026-02-17
5174778,2,0,2025-07-31
5174894,1,0,2025-02-11
5174896,1,0,2026-04-13
5175048,2,0,2025-03-12
5175050,1,0,2025-06-13
5175064,5,2,2025-11-03
5175065,4,1,2025-03-27
5175066,1,0,2025-02-12
5175098,1,0,2026-06-24
5175162,1,1,2026-04-30
5175193,1,0,2025-09-24
5175194,2,0,2026-06-11
5175195,1,0,2025-01-07
5175236,6,2,2026-08-08
5175245,1,0,2025-07-10
5175288,1,0,2026-04-24
5175297,1,0,2025-02-26
5175378,1,1,2026-06-04
5175380,4,3,2025-01-16
5175422,1,1,2025-03-18
5175450,2,1,2025-07-17
5175462,1,1,2025-01-18
5175464,1,0,2025-01-29
5175480,3,1,2025-09-11
5175623,1,0,2025-05-20
5175634,1,0,2025-03-05
5175673,6,0,2025-03-13
5175675,6,0,2025-08-22
5175739,1,0,2025-03-27
5175844,3,1,2026-02-13
5175904,5,2,2025-10-10
5175948,1,0,2025-10-23
5175949,2,0,2025-11-03
5175958,1,1,2026-04-15
5175959,1,0,2025-12-30
5175968,1,0,2025-11-28
5175978,6,1,2026-09-09
5175979,2,0,2026-04-23
5176035,2,0,2025-08-04
5176039,2,0,2025-06-23
5176060,1,0,2025-02-13
5176150,1,0,2026-07-24
5176151,2,0,2026-07-24
5176179,3,0,2025-11-12
5176187,1,0,2026-02-18
5176188,1,0,2026-02-27
5176237,2,2,2026-08-08
5176252,2,1,2025-04-10
5176254,2,1,2025-04-17
5176255,3,0,2025-07-29
5176261,4,2,2025-03-12
5176289,3,2,2026-07-15
5176295,2,0,2025-08-20
5176299,1,0,2025-02-18
5176300,4,0,2025-03-05
5176305,9,3,2025-03-20
5176306,2,0,2025-12-05
5176335,4,2,2026-02-08
5176341,1,0,2026-01-09
5176385,7,3,2025-09-26
5176387,1,0,2025-04-01
5176390,1,0,2025-04-01
5176393,1,1,2025-01-22
5176394,1,1,2025-01-22
5176395,6,3,2026-05-13
5176513,1,0,2025-07-25
5176524,2,1,2025-09-24
5176541,1,0,2025-01-20
5176546,7,1,2025-09-24
5176547,1,0,2025-07-25
5176550,2,1,2025-03-18
5176564,2,0,2026-06-14
5176587,1,0,2025-11-21
5176596,4,2,2026-07-15
5176613,1,1,2025-07-31
5176623,3,2,2026-04-06
5176643,4,2,2025-10-11
5176685,1,1,2025-01-18
5176706,1,1,2025-04-30
5176709,2,0,2026-05-13
5176721,2,1,2025-09-12
5176729,1,0,2025-01-28
5176748,4,1,2026-01-21
5176770,1,0,2025-11-05
5176772,1,0,2025-01-31
5176774,1,1,2025-03-13
5176777,1,1,2025-05-16
5176778,2,0,2025-07-01
5176798,1,0,2025-02-07
5176800,1,1,2025-02-07
5176826,1,1,2025-03-21
5176827,1,1,2025-03-21
5176828,4,2,2026-07-15
5176836,1,0,2025-03-13
5176881,1,0,2025-11-25
5176888,1,0,2026-06-18
5176897,1,0,2025-04-02
5176898,1,0,2025-05-15
5176907,4,1,2026-06-08
5176913,1,0,2025-05-28
5176916,2,1,2026-02-22
5176927,1,1,2025-08-26
5176956,3,2,2025-11-24
5176979,2,0,2026-02-11
5176981,2,0,2026-02-11
5176982,1,0,2026-01-06
5176983,1,0,2026-01-06
5177030,6,3,2025-08-04
5177038,1,0,2026-07-07
5177039,1,0,2026-07-07
5177049,1,1,2025-08-14
5177058,2,1,2025-09-02
5177062,1,0,2026-07-07
5177082,2,2,2025-10-02
5177092,2,0,2026-03-20
5177093,2,0,2026-03-20
5177119,2,2,2026-01-12
5177120,2,1,2026-03-11
5177138,1,0,2026-05-20
5177147,1,0,2026-05-05
5177149,1,0,2025-01-25
5177156,1,0,2026-08-17
5177157,1,0,2026-08-17
5177168,1,1,2026-01-08
5177169,1,1,2026-01-08
5177176,1,0,2026-08-31
5177263,2,0,2026-02-03
5177267,3,1,2026-04-28
5177268,9,3,2026-06-16
5177335,1,0,2025-05-20
5177354,1,1,2026-08-06
5177446,1,0,2026-07-14
5177447,1,0,2026-07-14
5177448,1,0,2026-06-24
5177513,1,1,2025-10-01
5177580,4,2,2026-08-13
5177716,3,3,2025-04-09
5801162,2,1,2026-08-11
5801182,3,1,2026-08-17
5801601,2,0,2025-08-21
5803169,1,0,2026-02-02
5804291,1,1,2026-08-11
5807840,1,0,2026-02-08
5812877,1,1,2025-03-11
5812897,2,0,2025-10-16
5816108,2,0,2025-01-06
5816152,1,0,2026-01-28
5816300,16,7,2026-04-17
5817300,2,1,2025-03-27
5817302,2,2,2026-03-03
5817787,2,2,2026-03-09
5818417,1,0,2025-04-03
5819386,2,0,2026-04-13
5820824,1,0,2025-08-21
5852360,2,0,2025-10-30
5857132,2,0,2025-01-06
5857915,1,0,2025-01-08
5860218,1,0,2025-04-10
5862737,4,1,2026-02-24
5862881,1,0,2025-07-15
5869714,3,0,2025-03-10
5870686,1,1,2025-03-21
5870687,2,2,2025-03-31
5870688,2,2,2025-04-11
5870710,2,1,2026-03-02
5870902,1,1,2025-09-03
5871468,1,1,2026-09-01
